Unity Editor version:    2022.3.11f1 (d00248457e15)
Branch:                  2022.3/staging
Build type:              Release
Batch mode:              YES
macOS version:           Version 14.5 (Build 23F79)
Darwin version:          23.5.0
Architecture:            arm64
Running under Rosetta:   NO
Available memory:        16384 MB
Using pre-set license
Pro License: YES

COMMAND LINE ARGUMENTS:
/Applications/Unity/Hub/Editor/2022.3.11f1/Unity.app/Contents/MacOS/Unity
-adb2
-batchMode
-noUpm
-name
AssetImportWorker1
-projectPath
/Users/jojoa/Desktop/GameProjects/Unity/TaxiDriver/Taxi_Driver_MobGame
-logFile
Logs/AssetImportWorker1.log
-srvPort
51695
Successfully changed project path to: /Users/jojoa/Desktop/GameProjects/Unity/TaxiDriver/Taxi_Driver_MobGame
/Users/jojoa/Desktop/GameProjects/Unity/TaxiDriver/Taxi_Driver_MobGame
[UnityMemory] Configuration Parameters - Can be set up in boot.config
    "memorysetup-bucket-allocator-granularity=16"
    "memorysetup-bucket-allocator-bucket-count=8"
    "memorysetup-bucket-allocator-block-size=33554432"
    "memorysetup-bucket-allocator-block-count=8"
    "memorysetup-main-allocator-block-size=16777216"
    "memorysetup-thread-allocator-block-size=16777216"
    "memorysetup-gfx-main-allocator-block-size=16777216"
    "memorysetup-gfx-thread-allocator-block-size=16777216"
    "memorysetup-cache-allocator-block-size=4194304"
    "memorysetup-typetree-allocator-block-size=2097152"
    "memorysetup-profiler-bucket-allocator-granularity=16"
    "memorysetup-profiler-bucket-allocator-bucket-count=8"
    "memorysetup-profiler-bucket-allocator-block-size=33554432"
    "memorysetup-profiler-bucket-allocator-block-count=8"
    "memorysetup-profiler-allocator-block-size=16777216"
    "memorysetup-profiler-editor-allocator-block-size=1048576"
    "memorysetup-temp-allocator-size-main=16777216"
    "memorysetup-job-temp-allocator-block-size=2097152"
    "memorysetup-job-temp-allocator-block-size-background=1048576"
    "memorysetup-job-temp-allocator-reduction-small-platforms=262144"
    "memorysetup-allocator-temp-initial-block-size-main=262144"
    "memorysetup-allocator-temp-initial-block-size-worker=262144"
    "memorysetup-temp-allocator-size-background-worker=32768"
    "memorysetup-temp-allocator-size-job-worker=262144"
    "memorysetup-temp-allocator-size-preload-manager=33554432"
    "memorysetup-temp-allocator-size-nav-mesh-worker=65536"
    "memorysetup-temp-allocator-size-audio-worker=65536"
    "memorysetup-temp-allocator-size-cloud-worker=32768"
    "memorysetup-temp-allocator-size-gi-baking-worker=262144"
    "memorysetup-temp-allocator-size-gfx=262144"
Player connection [8263912448] Host "[IP] 10.16.96.55 [Port] 0 [Flags] 2 [Guid] 2529121387 [EditorId] 2529121387 [Version] 1048832 [Id] OSXEditor(0,Jojos-MacBook-Pro.local) [Debug] 1 [PackageName] OSXEditor [ProjectName] Editor" joined multi-casting on [225.0.0.222:54997]...

Player connection [8263912448] Host "[IP] 10.16.96.55 [Port] 0 [Flags] 2 [Guid] 2529121387 [EditorId] 2529121387 [Version] 1048832 [Id] OSXEditor(0,Jojos-MacBook-Pro.local) [Debug] 1 [PackageName] OSXEditor [ProjectName] Editor" joined alternative multi-casting on [225.0.0.222:34997]...

[Physics::Module] Initialized MultithreadedJobDispatcher with 7 workers.
Refreshing native plugins compatible for Editor in 4.03 ms, found 2 plugins.
Preloading 0 native plugins for Editor in 0.00 ms.
Initialize engine version: 2022.3.11f1 (d00248457e15)
[Subsystems] Discovering subsystems at path /Applications/Unity/Hub/Editor/2022.3.11f1/Unity.app/Contents/Resources/UnitySubsystems
[Subsystems] Discovering subsystems at path /Users/jojoa/Desktop/GameProjects/Unity/TaxiDriver/Taxi_Driver_MobGame/Assets
GfxDevice: creating device client; threaded=0; jobified=0
 preferred device: Apple M1 (high power)
Metal devices available: 1
0: Apple M1 (high power)
Using device Apple M1 (high power)
Initializing Metal device caps: Apple M1
Initialize mono
Mono path[0] = '/Applications/Unity/Hub/Editor/2022.3.11f1/Unity.app/Contents/Managed'
Mono path[1] = '/Applications/Unity/Hub/Editor/2022.3.11f1/Unity.app/Contents/MonoBleedingEdge/lib/mono/unityjit-macos'
Mono config path = '/Applications/Unity/Hub/Editor/2022.3.11f1/Unity.app/Contents/MonoBleedingEdge/etc'
Using monoOptions --debugger-agent=transport=dt_socket,embedding=1,server=y,suspend=n,address=127.0.0.1:56648
Begin MonoManager ReloadAssembly
Registering precompiled unity dll's ...
Register platform support module: /Applications/Unity/Hub/Editor/2022.3.11f1/PlaybackEngines/WebGLSupport/UnityEditor.WebGL.Extensions.dll
Register platform support module: /Applications/Unity/Hub/Editor/2022.3.11f1/Unity.app/Contents/PlaybackEngines/MacStandaloneSupport/UnityEditor.OSXStandalone.Extensions.dll
Register platform support module: /Applications/Unity/Hub/Editor/2022.3.11f1/PlaybackEngines/iOSSupport/UnityEditor.iOS.Extensions.dll
Register platform support module: /Applications/Unity/Hub/Editor/2022.3.11f1/PlaybackEngines/AppleTVSupport/UnityEditor.AppleTV.Extensions.dll
Register platform support module: /Applications/Unity/Hub/Editor/2022.3.11f1/PlaybackEngines/WindowsStandaloneSupport/UnityEditor.WindowsStandalone.Extensions.dll
Registered in 0.002548 seconds.
- Loaded All Assemblies, in  0.342 seconds
Native extension for WindowsStandalone target not found
[usbmuxd] Start listen thread
[usbmuxd] Listen thread started
[usbmuxd] Send listen message
Native extension for AppleTV target not found
Native extension for iOS target not found
Native extension for OSXStandalone target not found
Native extension for WebGL target not found
Mono: successfully reloaded assembly
- Finished resetting the current domain, in  0.330 seconds
Domain Reload Profiling: 672ms
	BeginReloadAssembly (74ms)
		ExecutionOrderSort (0ms)
		DisableScriptedObjects (0ms)
		BackupInstance (0ms)
		ReleaseScriptingObjects (0ms)
		CreateAndSetChildDomain (1ms)
	RebuildCommonClasses (41ms)
	RebuildNativeTypeToScriptingClass (13ms)
	initialDomainReloadingComplete (48ms)
	LoadAllAssembliesAndSetupDomain (166ms)
		LoadAssemblies (73ms)
		RebuildTransferFunctionScriptingTraits (0ms)
		AnalyzeDomain (165ms)
			TypeCache.Refresh (163ms)
				TypeCache.ScanAssembly (148ms)
			ScanForSourceGeneratedMonoScriptInfo (0ms)
			ResolveRequiredComponents (0ms)
	FinalizeReload (330ms)
		ReleaseScriptCaches (0ms)
		RebuildScriptCaches (0ms)
		SetupLoadedEditorAssemblies (265ms)
			LogAssemblyErrors (0ms)
			InitializePlatformSupportModulesInManaged (97ms)
			SetLoadedEditorAssemblies (6ms)
			RefreshPlugins (0ms)
			BeforeProcessingInitializeOnLoad (2ms)
			ProcessInitializeOnLoadAttributes (117ms)
			ProcessInitializeOnLoadMethodAttributes (43ms)
			AfterProcessingInitializeOnLoad (0ms)
			EditorAssembliesLoaded (0ms)
		ExecutionOrderSort2 (0ms)
		AwakeInstancesAfterBackupRestoration (0ms)
========================================================================
Worker process is ready to serve import requests
Begin MonoManager ReloadAssembly
- Loaded All Assemblies, in  0.835 seconds
Refreshing native plugins compatible for Editor in 1.84 ms, found 2 plugins.
Native extension for WindowsStandalone target not found
Native extension for AppleTV target not found
Native extension for iOS target not found
Native extension for OSXStandalone target not found
Native extension for WebGL target not found
Mono: successfully reloaded assembly
- Finished resetting the current domain, in  0.763 seconds
Domain Reload Profiling: 1598ms
	BeginReloadAssembly (133ms)
		ExecutionOrderSort (0ms)
		DisableScriptedObjects (5ms)
		BackupInstance (0ms)
		ReleaseScriptingObjects (0ms)
		CreateAndSetChildDomain (29ms)
	RebuildCommonClasses (49ms)
	RebuildNativeTypeToScriptingClass (15ms)
	initialDomainReloadingComplete (40ms)
	LoadAllAssembliesAndSetupDomain (598ms)
		LoadAssemblies (276ms)
		RebuildTransferFunctionScriptingTraits (0ms)
		AnalyzeDomain (383ms)
			TypeCache.Refresh (357ms)
				TypeCache.ScanAssembly (326ms)
			ScanForSourceGeneratedMonoScriptInfo (16ms)
			ResolveRequiredComponents (8ms)
	FinalizeReload (763ms)
		ReleaseScriptCaches (0ms)
		RebuildScriptCaches (0ms)
		SetupLoadedEditorAssemblies (510ms)
			LogAssemblyErrors (0ms)
			InitializePlatformSupportModulesInManaged (35ms)
			SetLoadedEditorAssemblies (7ms)
			RefreshPlugins (0ms)
			BeforeProcessingInitializeOnLoad (87ms)
			ProcessInitializeOnLoadAttributes (360ms)
			ProcessInitializeOnLoadMethodAttributes (20ms)
			AfterProcessingInitializeOnLoad (1ms)
			EditorAssembliesLoaded (0ms)
		ExecutionOrderSort2 (0ms)
		AwakeInstancesAfterBackupRestoration (4ms)
Launching external process: /Applications/Unity/Hub/Editor/2022.3.11f1/Unity.app/Contents/Tools/UnityShaderCompiler
Launched and connected shader compiler UnityShaderCompiler after 0.05 seconds
Refreshing native plugins compatible for Editor in 1.16 ms, found 2 plugins.
Preloading 0 native plugins for Editor in 0.00 ms.
Unloading 3172 Unused Serialized files (Serialized files now loaded: 0)
Unloading 30 unused Assets / (51.4 KB). Loaded Objects now: 3634.
Memory consumption went from 131.3 MB to 131.3 MB.
Total: 3.473500 ms (FindLiveObjects: 0.136750 ms CreateObjectMapping: 0.062459 ms MarkObjects: 3.153875 ms  DeleteObjects: 0.119417 ms)

AssetImportParameters requested are different than current active one (requested -> active):
  custom:scripting/monoscript/fileName/GlobalTextEffectEntry.cs: c33c6024380cd43b3456fe6aea6f41ce -> 
  custom:scripting/monoscript/fileName/FoldBoxAttribute.cs: 66ff91a3485d06d36b8511fad6212f92 -> 
  custom:container-demuxer-ogg: 62fdf1f143b41e24485cea50d1cbac27 -> 
  custom:scripting/monoscript/fileName/MyDebug.cs: f3faef2d00c537158ab87ca513b25292 -> 
  custom:scripting/monoscript/fileName/MinMax.cs: 1c24b444ecff0bdeaf87d2edcb9d5029 -> 
  custom:scripting/monoscript/fileName/EditorDocumentation.cs: 934fb06e6a0b5b2798793a45828d3d5f -> 
  custom:scripting/monoscript/fileName/Effect_PerVertex.cs: 3f70f7fc3d4f9bfb1e10cd5e53684ee7 -> 
  custom:video-decoder-ogg-theora: a1e56fd34408186e4bbccfd4996cb3dc -> 
  custom:scripting/monoscript/fileName/MySerializedProperty.cs: 782cc9e912ef11023f0b93b5cae175e2 -> 
  custom:scripting/monoscript/fileName/CompositeEffectEditor.cs: 271d2f481fc4dff6734c055f2943e5d2 -> 
  custom:scripting/monoscript/fileName/TextEffect_Base.cs: 1b9a39eb3f7eb4d420cb56ed888ca97e -> 
  custom:scripting/monoscript/fileName/Effect_Scale.cs: 24350027199be1e1c520c27be9f8fbb9 -> 
  custom:scripting/monoscript/fileName/Effect_Color.cs: f5bc93c86b81ba37fa611632e3ecfb7f -> 
  custom:scripting/monoscript/fileName/Effect_Composite.cs: f3f7d32be82537fa78159e8943c1f1a7 -> 
  custom:CustomObjectIndexerAttribute: 756ad292c208cfabdd7b50bc23989ffe -> 
  custom:scripting/monoscript/fileName/TextEffectInstance.cs: 8d710191666e5c8cce9c6d33f66fafeb -> 
  custom:container-demuxer-webm: 4f35f7cbe854078d1ac9338744f61a02 -> 
  custom:scripting/monoscript/fileName/ButtonMethodAttribute.cs: cf389342635f998ab935cfcb5ae933df -> 
  custom:scripting/monoscript/fileName/ToggleDocAttribute.cs: d3c69a3f433376abbde86a297f4193a9 -> 
  custom:scripting/monoscript/fileName/MyHandles.cs: cc579ce2a9f371e54e4420275e0ac078 -> 
  custom:scripting/monoscript/fileName/ConditionalUtility.cs: 1205d2bd05e1eefe510065c234dd0f0e -> 
  custom:scripting/monoscript/fileName/MyCommonConstants.cs: afab7efaf9564dc9a7324c32dd196775 -> 
  custom:scripting/monoscript/fileName/CustomDrawerUtility.cs: 4fd84f09df56fbc0319d9bd7f922e98c -> 
  custom:container-muxer-webm: aa71ff27fc2769a1b78a27578f13a17b -> 
  custom:video-decoder-webm-vp8: 9c59270c3fd7afecdb556c50c9e8de78 -> 
  custom:SearchIndexIgnoredProperties: e643bd26f0fe6173181afceb89e7c659 -> 
  custom:AudioImporter_EditorPlatform: 3918e3fc78b5a79bad01e8451be0beb8 -> 
  custom:scripting/monoscript/fileName/ToggleDocAttributeDrawer.cs: e106f856849e4750d3809a4f241b1be2 -> 
  custom:scripting/monoscript/fileName/TextEffectEditor.cs: d3d8a1e5c2004b60d32f761eb093cf1b -> 
  custom:scripting/monoscript/fileName/MyColor.cs: 11671538b011fd3f337af43bc02e0c13 -> 
  custom:scripting/monoscript/fileName/AttributeBase.cs: d4cbb11724ea712d431b5cd07124907e -> 
  custom:scripting/monoscript/fileName/FoldBoxAttributeDrawer.cs: 7cddfc9687649703e6a68527865794bc -> 
  custom:scripting/monoscript/fileName/ConditionalFieldAttribute.cs: e6d9fd24956977713db9ec59b2642d84 -> 
  custom:scripting/monoscript/fileName/Effect_Move.cs: ef5516b861ddd6742709a32c4d74ed0d -> 
  custom:framework-osx-AVFoundation: e770b220cccbd017edd2c1fefb359320 -> 
  custom:scripting/monoscript/fileName/MyAlgorithms.cs: af94dca5879ebeadb102964fe2ba4c2c -> 
  custom:scripting/monoscript/fileName/TagEffectsPreset.cs: 7660331b4e5025a0b81c1733075d5b78 -> 
  custom:scripting/monoscript/fileName/Effect_Rotate.cs: ffdcc32648b4f2ece65aebb867cbbb0e -> 
  custom:video-encoder-webm-vp8: eb34c28f22e8b96e1ab97ce403110664 -> 
  custom:audio-decoder-ogg-vorbis: bf7c407c2cedff20999df2af8eb42d56 -> 
  custom:scripting/monoscript/fileName/WarningsPool.cs: fe4fa1866c40657be6a51b3604c9b41a -> 
  custom:scripting/monoscript/fileName/MyString.cs: 37ddb2560db549b377c16ed27598cb79 -> 
  custom:scripting/monoscript/fileName/TextEffectStatus.cs: 0d9a417212ada6670935a5511afc12b9 -> 
  custom:scripting/monoscript/fileName/TextEffect.cs: b3399054379a13f493415819f2b26d02 -> 
  custom:scripting/monoscript/fileName/MinMaxRangeAttribute.cs: 290170215b5b7bdd3fb5340a79339fb0 -> 
  custom:scripting/monoscript/fileName/AttributeBaseDrawer.cs: 26c86ce1d32ef473ff54fac3b3f34384 -> 
  custom:scripting/monoscript/fileName/ConditionalData.cs: 31d8359f80de1f6456e27c8f052f735f -> 
  custom:scripting/monoscript/fileName/CollectionWrapper.cs: 1d692121383b052bc3c42bd312cb03d9 -> 
  custom:audio-encoder-webm-vorbis: bf7c407c2cedff20999df2af8eb42d56 -> 
  custom:scripting/monoscript/fileName/TimeUtil.cs: f1db10614389fe8436f67f4138e33eab -> 
  custom:scripting/monoscript/fileName/MyCollections.cs: 1573b6e8eec6809de8e4f734cd42ac53 -> 
  custom:scripting/monoscript/fileName/PerVertexEffectEditor.cs: 0e08baf525303c472bfaf41752a7f457 -> 
  custom:scripting/monoscript/fileName/MyReflection.cs: 912dd491c7847901aa49939904b2f1dd -> 
========================================================================
Received Prepare
Begin MonoManager ReloadAssembly
Thread 0x31d64f000 may have been prematurely finalized
- Loaded All Assemblies, in  0.336 seconds
Refreshing native plugins compatible for Editor in 1.05 ms, found 2 plugins.
Native extension for WindowsStandalone target not found
Native extension for AppleTV target not found
Native extension for iOS target not found
Native extension for OSXStandalone target not found
Native extension for WebGL target not found
Mono: successfully reloaded assembly
- Finished resetting the current domain, in  0.640 seconds
Domain Reload Profiling: 977ms
	BeginReloadAssembly (112ms)
		ExecutionOrderSort (0ms)
		DisableScriptedObjects (5ms)
		BackupInstance (0ms)
		ReleaseScriptingObjects (0ms)
		CreateAndSetChildDomain (38ms)
	RebuildCommonClasses (42ms)
	RebuildNativeTypeToScriptingClass (13ms)
	initialDomainReloadingComplete (20ms)
	LoadAllAssembliesAndSetupDomain (149ms)
		LoadAssemblies (176ms)
		RebuildTransferFunctionScriptingTraits (0ms)
		AnalyzeDomain (14ms)
			TypeCache.Refresh (8ms)
				TypeCache.ScanAssembly (0ms)
			ScanForSourceGeneratedMonoScriptInfo (0ms)
			ResolveRequiredComponents (5ms)
	FinalizeReload (641ms)
		ReleaseScriptCaches (0ms)
		RebuildScriptCaches (0ms)
		SetupLoadedEditorAssemblies (357ms)
			LogAssemblyErrors (0ms)
			InitializePlatformSupportModulesInManaged (24ms)
			SetLoadedEditorAssemblies (5ms)
			RefreshPlugins (0ms)
			BeforeProcessingInitializeOnLoad (54ms)
			ProcessInitializeOnLoadAttributes (255ms)
			ProcessInitializeOnLoadMethodAttributes (17ms)
			AfterProcessingInitializeOnLoad (1ms)
			EditorAssembliesLoaded (0ms)
		ExecutionOrderSort2 (0ms)
		AwakeInstancesAfterBackupRestoration (3ms)
Refreshing native plugins compatible for Editor in 1.02 ms, found 2 plugins.
Preloading 0 native plugins for Editor in 0.00 ms.
Unloading 3152 Unused Serialized files (Serialized files now loaded: 0)
Unloading 21 unused Assets / (31.0 KB). Loaded Objects now: 3637.
Memory consumption went from 134.1 MB to 134.1 MB.
Total: 2.984500 ms (FindLiveObjects: 0.125083 ms CreateObjectMapping: 0.055000 ms MarkObjects: 2.741000 ms  DeleteObjects: 0.062416 ms)

Prepare: number of updated asset objects reloaded= 0
AssetImportParameters requested are different than current active one (requested -> active):
  custom:scripting/monoscript/fileName/GlobalTextEffectEntry.cs: c33c6024380cd43b3456fe6aea6f41ce -> 
  custom:scripting/monoscript/fileName/FoldBoxAttribute.cs: 66ff91a3485d06d36b8511fad6212f92 -> 
  custom:container-demuxer-ogg: 62fdf1f143b41e24485cea50d1cbac27 -> 
  custom:scripting/monoscript/fileName/MyDebug.cs: f3faef2d00c537158ab87ca513b25292 -> 
  custom:scripting/monoscript/fileName/MinMax.cs: 1c24b444ecff0bdeaf87d2edcb9d5029 -> 
  custom:scripting/monoscript/fileName/EditorDocumentation.cs: 934fb06e6a0b5b2798793a45828d3d5f -> 
  custom:scripting/monoscript/fileName/Effect_PerVertex.cs: 3f70f7fc3d4f9bfb1e10cd5e53684ee7 -> 
  custom:video-decoder-ogg-theora: a1e56fd34408186e4bbccfd4996cb3dc -> 
  custom:scripting/monoscript/fileName/MySerializedProperty.cs: 782cc9e912ef11023f0b93b5cae175e2 -> 
  custom:scripting/monoscript/fileName/CompositeEffectEditor.cs: 271d2f481fc4dff6734c055f2943e5d2 -> 
  custom:scripting/monoscript/fileName/TextEffect_Base.cs: 1b9a39eb3f7eb4d420cb56ed888ca97e -> 
  custom:scripting/monoscript/fileName/Effect_Scale.cs: 24350027199be1e1c520c27be9f8fbb9 -> 
  custom:scripting/monoscript/fileName/Effect_Color.cs: f5bc93c86b81ba37fa611632e3ecfb7f -> 
  custom:scripting/monoscript/fileName/Effect_Composite.cs: f3f7d32be82537fa78159e8943c1f1a7 -> 
  custom:CustomObjectIndexerAttribute: 756ad292c208cfabdd7b50bc23989ffe -> 
  custom:scripting/monoscript/fileName/TextEffectInstance.cs: 8d710191666e5c8cce9c6d33f66fafeb -> 
  custom:container-demuxer-webm: 4f35f7cbe854078d1ac9338744f61a02 -> 
  custom:scripting/monoscript/fileName/ButtonMethodAttribute.cs: cf389342635f998ab935cfcb5ae933df -> 
  custom:scripting/monoscript/fileName/ToggleDocAttribute.cs: d3c69a3f433376abbde86a297f4193a9 -> 
  custom:scripting/monoscript/fileName/MyHandles.cs: cc579ce2a9f371e54e4420275e0ac078 -> 
  custom:scripting/monoscript/fileName/ConditionalUtility.cs: 1205d2bd05e1eefe510065c234dd0f0e -> 
  custom:scripting/monoscript/fileName/MyCommonConstants.cs: afab7efaf9564dc9a7324c32dd196775 -> 
  custom:scripting/monoscript/fileName/CustomDrawerUtility.cs: 4fd84f09df56fbc0319d9bd7f922e98c -> 
  custom:container-muxer-webm: aa71ff27fc2769a1b78a27578f13a17b -> 
  custom:video-decoder-webm-vp8: 9c59270c3fd7afecdb556c50c9e8de78 -> 
  custom:SearchIndexIgnoredProperties: e643bd26f0fe6173181afceb89e7c659 -> 
  custom:AudioImporter_EditorPlatform: 3918e3fc78b5a79bad01e8451be0beb8 -> 
  custom:scripting/monoscript/fileName/ToggleDocAttributeDrawer.cs: e106f856849e4750d3809a4f241b1be2 -> 
  custom:scripting/monoscript/fileName/TextEffectEditor.cs: d3d8a1e5c2004b60d32f761eb093cf1b -> 
  custom:scripting/monoscript/fileName/MyColor.cs: 11671538b011fd3f337af43bc02e0c13 -> 
  custom:scripting/monoscript/fileName/AttributeBase.cs: d4cbb11724ea712d431b5cd07124907e -> 
  custom:scripting/monoscript/fileName/FoldBoxAttributeDrawer.cs: 7cddfc9687649703e6a68527865794bc -> 
  custom:scripting/monoscript/fileName/ConditionalFieldAttribute.cs: e6d9fd24956977713db9ec59b2642d84 -> 
  custom:scripting/monoscript/fileName/Effect_Move.cs: ef5516b861ddd6742709a32c4d74ed0d -> 
  custom:framework-osx-AVFoundation: e770b220cccbd017edd2c1fefb359320 -> 
  custom:scripting/monoscript/fileName/MyAlgorithms.cs: af94dca5879ebeadb102964fe2ba4c2c -> 
  custom:scripting/monoscript/fileName/TagEffectsPreset.cs: 7660331b4e5025a0b81c1733075d5b78 -> 
  custom:scripting/monoscript/fileName/Effect_Rotate.cs: ffdcc32648b4f2ece65aebb867cbbb0e -> 
  custom:video-encoder-webm-vp8: eb34c28f22e8b96e1ab97ce403110664 -> 
  custom:audio-decoder-ogg-vorbis: bf7c407c2cedff20999df2af8eb42d56 -> 
  custom:scripting/monoscript/fileName/WarningsPool.cs: fe4fa1866c40657be6a51b3604c9b41a -> 
  custom:scripting/monoscript/fileName/MyString.cs: 37ddb2560db549b377c16ed27598cb79 -> 
  custom:scripting/monoscript/fileName/TextEffectStatus.cs: 0d9a417212ada6670935a5511afc12b9 -> 
  custom:scripting/monoscript/fileName/TextEffect.cs: b3399054379a13f493415819f2b26d02 -> 
  custom:scripting/monoscript/fileName/MinMaxRangeAttribute.cs: 290170215b5b7bdd3fb5340a79339fb0 -> 
  custom:scripting/monoscript/fileName/AttributeBaseDrawer.cs: 26c86ce1d32ef473ff54fac3b3f34384 -> 
  custom:scripting/monoscript/fileName/ConditionalData.cs: 31d8359f80de1f6456e27c8f052f735f -> 
  custom:scripting/monoscript/fileName/CollectionWrapper.cs: 1d692121383b052bc3c42bd312cb03d9 -> 
  custom:audio-encoder-webm-vorbis: bf7c407c2cedff20999df2af8eb42d56 -> 
  custom:scripting/monoscript/fileName/TimeUtil.cs: f1db10614389fe8436f67f4138e33eab -> 
  custom:scripting/monoscript/fileName/MyCollections.cs: 1573b6e8eec6809de8e4f734cd42ac53 -> 
  custom:scripting/monoscript/fileName/PerVertexEffectEditor.cs: 0e08baf525303c472bfaf41752a7f457 -> 
  custom:scripting/monoscript/fileName/MyReflection.cs: 912dd491c7847901aa49939904b2f1dd -> 
========================================================================
Received Prepare
Begin MonoManager ReloadAssembly
Thread 0x30bddf000 may have been prematurely finalized
- Loaded All Assemblies, in  0.414 seconds
Refreshing native plugins compatible for Editor in 1.12 ms, found 2 plugins.
Native extension for WindowsStandalone target not found
Native extension for AppleTV target not found
Native extension for iOS target not found
Native extension for OSXStandalone target not found
Native extension for WebGL target not found
Mono: successfully reloaded assembly
- Finished resetting the current domain, in  0.826 seconds
Domain Reload Profiling: 1241ms
	BeginReloadAssembly (141ms)
		ExecutionOrderSort (0ms)
		DisableScriptedObjects (5ms)
		BackupInstance (0ms)
		ReleaseScriptingObjects (0ms)
		CreateAndSetChildDomain (53ms)
	RebuildCommonClasses (47ms)
	RebuildNativeTypeToScriptingClass (15ms)
	initialDomainReloadingComplete (25ms)
	LoadAllAssembliesAndSetupDomain (186ms)
		LoadAssemblies (219ms)
		RebuildTransferFunctionScriptingTraits (0ms)
		AnalyzeDomain (18ms)
			TypeCache.Refresh (10ms)
				TypeCache.ScanAssembly (0ms)
			ScanForSourceGeneratedMonoScriptInfo (0ms)
			ResolveRequiredComponents (7ms)
	FinalizeReload (826ms)
		ReleaseScriptCaches (0ms)
		RebuildScriptCaches (0ms)
		SetupLoadedEditorAssemblies (355ms)
			LogAssemblyErrors (0ms)
			InitializePlatformSupportModulesInManaged (23ms)
			SetLoadedEditorAssemblies (5ms)
			RefreshPlugins (0ms)
			BeforeProcessingInitializeOnLoad (53ms)
			ProcessInitializeOnLoadAttributes (256ms)
			ProcessInitializeOnLoadMethodAttributes (17ms)
			AfterProcessingInitializeOnLoad (1ms)
			EditorAssembliesLoaded (0ms)
		ExecutionOrderSort2 (0ms)
		AwakeInstancesAfterBackupRestoration (3ms)
Refreshing native plugins compatible for Editor in 1.21 ms, found 2 plugins.
Preloading 0 native plugins for Editor in 0.00 ms.
Unloading 3152 Unused Serialized files (Serialized files now loaded: 0)
Unloading 21 unused Assets / (31.0 KB). Loaded Objects now: 3640.
Memory consumption went from 141.0 MB to 141.0 MB.
Total: 3.265250 ms (FindLiveObjects: 0.151250 ms CreateObjectMapping: 0.059250 ms MarkObjects: 2.990917 ms  DeleteObjects: 0.063000 ms)

Prepare: number of updated asset objects reloaded= 0
AssetImportParameters requested are different than current active one (requested -> active):
  custom:scripting/monoscript/fileName/GlobalTextEffectEntry.cs: c33c6024380cd43b3456fe6aea6f41ce -> 
  custom:scripting/monoscript/fileName/FoldBoxAttribute.cs: 66ff91a3485d06d36b8511fad6212f92 -> 
  custom:container-demuxer-ogg: 62fdf1f143b41e24485cea50d1cbac27 -> 
  custom:scripting/monoscript/fileName/MyDebug.cs: f3faef2d00c537158ab87ca513b25292 -> 
  custom:scripting/monoscript/fileName/MinMax.cs: 1c24b444ecff0bdeaf87d2edcb9d5029 -> 
  custom:scripting/monoscript/fileName/EditorDocumentation.cs: 934fb06e6a0b5b2798793a45828d3d5f -> 
  custom:scripting/monoscript/fileName/Effect_PerVertex.cs: 3f70f7fc3d4f9bfb1e10cd5e53684ee7 -> 
  custom:video-decoder-ogg-theora: a1e56fd34408186e4bbccfd4996cb3dc -> 
  custom:scripting/monoscript/fileName/MySerializedProperty.cs: 782cc9e912ef11023f0b93b5cae175e2 -> 
  custom:scripting/monoscript/fileName/CompositeEffectEditor.cs: 271d2f481fc4dff6734c055f2943e5d2 -> 
  custom:scripting/monoscript/fileName/TextEffect_Base.cs: 1b9a39eb3f7eb4d420cb56ed888ca97e -> 
  custom:scripting/monoscript/fileName/Effect_Scale.cs: 24350027199be1e1c520c27be9f8fbb9 -> 
  custom:scripting/monoscript/fileName/Effect_Color.cs: f5bc93c86b81ba37fa611632e3ecfb7f -> 
  custom:scripting/monoscript/fileName/Effect_Composite.cs: f3f7d32be82537fa78159e8943c1f1a7 -> 
  custom:CustomObjectIndexerAttribute: 756ad292c208cfabdd7b50bc23989ffe -> 
  custom:scripting/monoscript/fileName/TextEffectInstance.cs: 8d710191666e5c8cce9c6d33f66fafeb -> 
  custom:container-demuxer-webm: 4f35f7cbe854078d1ac9338744f61a02 -> 
  custom:scripting/monoscript/fileName/ButtonMethodAttribute.cs: cf389342635f998ab935cfcb5ae933df -> 
  custom:scripting/monoscript/fileName/ToggleDocAttribute.cs: d3c69a3f433376abbde86a297f4193a9 -> 
  custom:scripting/monoscript/fileName/MyHandles.cs: cc579ce2a9f371e54e4420275e0ac078 -> 
  custom:scripting/monoscript/fileName/ConditionalUtility.cs: 1205d2bd05e1eefe510065c234dd0f0e -> 
  custom:scripting/monoscript/fileName/MyCommonConstants.cs: afab7efaf9564dc9a7324c32dd196775 -> 
  custom:scripting/monoscript/fileName/CustomDrawerUtility.cs: 4fd84f09df56fbc0319d9bd7f922e98c -> 
  custom:container-muxer-webm: aa71ff27fc2769a1b78a27578f13a17b -> 
  custom:video-decoder-webm-vp8: 9c59270c3fd7afecdb556c50c9e8de78 -> 
  custom:SearchIndexIgnoredProperties: e643bd26f0fe6173181afceb89e7c659 -> 
  custom:AudioImporter_EditorPlatform: 3918e3fc78b5a79bad01e8451be0beb8 -> 
  custom:scripting/monoscript/fileName/ToggleDocAttributeDrawer.cs: e106f856849e4750d3809a4f241b1be2 -> 
  custom:scripting/monoscript/fileName/TextEffectEditor.cs: d3d8a1e5c2004b60d32f761eb093cf1b -> 
  custom:scripting/monoscript/fileName/MyColor.cs: 11671538b011fd3f337af43bc02e0c13 -> 
  custom:scripting/monoscript/fileName/AttributeBase.cs: d4cbb11724ea712d431b5cd07124907e -> 
  custom:scripting/monoscript/fileName/FoldBoxAttributeDrawer.cs: 7cddfc9687649703e6a68527865794bc -> 
  custom:scripting/monoscript/fileName/ConditionalFieldAttribute.cs: e6d9fd24956977713db9ec59b2642d84 -> 
  custom:scripting/monoscript/fileName/Effect_Move.cs: ef5516b861ddd6742709a32c4d74ed0d -> 
  custom:framework-osx-AVFoundation: e770b220cccbd017edd2c1fefb359320 -> 
  custom:scripting/monoscript/fileName/MyAlgorithms.cs: af94dca5879ebeadb102964fe2ba4c2c -> 
  custom:scripting/monoscript/fileName/TagEffectsPreset.cs: 7660331b4e5025a0b81c1733075d5b78 -> 
  custom:scripting/monoscript/fileName/Effect_Rotate.cs: ffdcc32648b4f2ece65aebb867cbbb0e -> 
  custom:video-encoder-webm-vp8: eb34c28f22e8b96e1ab97ce403110664 -> 
  custom:audio-decoder-ogg-vorbis: bf7c407c2cedff20999df2af8eb42d56 -> 
  custom:scripting/monoscript/fileName/WarningsPool.cs: fe4fa1866c40657be6a51b3604c9b41a -> 
  custom:scripting/monoscript/fileName/MyString.cs: 37ddb2560db549b377c16ed27598cb79 -> 
  custom:scripting/monoscript/fileName/TextEffectStatus.cs: 0d9a417212ada6670935a5511afc12b9 -> 
  custom:scripting/monoscript/fileName/TextEffect.cs: b3399054379a13f493415819f2b26d02 -> 
  custom:scripting/monoscript/fileName/MinMaxRangeAttribute.cs: 290170215b5b7bdd3fb5340a79339fb0 -> 
  custom:scripting/monoscript/fileName/AttributeBaseDrawer.cs: 26c86ce1d32ef473ff54fac3b3f34384 -> 
  custom:scripting/monoscript/fileName/ConditionalData.cs: 31d8359f80de1f6456e27c8f052f735f -> 
  custom:scripting/monoscript/fileName/CollectionWrapper.cs: 1d692121383b052bc3c42bd312cb03d9 -> 
  custom:audio-encoder-webm-vorbis: bf7c407c2cedff20999df2af8eb42d56 -> 
  custom:scripting/monoscript/fileName/TimeUtil.cs: f1db10614389fe8436f67f4138e33eab -> 
  custom:scripting/monoscript/fileName/MyCollections.cs: 1573b6e8eec6809de8e4f734cd42ac53 -> 
  custom:scripting/monoscript/fileName/PerVertexEffectEditor.cs: 0e08baf525303c472bfaf41752a7f457 -> 
  custom:scripting/monoscript/fileName/MyReflection.cs: 912dd491c7847901aa49939904b2f1dd -> 
========================================================================
Received Prepare
Begin MonoManager ReloadAssembly
Thread 0x310f87000 may have been prematurely finalized
- Loaded All Assemblies, in  0.407 seconds
Refreshing native plugins compatible for Editor in 1.22 ms, found 2 plugins.
Native extension for WindowsStandalone target not found
Native extension for AppleTV target not found
Native extension for iOS target not found
Native extension for OSXStandalone target not found
Native extension for WebGL target not found
Mono: successfully reloaded assembly
- Finished resetting the current domain, in  0.983 seconds
Domain Reload Profiling: 1391ms
	BeginReloadAssembly (134ms)
		ExecutionOrderSort (0ms)
		DisableScriptedObjects (5ms)
		BackupInstance (0ms)
		ReleaseScriptingObjects (0ms)
		CreateAndSetChildDomain (50ms)
	RebuildCommonClasses (47ms)
	RebuildNativeTypeToScriptingClass (16ms)
	initialDomainReloadingComplete (25ms)
	LoadAllAssembliesAndSetupDomain (186ms)
		LoadAssemblies (214ms)
		RebuildTransferFunctionScriptingTraits (0ms)
		AnalyzeDomain (18ms)
			TypeCache.Refresh (10ms)
				TypeCache.ScanAssembly (0ms)
			ScanForSourceGeneratedMonoScriptInfo (0ms)
			ResolveRequiredComponents (6ms)
	FinalizeReload (984ms)
		ReleaseScriptCaches (0ms)
		RebuildScriptCaches (0ms)
		SetupLoadedEditorAssemblies (478ms)
			LogAssemblyErrors (0ms)
			InitializePlatformSupportModulesInManaged (24ms)
			SetLoadedEditorAssemblies (5ms)
			RefreshPlugins (0ms)
			BeforeProcessingInitializeOnLoad (55ms)
			ProcessInitializeOnLoadAttributes (351ms)
			ProcessInitializeOnLoadMethodAttributes (40ms)
			AfterProcessingInitializeOnLoad (2ms)
			EditorAssembliesLoaded (0ms)
		ExecutionOrderSort2 (0ms)
		AwakeInstancesAfterBackupRestoration (8ms)
Refreshing native plugins compatible for Editor in 1.74 ms, found 2 plugins.
Preloading 0 native plugins for Editor in 0.00 ms.
Unloading 3152 Unused Serialized files (Serialized files now loaded: 0)
Unloading 21 unused Assets / (31.0 KB). Loaded Objects now: 3643.
Memory consumption went from 148.0 MB to 147.9 MB.
Total: 4.606000 ms (FindLiveObjects: 0.191792 ms CreateObjectMapping: 0.084625 ms MarkObjects: 4.260000 ms  DeleteObjects: 0.068500 ms)

Prepare: number of updated asset objects reloaded= 0
AssetImportParameters requested are different than current active one (requested -> active):
  custom:scripting/monoscript/fileName/GlobalTextEffectEntry.cs: c33c6024380cd43b3456fe6aea6f41ce -> 
  custom:scripting/monoscript/fileName/FoldBoxAttribute.cs: 66ff91a3485d06d36b8511fad6212f92 -> 
  custom:container-demuxer-ogg: 62fdf1f143b41e24485cea50d1cbac27 -> 
  custom:scripting/monoscript/fileName/MyDebug.cs: f3faef2d00c537158ab87ca513b25292 -> 
  custom:scripting/monoscript/fileName/MinMax.cs: 1c24b444ecff0bdeaf87d2edcb9d5029 -> 
  custom:scripting/monoscript/fileName/EditorDocumentation.cs: 934fb06e6a0b5b2798793a45828d3d5f -> 
  custom:scripting/monoscript/fileName/Effect_PerVertex.cs: 3f70f7fc3d4f9bfb1e10cd5e53684ee7 -> 
  custom:video-decoder-ogg-theora: a1e56fd34408186e4bbccfd4996cb3dc -> 
  custom:scripting/monoscript/fileName/MySerializedProperty.cs: 782cc9e912ef11023f0b93b5cae175e2 -> 
  custom:scripting/monoscript/fileName/CompositeEffectEditor.cs: 271d2f481fc4dff6734c055f2943e5d2 -> 
  custom:scripting/monoscript/fileName/TextEffect_Base.cs: 1b9a39eb3f7eb4d420cb56ed888ca97e -> 
  custom:scripting/monoscript/fileName/Effect_Scale.cs: 24350027199be1e1c520c27be9f8fbb9 -> 
  custom:scripting/monoscript/fileName/Effect_Color.cs: f5bc93c86b81ba37fa611632e3ecfb7f -> 
  custom:scripting/monoscript/fileName/Effect_Composite.cs: f3f7d32be82537fa78159e8943c1f1a7 -> 
  custom:CustomObjectIndexerAttribute: 756ad292c208cfabdd7b50bc23989ffe -> 
  custom:scripting/monoscript/fileName/TextEffectInstance.cs: 8d710191666e5c8cce9c6d33f66fafeb -> 
  custom:container-demuxer-webm: 4f35f7cbe854078d1ac9338744f61a02 -> 
  custom:scripting/monoscript/fileName/ButtonMethodAttribute.cs: cf389342635f998ab935cfcb5ae933df -> 
  custom:scripting/monoscript/fileName/ToggleDocAttribute.cs: d3c69a3f433376abbde86a297f4193a9 -> 
  custom:scripting/monoscript/fileName/MyHandles.cs: cc579ce2a9f371e54e4420275e0ac078 -> 
  custom:scripting/monoscript/fileName/ConditionalUtility.cs: 1205d2bd05e1eefe510065c234dd0f0e -> 
  custom:scripting/monoscript/fileName/MyCommonConstants.cs: afab7efaf9564dc9a7324c32dd196775 -> 
  custom:scripting/monoscript/fileName/CustomDrawerUtility.cs: 4fd84f09df56fbc0319d9bd7f922e98c -> 
  custom:container-muxer-webm: aa71ff27fc2769a1b78a27578f13a17b -> 
  custom:video-decoder-webm-vp8: 9c59270c3fd7afecdb556c50c9e8de78 -> 
  custom:SearchIndexIgnoredProperties: e643bd26f0fe6173181afceb89e7c659 -> 
  custom:AudioImporter_EditorPlatform: 3918e3fc78b5a79bad01e8451be0beb8 -> 
  custom:scripting/monoscript/fileName/ToggleDocAttributeDrawer.cs: e106f856849e4750d3809a4f241b1be2 -> 
  custom:scripting/monoscript/fileName/TextEffectEditor.cs: d3d8a1e5c2004b60d32f761eb093cf1b -> 
  custom:scripting/monoscript/fileName/MyColor.cs: 11671538b011fd3f337af43bc02e0c13 -> 
  custom:scripting/monoscript/fileName/AttributeBase.cs: d4cbb11724ea712d431b5cd07124907e -> 
  custom:scripting/monoscript/fileName/FoldBoxAttributeDrawer.cs: 7cddfc9687649703e6a68527865794bc -> 
  custom:scripting/monoscript/fileName/ConditionalFieldAttribute.cs: e6d9fd24956977713db9ec59b2642d84 -> 
  custom:scripting/monoscript/fileName/Effect_Move.cs: ef5516b861ddd6742709a32c4d74ed0d -> 
  custom:framework-osx-AVFoundation: e770b220cccbd017edd2c1fefb359320 -> 
  custom:scripting/monoscript/fileName/MyAlgorithms.cs: af94dca5879ebeadb102964fe2ba4c2c -> 
  custom:scripting/monoscript/fileName/TagEffectsPreset.cs: 7660331b4e5025a0b81c1733075d5b78 -> 
  custom:scripting/monoscript/fileName/Effect_Rotate.cs: ffdcc32648b4f2ece65aebb867cbbb0e -> 
  custom:video-encoder-webm-vp8: eb34c28f22e8b96e1ab97ce403110664 -> 
  custom:audio-decoder-ogg-vorbis: bf7c407c2cedff20999df2af8eb42d56 -> 
  custom:scripting/monoscript/fileName/WarningsPool.cs: fe4fa1866c40657be6a51b3604c9b41a -> 
  custom:scripting/monoscript/fileName/MyString.cs: 37ddb2560db549b377c16ed27598cb79 -> 
  custom:scripting/monoscript/fileName/TextEffectStatus.cs: 0d9a417212ada6670935a5511afc12b9 -> 
  custom:scripting/monoscript/fileName/TextEffect.cs: b3399054379a13f493415819f2b26d02 -> 
  custom:scripting/monoscript/fileName/MinMaxRangeAttribute.cs: 290170215b5b7bdd3fb5340a79339fb0 -> 
  custom:scripting/monoscript/fileName/AttributeBaseDrawer.cs: 26c86ce1d32ef473ff54fac3b3f34384 -> 
  custom:scripting/monoscript/fileName/ConditionalData.cs: 31d8359f80de1f6456e27c8f052f735f -> 
  custom:scripting/monoscript/fileName/CollectionWrapper.cs: 1d692121383b052bc3c42bd312cb03d9 -> 
  custom:audio-encoder-webm-vorbis: bf7c407c2cedff20999df2af8eb42d56 -> 
  custom:scripting/monoscript/fileName/TimeUtil.cs: f1db10614389fe8436f67f4138e33eab -> 
  custom:scripting/monoscript/fileName/MyCollections.cs: 1573b6e8eec6809de8e4f734cd42ac53 -> 
  custom:scripting/monoscript/fileName/PerVertexEffectEditor.cs: 0e08baf525303c472bfaf41752a7f457 -> 
  custom:scripting/monoscript/fileName/MyReflection.cs: 912dd491c7847901aa49939904b2f1dd -> 
========================================================================
Received Prepare
Begin MonoManager ReloadAssembly
Thread 0x310f87000 may have been prematurely finalized
- Loaded All Assemblies, in  0.388 seconds
Refreshing native plugins compatible for Editor in 1.19 ms, found 2 plugins.
Native extension for WindowsStandalone target not found
Native extension for AppleTV target not found
Native extension for iOS target not found
Native extension for OSXStandalone target not found
Native extension for WebGL target not found
Mono: successfully reloaded assembly
- Finished resetting the current domain, in  0.879 seconds
Domain Reload Profiling: 1268ms
	BeginReloadAssembly (120ms)
		ExecutionOrderSort (0ms)
		DisableScriptedObjects (5ms)
		BackupInstance (0ms)
		ReleaseScriptingObjects (0ms)
		CreateAndSetChildDomain (42ms)
	RebuildCommonClasses (47ms)
	RebuildNativeTypeToScriptingClass (16ms)
	initialDomainReloadingComplete (23ms)
	LoadAllAssembliesAndSetupDomain (183ms)
		LoadAssemblies (209ms)
		RebuildTransferFunctionScriptingTraits (0ms)
		AnalyzeDomain (17ms)
			TypeCache.Refresh (10ms)
				TypeCache.ScanAssembly (0ms)
			ScanForSourceGeneratedMonoScriptInfo (0ms)
			ResolveRequiredComponents (7ms)
	FinalizeReload (880ms)
		ReleaseScriptCaches (0ms)
		RebuildScriptCaches (0ms)
		SetupLoadedEditorAssemblies (395ms)
			LogAssemblyErrors (0ms)
			InitializePlatformSupportModulesInManaged (24ms)
			SetLoadedEditorAssemblies (5ms)
			RefreshPlugins (0ms)
			BeforeProcessingInitializeOnLoad (56ms)
			ProcessInitializeOnLoadAttributes (279ms)
			ProcessInitializeOnLoadMethodAttributes (29ms)
			AfterProcessingInitializeOnLoad (1ms)
			EditorAssembliesLoaded (0ms)
		ExecutionOrderSort2 (0ms)
		AwakeInstancesAfterBackupRestoration (6ms)
Refreshing native plugins compatible for Editor in 1.71 ms, found 2 plugins.
Preloading 0 native plugins for Editor in 0.00 ms.
Unloading 3152 Unused Serialized files (Serialized files now loaded: 0)
Unloading 21 unused Assets / (31.0 KB). Loaded Objects now: 3646.
Memory consumption went from 154.9 MB to 154.9 MB.
Total: 4.812375 ms (FindLiveObjects: 0.321542 ms CreateObjectMapping: 0.089750 ms MarkObjects: 4.340333 ms  DeleteObjects: 0.059541 ms)

Prepare: number of updated asset objects reloaded= 0
AssetImportParameters requested are different than current active one (requested -> active):
  custom:scripting/monoscript/fileName/GlobalTextEffectEntry.cs: c33c6024380cd43b3456fe6aea6f41ce -> 
  custom:scripting/monoscript/fileName/FoldBoxAttribute.cs: 66ff91a3485d06d36b8511fad6212f92 -> 
  custom:container-demuxer-ogg: 62fdf1f143b41e24485cea50d1cbac27 -> 
  custom:scripting/monoscript/fileName/MyDebug.cs: f3faef2d00c537158ab87ca513b25292 -> 
  custom:scripting/monoscript/fileName/MinMax.cs: 1c24b444ecff0bdeaf87d2edcb9d5029 -> 
  custom:scripting/monoscript/fileName/EditorDocumentation.cs: 934fb06e6a0b5b2798793a45828d3d5f -> 
  custom:scripting/monoscript/fileName/Effect_PerVertex.cs: 3f70f7fc3d4f9bfb1e10cd5e53684ee7 -> 
  custom:video-decoder-ogg-theora: a1e56fd34408186e4bbccfd4996cb3dc -> 
  custom:scripting/monoscript/fileName/MySerializedProperty.cs: 782cc9e912ef11023f0b93b5cae175e2 -> 
  custom:scripting/monoscript/fileName/CompositeEffectEditor.cs: 271d2f481fc4dff6734c055f2943e5d2 -> 
  custom:scripting/monoscript/fileName/TextEffect_Base.cs: 1b9a39eb3f7eb4d420cb56ed888ca97e -> 
  custom:scripting/monoscript/fileName/Effect_Scale.cs: 24350027199be1e1c520c27be9f8fbb9 -> 
  custom:scripting/monoscript/fileName/Effect_Color.cs: f5bc93c86b81ba37fa611632e3ecfb7f -> 
  custom:scripting/monoscript/fileName/Effect_Composite.cs: f3f7d32be82537fa78159e8943c1f1a7 -> 
  custom:CustomObjectIndexerAttribute: 756ad292c208cfabdd7b50bc23989ffe -> 
  custom:scripting/monoscript/fileName/TextEffectInstance.cs: 8d710191666e5c8cce9c6d33f66fafeb -> 
  custom:container-demuxer-webm: 4f35f7cbe854078d1ac9338744f61a02 -> 
  custom:scripting/monoscript/fileName/ButtonMethodAttribute.cs: cf389342635f998ab935cfcb5ae933df -> 
  custom:scripting/monoscript/fileName/ToggleDocAttribute.cs: d3c69a3f433376abbde86a297f4193a9 -> 
  custom:scripting/monoscript/fileName/MyHandles.cs: cc579ce2a9f371e54e4420275e0ac078 -> 
  custom:scripting/monoscript/fileName/ConditionalUtility.cs: 1205d2bd05e1eefe510065c234dd0f0e -> 
  custom:scripting/monoscript/fileName/MyCommonConstants.cs: afab7efaf9564dc9a7324c32dd196775 -> 
  custom:scripting/monoscript/fileName/CustomDrawerUtility.cs: 4fd84f09df56fbc0319d9bd7f922e98c -> 
  custom:container-muxer-webm: aa71ff27fc2769a1b78a27578f13a17b -> 
  custom:video-decoder-webm-vp8: 9c59270c3fd7afecdb556c50c9e8de78 -> 
  custom:SearchIndexIgnoredProperties: e643bd26f0fe6173181afceb89e7c659 -> 
  custom:AudioImporter_EditorPlatform: 3918e3fc78b5a79bad01e8451be0beb8 -> 
  custom:scripting/monoscript/fileName/ToggleDocAttributeDrawer.cs: e106f856849e4750d3809a4f241b1be2 -> 
  custom:scripting/monoscript/fileName/TextEffectEditor.cs: d3d8a1e5c2004b60d32f761eb093cf1b -> 
  custom:scripting/monoscript/fileName/MyColor.cs: 11671538b011fd3f337af43bc02e0c13 -> 
  custom:scripting/monoscript/fileName/AttributeBase.cs: d4cbb11724ea712d431b5cd07124907e -> 
  custom:scripting/monoscript/fileName/FoldBoxAttributeDrawer.cs: 7cddfc9687649703e6a68527865794bc -> 
  custom:scripting/monoscript/fileName/ConditionalFieldAttribute.cs: e6d9fd24956977713db9ec59b2642d84 -> 
  custom:scripting/monoscript/fileName/Effect_Move.cs: ef5516b861ddd6742709a32c4d74ed0d -> 
  custom:framework-osx-AVFoundation: e770b220cccbd017edd2c1fefb359320 -> 
  custom:scripting/monoscript/fileName/MyAlgorithms.cs: af94dca5879ebeadb102964fe2ba4c2c -> 
  custom:scripting/monoscript/fileName/TagEffectsPreset.cs: 7660331b4e5025a0b81c1733075d5b78 -> 
  custom:scripting/monoscript/fileName/Effect_Rotate.cs: ffdcc32648b4f2ece65aebb867cbbb0e -> 
  custom:video-encoder-webm-vp8: eb34c28f22e8b96e1ab97ce403110664 -> 
  custom:audio-decoder-ogg-vorbis: bf7c407c2cedff20999df2af8eb42d56 -> 
  custom:scripting/monoscript/fileName/WarningsPool.cs: fe4fa1866c40657be6a51b3604c9b41a -> 
  custom:scripting/monoscript/fileName/MyString.cs: 37ddb2560db549b377c16ed27598cb79 -> 
  custom:scripting/monoscript/fileName/TextEffectStatus.cs: 0d9a417212ada6670935a5511afc12b9 -> 
  custom:scripting/monoscript/fileName/TextEffect.cs: b3399054379a13f493415819f2b26d02 -> 
  custom:scripting/monoscript/fileName/MinMaxRangeAttribute.cs: 290170215b5b7bdd3fb5340a79339fb0 -> 
  custom:scripting/monoscript/fileName/AttributeBaseDrawer.cs: 26c86ce1d32ef473ff54fac3b3f34384 -> 
  custom:scripting/monoscript/fileName/ConditionalData.cs: 31d8359f80de1f6456e27c8f052f735f -> 
  custom:scripting/monoscript/fileName/CollectionWrapper.cs: 1d692121383b052bc3c42bd312cb03d9 -> 
  custom:audio-encoder-webm-vorbis: bf7c407c2cedff20999df2af8eb42d56 -> 
  custom:scripting/monoscript/fileName/TimeUtil.cs: f1db10614389fe8436f67f4138e33eab -> 
  custom:scripting/monoscript/fileName/MyCollections.cs: 1573b6e8eec6809de8e4f734cd42ac53 -> 
  custom:scripting/monoscript/fileName/PerVertexEffectEditor.cs: 0e08baf525303c472bfaf41752a7f457 -> 
  custom:scripting/monoscript/fileName/MyReflection.cs: 912dd491c7847901aa49939904b2f1dd -> 
========================================================================
Received Prepare
Begin MonoManager ReloadAssembly
Thread 0x310f87000 may have been prematurely finalized
- Loaded All Assemblies, in  0.371 seconds
Refreshing native plugins compatible for Editor in 1.20 ms, found 2 plugins.
Native extension for WindowsStandalone target not found
Native extension for AppleTV target not found
Native extension for iOS target not found
Native extension for OSXStandalone target not found
Native extension for WebGL target not found
Mono: successfully reloaded assembly
- Finished resetting the current domain, in  0.852 seconds
Domain Reload Profiling: 1224ms
	BeginReloadAssembly (115ms)
		ExecutionOrderSort (0ms)
		DisableScriptedObjects (4ms)
		BackupInstance (0ms)
		ReleaseScriptingObjects (0ms)
		CreateAndSetChildDomain (41ms)
	RebuildCommonClasses (44ms)
	RebuildNativeTypeToScriptingClass (15ms)
	initialDomainReloadingComplete (23ms)
	LoadAllAssembliesAndSetupDomain (173ms)
		LoadAssemblies (198ms)
		RebuildTransferFunctionScriptingTraits (0ms)
		AnalyzeDomain (17ms)
			TypeCache.Refresh (9ms)
				TypeCache.ScanAssembly (0ms)
			ScanForSourceGeneratedMonoScriptInfo (0ms)
			ResolveRequiredComponents (6ms)
	FinalizeReload (853ms)
		ReleaseScriptCaches (0ms)
		RebuildScriptCaches (0ms)
		SetupLoadedEditorAssemblies (383ms)
			LogAssemblyErrors (0ms)
			InitializePlatformSupportModulesInManaged (24ms)
			SetLoadedEditorAssemblies (5ms)
			RefreshPlugins (0ms)
			BeforeProcessingInitializeOnLoad (55ms)
			ProcessInitializeOnLoadAttributes (273ms)
			ProcessInitializeOnLoadMethodAttributes (26ms)
			AfterProcessingInitializeOnLoad (1ms)
			EditorAssembliesLoaded (0ms)
		ExecutionOrderSort2 (0ms)
		AwakeInstancesAfterBackupRestoration (6ms)
Refreshing native plugins compatible for Editor in 1.41 ms, found 2 plugins.
Preloading 0 native plugins for Editor in 0.00 ms.
Unloading 3152 Unused Serialized files (Serialized files now loaded: 0)
Unloading 21 unused Assets / (31.1 KB). Loaded Objects now: 3649.
Memory consumption went from 161.8 MB to 161.8 MB.
Total: 4.407584 ms (FindLiveObjects: 0.152000 ms CreateObjectMapping: 0.071875 ms MarkObjects: 4.054458 ms  DeleteObjects: 0.128125 ms)

Prepare: number of updated asset objects reloaded= 0
AssetImportParameters requested are different than current active one (requested -> active):
  custom:scripting/monoscript/fileName/GlobalTextEffectEntry.cs: c33c6024380cd43b3456fe6aea6f41ce -> 
  custom:scripting/monoscript/fileName/FoldBoxAttribute.cs: 66ff91a3485d06d36b8511fad6212f92 -> 
  custom:container-demuxer-ogg: 62fdf1f143b41e24485cea50d1cbac27 -> 
  custom:scripting/monoscript/fileName/MyDebug.cs: f3faef2d00c537158ab87ca513b25292 -> 
  custom:scripting/monoscript/fileName/MinMax.cs: 1c24b444ecff0bdeaf87d2edcb9d5029 -> 
  custom:scripting/monoscript/fileName/EditorDocumentation.cs: 934fb06e6a0b5b2798793a45828d3d5f -> 
  custom:scripting/monoscript/fileName/Effect_PerVertex.cs: 3f70f7fc3d4f9bfb1e10cd5e53684ee7 -> 
  custom:video-decoder-ogg-theora: a1e56fd34408186e4bbccfd4996cb3dc -> 
  custom:scripting/monoscript/fileName/MySerializedProperty.cs: 782cc9e912ef11023f0b93b5cae175e2 -> 
  custom:scripting/monoscript/fileName/CompositeEffectEditor.cs: 271d2f481fc4dff6734c055f2943e5d2 -> 
  custom:scripting/monoscript/fileName/TextEffect_Base.cs: 1b9a39eb3f7eb4d420cb56ed888ca97e -> 
  custom:scripting/monoscript/fileName/Effect_Scale.cs: 24350027199be1e1c520c27be9f8fbb9 -> 
  custom:scripting/monoscript/fileName/Effect_Color.cs: f5bc93c86b81ba37fa611632e3ecfb7f -> 
  custom:scripting/monoscript/fileName/Effect_Composite.cs: f3f7d32be82537fa78159e8943c1f1a7 -> 
  custom:CustomObjectIndexerAttribute: 756ad292c208cfabdd7b50bc23989ffe -> 
  custom:scripting/monoscript/fileName/TextEffectInstance.cs: 8d710191666e5c8cce9c6d33f66fafeb -> 
  custom:container-demuxer-webm: 4f35f7cbe854078d1ac9338744f61a02 -> 
  custom:scripting/monoscript/fileName/ButtonMethodAttribute.cs: cf389342635f998ab935cfcb5ae933df -> 
  custom:scripting/monoscript/fileName/ToggleDocAttribute.cs: d3c69a3f433376abbde86a297f4193a9 -> 
  custom:scripting/monoscript/fileName/MyHandles.cs: cc579ce2a9f371e54e4420275e0ac078 -> 
  custom:scripting/monoscript/fileName/ConditionalUtility.cs: 1205d2bd05e1eefe510065c234dd0f0e -> 
  custom:scripting/monoscript/fileName/MyCommonConstants.cs: afab7efaf9564dc9a7324c32dd196775 -> 
  custom:scripting/monoscript/fileName/CustomDrawerUtility.cs: 4fd84f09df56fbc0319d9bd7f922e98c -> 
  custom:container-muxer-webm: aa71ff27fc2769a1b78a27578f13a17b -> 
  custom:video-decoder-webm-vp8: 9c59270c3fd7afecdb556c50c9e8de78 -> 
  custom:SearchIndexIgnoredProperties: e643bd26f0fe6173181afceb89e7c659 -> 
  custom:AudioImporter_EditorPlatform: 3918e3fc78b5a79bad01e8451be0beb8 -> 
  custom:scripting/monoscript/fileName/ToggleDocAttributeDrawer.cs: e106f856849e4750d3809a4f241b1be2 -> 
  custom:scripting/monoscript/fileName/TextEffectEditor.cs: d3d8a1e5c2004b60d32f761eb093cf1b -> 
  custom:scripting/monoscript/fileName/MyColor.cs: 11671538b011fd3f337af43bc02e0c13 -> 
  custom:scripting/monoscript/fileName/AttributeBase.cs: d4cbb11724ea712d431b5cd07124907e -> 
  custom:scripting/monoscript/fileName/FoldBoxAttributeDrawer.cs: 7cddfc9687649703e6a68527865794bc -> 
  custom:scripting/monoscript/fileName/ConditionalFieldAttribute.cs: e6d9fd24956977713db9ec59b2642d84 -> 
  custom:scripting/monoscript/fileName/Effect_Move.cs: ef5516b861ddd6742709a32c4d74ed0d -> 
  custom:framework-osx-AVFoundation: e770b220cccbd017edd2c1fefb359320 -> 
  custom:scripting/monoscript/fileName/MyAlgorithms.cs: af94dca5879ebeadb102964fe2ba4c2c -> 
  custom:scripting/monoscript/fileName/TagEffectsPreset.cs: 7660331b4e5025a0b81c1733075d5b78 -> 
  custom:scripting/monoscript/fileName/Effect_Rotate.cs: ffdcc32648b4f2ece65aebb867cbbb0e -> 
  custom:video-encoder-webm-vp8: eb34c28f22e8b96e1ab97ce403110664 -> 
  custom:audio-decoder-ogg-vorbis: bf7c407c2cedff20999df2af8eb42d56 -> 
  custom:scripting/monoscript/fileName/WarningsPool.cs: fe4fa1866c40657be6a51b3604c9b41a -> 
  custom:scripting/monoscript/fileName/MyString.cs: 37ddb2560db549b377c16ed27598cb79 -> 
  custom:scripting/monoscript/fileName/TextEffectStatus.cs: 0d9a417212ada6670935a5511afc12b9 -> 
  custom:scripting/monoscript/fileName/TextEffect.cs: b3399054379a13f493415819f2b26d02 -> 
  custom:scripting/monoscript/fileName/MinMaxRangeAttribute.cs: 290170215b5b7bdd3fb5340a79339fb0 -> 
  custom:scripting/monoscript/fileName/AttributeBaseDrawer.cs: 26c86ce1d32ef473ff54fac3b3f34384 -> 
  custom:scripting/monoscript/fileName/ConditionalData.cs: 31d8359f80de1f6456e27c8f052f735f -> 
  custom:scripting/monoscript/fileName/CollectionWrapper.cs: 1d692121383b052bc3c42bd312cb03d9 -> 
  custom:audio-encoder-webm-vorbis: bf7c407c2cedff20999df2af8eb42d56 -> 
  custom:scripting/monoscript/fileName/TimeUtil.cs: f1db10614389fe8436f67f4138e33eab -> 
  custom:scripting/monoscript/fileName/MyCollections.cs: 1573b6e8eec6809de8e4f734cd42ac53 -> 
  custom:scripting/monoscript/fileName/PerVertexEffectEditor.cs: 0e08baf525303c472bfaf41752a7f457 -> 
  custom:scripting/monoscript/fileName/MyReflection.cs: 912dd491c7847901aa49939904b2f1dd -> 
========================================================================
Received Prepare
Begin MonoManager ReloadAssembly
Thread 0x310f87000 may have been prematurely finalized
- Loaded All Assemblies, in  0.428 seconds
Refreshing native plugins compatible for Editor in 1.33 ms, found 2 plugins.
Native extension for WindowsStandalone target not found
Native extension for AppleTV target not found
Native extension for iOS target not found
Native extension for OSXStandalone target not found
Native extension for WebGL target not found
Mono: successfully reloaded assembly
- Finished resetting the current domain, in  1.176 seconds
Domain Reload Profiling: 1605ms
	BeginReloadAssembly (137ms)
		ExecutionOrderSort (0ms)
		DisableScriptedObjects (5ms)
		BackupInstance (0ms)
		ReleaseScriptingObjects (0ms)
		CreateAndSetChildDomain (50ms)
	RebuildCommonClasses (47ms)
	RebuildNativeTypeToScriptingClass (16ms)
	initialDomainReloadingComplete (25ms)
	LoadAllAssembliesAndSetupDomain (204ms)
		LoadAssemblies (237ms)
		RebuildTransferFunctionScriptingTraits (0ms)
		AnalyzeDomain (17ms)
			TypeCache.Refresh (10ms)
				TypeCache.ScanAssembly (0ms)
			ScanForSourceGeneratedMonoScriptInfo (0ms)
			ResolveRequiredComponents (6ms)
	FinalizeReload (1177ms)
		ReleaseScriptCaches (0ms)
		RebuildScriptCaches (0ms)
		SetupLoadedEditorAssemblies (633ms)
			LogAssemblyErrors (0ms)
			InitializePlatformSupportModulesInManaged (28ms)
			SetLoadedEditorAssemblies (6ms)
			RefreshPlugins (0ms)
			BeforeProcessingInitializeOnLoad (63ms)
			ProcessInitializeOnLoadAttributes (507ms)
			ProcessInitializeOnLoadMethodAttributes (28ms)
			AfterProcessingInitializeOnLoad (1ms)
			EditorAssembliesLoaded (0ms)
		ExecutionOrderSort2 (0ms)
		AwakeInstancesAfterBackupRestoration (5ms)
Refreshing native plugins compatible for Editor in 2.16 ms, found 2 plugins.
Preloading 0 native plugins for Editor in 0.00 ms.
Unloading 3152 Unused Serialized files (Serialized files now loaded: 0)
Unloading 21 unused Assets / (31.1 KB). Loaded Objects now: 3652.
Memory consumption went from 168.7 MB to 168.7 MB.
Total: 5.516833 ms (FindLiveObjects: 0.214833 ms CreateObjectMapping: 0.103083 ms MarkObjects: 5.092250 ms  DeleteObjects: 0.105084 ms)

Prepare: number of updated asset objects reloaded= 0
AssetImportParameters requested are different than current active one (requested -> active):
  custom:scripting/monoscript/fileName/GlobalTextEffectEntry.cs: c33c6024380cd43b3456fe6aea6f41ce -> 
  custom:scripting/monoscript/fileName/FoldBoxAttribute.cs: 66ff91a3485d06d36b8511fad6212f92 -> 
  custom:container-demuxer-ogg: 62fdf1f143b41e24485cea50d1cbac27 -> 
  custom:scripting/monoscript/fileName/MyDebug.cs: f3faef2d00c537158ab87ca513b25292 -> 
  custom:scripting/monoscript/fileName/MinMax.cs: 1c24b444ecff0bdeaf87d2edcb9d5029 -> 
  custom:scripting/monoscript/fileName/EditorDocumentation.cs: 934fb06e6a0b5b2798793a45828d3d5f -> 
  custom:scripting/monoscript/fileName/Effect_PerVertex.cs: 3f70f7fc3d4f9bfb1e10cd5e53684ee7 -> 
  custom:video-decoder-ogg-theora: a1e56fd34408186e4bbccfd4996cb3dc -> 
  custom:scripting/monoscript/fileName/MySerializedProperty.cs: 782cc9e912ef11023f0b93b5cae175e2 -> 
  custom:scripting/monoscript/fileName/CompositeEffectEditor.cs: 271d2f481fc4dff6734c055f2943e5d2 -> 
  custom:scripting/monoscript/fileName/TextEffect_Base.cs: 1b9a39eb3f7eb4d420cb56ed888ca97e -> 
  custom:scripting/monoscript/fileName/Effect_Scale.cs: 24350027199be1e1c520c27be9f8fbb9 -> 
  custom:scripting/monoscript/fileName/Effect_Color.cs: f5bc93c86b81ba37fa611632e3ecfb7f -> 
  custom:scripting/monoscript/fileName/Effect_Composite.cs: f3f7d32be82537fa78159e8943c1f1a7 -> 
  custom:CustomObjectIndexerAttribute: 756ad292c208cfabdd7b50bc23989ffe -> 
  custom:scripting/monoscript/fileName/TextEffectInstance.cs: 8d710191666e5c8cce9c6d33f66fafeb -> 
  custom:container-demuxer-webm: 4f35f7cbe854078d1ac9338744f61a02 -> 
  custom:scripting/monoscript/fileName/ButtonMethodAttribute.cs: cf389342635f998ab935cfcb5ae933df -> 
  custom:scripting/monoscript/fileName/ToggleDocAttribute.cs: d3c69a3f433376abbde86a297f4193a9 -> 
  custom:scripting/monoscript/fileName/MyHandles.cs: cc579ce2a9f371e54e4420275e0ac078 -> 
  custom:scripting/monoscript/fileName/ConditionalUtility.cs: 1205d2bd05e1eefe510065c234dd0f0e -> 
  custom:scripting/monoscript/fileName/MyCommonConstants.cs: afab7efaf9564dc9a7324c32dd196775 -> 
  custom:scripting/monoscript/fileName/CustomDrawerUtility.cs: 4fd84f09df56fbc0319d9bd7f922e98c -> 
  custom:container-muxer-webm: aa71ff27fc2769a1b78a27578f13a17b -> 
  custom:video-decoder-webm-vp8: 9c59270c3fd7afecdb556c50c9e8de78 -> 
  custom:SearchIndexIgnoredProperties: e643bd26f0fe6173181afceb89e7c659 -> 
  custom:AudioImporter_EditorPlatform: 3918e3fc78b5a79bad01e8451be0beb8 -> 
  custom:scripting/monoscript/fileName/ToggleDocAttributeDrawer.cs: e106f856849e4750d3809a4f241b1be2 -> 
  custom:scripting/monoscript/fileName/TextEffectEditor.cs: d3d8a1e5c2004b60d32f761eb093cf1b -> 
  custom:scripting/monoscript/fileName/MyColor.cs: 11671538b011fd3f337af43bc02e0c13 -> 
  custom:scripting/monoscript/fileName/AttributeBase.cs: d4cbb11724ea712d431b5cd07124907e -> 
  custom:scripting/monoscript/fileName/FoldBoxAttributeDrawer.cs: 7cddfc9687649703e6a68527865794bc -> 
  custom:scripting/monoscript/fileName/ConditionalFieldAttribute.cs: e6d9fd24956977713db9ec59b2642d84 -> 
  custom:scripting/monoscript/fileName/Effect_Move.cs: ef5516b861ddd6742709a32c4d74ed0d -> 
  custom:framework-osx-AVFoundation: e770b220cccbd017edd2c1fefb359320 -> 
  custom:scripting/monoscript/fileName/MyAlgorithms.cs: af94dca5879ebeadb102964fe2ba4c2c -> 
  custom:scripting/monoscript/fileName/TagEffectsPreset.cs: 7660331b4e5025a0b81c1733075d5b78 -> 
  custom:scripting/monoscript/fileName/Effect_Rotate.cs: ffdcc32648b4f2ece65aebb867cbbb0e -> 
  custom:video-encoder-webm-vp8: eb34c28f22e8b96e1ab97ce403110664 -> 
  custom:audio-decoder-ogg-vorbis: bf7c407c2cedff20999df2af8eb42d56 -> 
  custom:scripting/monoscript/fileName/WarningsPool.cs: fe4fa1866c40657be6a51b3604c9b41a -> 
  custom:scripting/monoscript/fileName/MyString.cs: 37ddb2560db549b377c16ed27598cb79 -> 
  custom:scripting/monoscript/fileName/TextEffectStatus.cs: 0d9a417212ada6670935a5511afc12b9 -> 
  custom:scripting/monoscript/fileName/TextEffect.cs: b3399054379a13f493415819f2b26d02 -> 
  custom:scripting/monoscript/fileName/MinMaxRangeAttribute.cs: 290170215b5b7bdd3fb5340a79339fb0 -> 
  custom:scripting/monoscript/fileName/AttributeBaseDrawer.cs: 26c86ce1d32ef473ff54fac3b3f34384 -> 
  custom:scripting/monoscript/fileName/ConditionalData.cs: 31d8359f80de1f6456e27c8f052f735f -> 
  custom:scripting/monoscript/fileName/CollectionWrapper.cs: 1d692121383b052bc3c42bd312cb03d9 -> 
  custom:audio-encoder-webm-vorbis: bf7c407c2cedff20999df2af8eb42d56 -> 
  custom:scripting/monoscript/fileName/TimeUtil.cs: f1db10614389fe8436f67f4138e33eab -> 
  custom:scripting/monoscript/fileName/MyCollections.cs: 1573b6e8eec6809de8e4f734cd42ac53 -> 
  custom:scripting/monoscript/fileName/PerVertexEffectEditor.cs: 0e08baf525303c472bfaf41752a7f457 -> 
  custom:scripting/monoscript/fileName/MyReflection.cs: 912dd491c7847901aa49939904b2f1dd -> 
========================================================================
Received Prepare
Begin MonoManager ReloadAssembly
Thread 0x310f87000 may have been prematurely finalized
- Loaded All Assemblies, in  0.426 seconds
Refreshing native plugins compatible for Editor in 1.19 ms, found 2 plugins.
Native extension for WindowsStandalone target not found
Native extension for AppleTV target not found
Native extension for iOS target not found
Native extension for OSXStandalone target not found
Native extension for WebGL target not found
Mono: successfully reloaded assembly
- Finished resetting the current domain, in  0.893 seconds
Domain Reload Profiling: 1320ms
	BeginReloadAssembly (136ms)
		ExecutionOrderSort (0ms)
		DisableScriptedObjects (5ms)
		BackupInstance (0ms)
		ReleaseScriptingObjects (0ms)
		CreateAndSetChildDomain (50ms)
	RebuildCommonClasses (47ms)
	RebuildNativeTypeToScriptingClass (15ms)
	initialDomainReloadingComplete (24ms)
	LoadAllAssembliesAndSetupDomain (203ms)
		LoadAssemblies (236ms)
		RebuildTransferFunctionScriptingTraits (0ms)
		AnalyzeDomain (18ms)
			TypeCache.Refresh (10ms)
				TypeCache.ScanAssembly (0ms)
			ScanForSourceGeneratedMonoScriptInfo (0ms)
			ResolveRequiredComponents (7ms)
	FinalizeReload (894ms)
		ReleaseScriptCaches (0ms)
		RebuildScriptCaches (0ms)
		SetupLoadedEditorAssemblies (378ms)
			LogAssemblyErrors (0ms)
			InitializePlatformSupportModulesInManaged (25ms)
			SetLoadedEditorAssemblies (5ms)
			RefreshPlugins (0ms)
			BeforeProcessingInitializeOnLoad (54ms)
			ProcessInitializeOnLoadAttributes (269ms)
			ProcessInitializeOnLoadMethodAttributes (23ms)
			AfterProcessingInitializeOnLoad (1ms)
			EditorAssembliesLoaded (0ms)
		ExecutionOrderSort2 (0ms)
		AwakeInstancesAfterBackupRestoration (5ms)
Refreshing native plugins compatible for Editor in 1.15 ms, found 2 plugins.
Preloading 0 native plugins for Editor in 0.00 ms.
Unloading 3152 Unused Serialized files (Serialized files now loaded: 0)
Unloading 21 unused Assets / (31.1 KB). Loaded Objects now: 3655.
Memory consumption went from 175.6 MB to 175.6 MB.
Total: 3.323375 ms (FindLiveObjects: 0.185583 ms CreateObjectMapping: 0.057375 ms MarkObjects: 3.003500 ms  DeleteObjects: 0.075541 ms)

Prepare: number of updated asset objects reloaded= 0
AssetImportParameters requested are different than current active one (requested -> active):
  custom:scripting/monoscript/fileName/GlobalTextEffectEntry.cs: c33c6024380cd43b3456fe6aea6f41ce -> 
  custom:scripting/monoscript/fileName/FoldBoxAttribute.cs: 66ff91a3485d06d36b8511fad6212f92 -> 
  custom:container-demuxer-ogg: 62fdf1f143b41e24485cea50d1cbac27 -> 
  custom:scripting/monoscript/fileName/MyDebug.cs: f3faef2d00c537158ab87ca513b25292 -> 
  custom:scripting/monoscript/fileName/MinMax.cs: 1c24b444ecff0bdeaf87d2edcb9d5029 -> 
  custom:scripting/monoscript/fileName/EditorDocumentation.cs: 934fb06e6a0b5b2798793a45828d3d5f -> 
  custom:scripting/monoscript/fileName/Effect_PerVertex.cs: 3f70f7fc3d4f9bfb1e10cd5e53684ee7 -> 
  custom:video-decoder-ogg-theora: a1e56fd34408186e4bbccfd4996cb3dc -> 
  custom:scripting/monoscript/fileName/MySerializedProperty.cs: 782cc9e912ef11023f0b93b5cae175e2 -> 
  custom:scripting/monoscript/fileName/CompositeEffectEditor.cs: 271d2f481fc4dff6734c055f2943e5d2 -> 
  custom:scripting/monoscript/fileName/TextEffect_Base.cs: 1b9a39eb3f7eb4d420cb56ed888ca97e -> 
  custom:scripting/monoscript/fileName/Effect_Scale.cs: 24350027199be1e1c520c27be9f8fbb9 -> 
  custom:scripting/monoscript/fileName/Effect_Color.cs: f5bc93c86b81ba37fa611632e3ecfb7f -> 
  custom:scripting/monoscript/fileName/Effect_Composite.cs: f3f7d32be82537fa78159e8943c1f1a7 -> 
  custom:CustomObjectIndexerAttribute: 756ad292c208cfabdd7b50bc23989ffe -> 
  custom:scripting/monoscript/fileName/TextEffectInstance.cs: 8d710191666e5c8cce9c6d33f66fafeb -> 
  custom:container-demuxer-webm: 4f35f7cbe854078d1ac9338744f61a02 -> 
  custom:scripting/monoscript/fileName/ButtonMethodAttribute.cs: cf389342635f998ab935cfcb5ae933df -> 
  custom:scripting/monoscript/fileName/ToggleDocAttribute.cs: d3c69a3f433376abbde86a297f4193a9 -> 
  custom:scripting/monoscript/fileName/MyHandles.cs: cc579ce2a9f371e54e4420275e0ac078 -> 
  custom:scripting/monoscript/fileName/ConditionalUtility.cs: 1205d2bd05e1eefe510065c234dd0f0e -> 
  custom:scripting/monoscript/fileName/MyCommonConstants.cs: afab7efaf9564dc9a7324c32dd196775 -> 
  custom:scripting/monoscript/fileName/CustomDrawerUtility.cs: 4fd84f09df56fbc0319d9bd7f922e98c -> 
  custom:container-muxer-webm: aa71ff27fc2769a1b78a27578f13a17b -> 
  custom:video-decoder-webm-vp8: 9c59270c3fd7afecdb556c50c9e8de78 -> 
  custom:SearchIndexIgnoredProperties: e643bd26f0fe6173181afceb89e7c659 -> 
  custom:AudioImporter_EditorPlatform: 3918e3fc78b5a79bad01e8451be0beb8 -> 
  custom:scripting/monoscript/fileName/ToggleDocAttributeDrawer.cs: e106f856849e4750d3809a4f241b1be2 -> 
  custom:scripting/monoscript/fileName/TextEffectEditor.cs: d3d8a1e5c2004b60d32f761eb093cf1b -> 
  custom:scripting/monoscript/fileName/MyColor.cs: 11671538b011fd3f337af43bc02e0c13 -> 
  custom:scripting/monoscript/fileName/AttributeBase.cs: d4cbb11724ea712d431b5cd07124907e -> 
  custom:scripting/monoscript/fileName/FoldBoxAttributeDrawer.cs: 7cddfc9687649703e6a68527865794bc -> 
  custom:scripting/monoscript/fileName/ConditionalFieldAttribute.cs: e6d9fd24956977713db9ec59b2642d84 -> 
  custom:scripting/monoscript/fileName/Effect_Move.cs: ef5516b861ddd6742709a32c4d74ed0d -> 
  custom:framework-osx-AVFoundation: e770b220cccbd017edd2c1fefb359320 -> 
  custom:scripting/monoscript/fileName/MyAlgorithms.cs: af94dca5879ebeadb102964fe2ba4c2c -> 
  custom:scripting/monoscript/fileName/TagEffectsPreset.cs: 7660331b4e5025a0b81c1733075d5b78 -> 
  custom:scripting/monoscript/fileName/Effect_Rotate.cs: ffdcc32648b4f2ece65aebb867cbbb0e -> 
  custom:video-encoder-webm-vp8: eb34c28f22e8b96e1ab97ce403110664 -> 
  custom:audio-decoder-ogg-vorbis: bf7c407c2cedff20999df2af8eb42d56 -> 
  custom:scripting/monoscript/fileName/WarningsPool.cs: fe4fa1866c40657be6a51b3604c9b41a -> 
  custom:scripting/monoscript/fileName/MyString.cs: 37ddb2560db549b377c16ed27598cb79 -> 
  custom:scripting/monoscript/fileName/TextEffectStatus.cs: 0d9a417212ada6670935a5511afc12b9 -> 
  custom:scripting/monoscript/fileName/TextEffect.cs: b3399054379a13f493415819f2b26d02 -> 
  custom:scripting/monoscript/fileName/MinMaxRangeAttribute.cs: 290170215b5b7bdd3fb5340a79339fb0 -> 
  custom:scripting/monoscript/fileName/AttributeBaseDrawer.cs: 26c86ce1d32ef473ff54fac3b3f34384 -> 
  custom:scripting/monoscript/fileName/ConditionalData.cs: 31d8359f80de1f6456e27c8f052f735f -> 
  custom:scripting/monoscript/fileName/CollectionWrapper.cs: 1d692121383b052bc3c42bd312cb03d9 -> 
  custom:audio-encoder-webm-vorbis: bf7c407c2cedff20999df2af8eb42d56 -> 
  custom:scripting/monoscript/fileName/TimeUtil.cs: f1db10614389fe8436f67f4138e33eab -> 
  custom:scripting/monoscript/fileName/MyCollections.cs: 1573b6e8eec6809de8e4f734cd42ac53 -> 
  custom:scripting/monoscript/fileName/PerVertexEffectEditor.cs: 0e08baf525303c472bfaf41752a7f457 -> 
  custom:scripting/monoscript/fileName/MyReflection.cs: 912dd491c7847901aa49939904b2f1dd -> 
========================================================================
Received Prepare
Begin MonoManager ReloadAssembly
Thread 0x310f87000 may have been prematurely finalized
- Loaded All Assemblies, in  0.845 seconds
Refreshing native plugins compatible for Editor in 1.74 ms, found 2 plugins.
Native extension for WindowsStandalone target not found
Native extension for AppleTV target not found
Native extension for iOS target not found
Native extension for OSXStandalone target not found
Native extension for WebGL target not found
Mono: successfully reloaded assembly
- Finished resetting the current domain, in  1.127 seconds
Domain Reload Profiling: 1973ms
	BeginReloadAssembly (115ms)
		ExecutionOrderSort (0ms)
		DisableScriptedObjects (4ms)
		BackupInstance (0ms)
		ReleaseScriptingObjects (0ms)
		CreateAndSetChildDomain (41ms)
	RebuildCommonClasses (246ms)
	RebuildNativeTypeToScriptingClass (41ms)
	initialDomainReloadingComplete (73ms)
	LoadAllAssembliesAndSetupDomain (371ms)
		LoadAssemblies (387ms)
		RebuildTransferFunctionScriptingTraits (0ms)
		AnalyzeDomain (24ms)
			TypeCache.Refresh (16ms)
				TypeCache.ScanAssembly (0ms)
			ScanForSourceGeneratedMonoScriptInfo (0ms)
			ResolveRequiredComponents (7ms)
	FinalizeReload (1128ms)
		ReleaseScriptCaches (0ms)
		RebuildScriptCaches (0ms)
		SetupLoadedEditorAssemblies (541ms)
			LogAssemblyErrors (0ms)
			InitializePlatformSupportModulesInManaged (25ms)
			SetLoadedEditorAssemblies (5ms)
			RefreshPlugins (0ms)
			BeforeProcessingInitializeOnLoad (58ms)
			ProcessInitializeOnLoadAttributes (406ms)
			ProcessInitializeOnLoadMethodAttributes (43ms)
			AfterProcessingInitializeOnLoad (2ms)
			EditorAssembliesLoaded (0ms)
		ExecutionOrderSort2 (0ms)
		AwakeInstancesAfterBackupRestoration (9ms)
Refreshing native plugins compatible for Editor in 1.05 ms, found 2 plugins.
Preloading 0 native plugins for Editor in 0.00 ms.
Unloading 3152 Unused Serialized files (Serialized files now loaded: 0)
Unloading 21 unused Assets / (31.1 KB). Loaded Objects now: 3658.
Memory consumption went from 182.6 MB to 182.5 MB.
Total: 3.525458 ms (FindLiveObjects: 0.161959 ms CreateObjectMapping: 0.064583 ms MarkObjects: 3.216250 ms  DeleteObjects: 0.081709 ms)

Prepare: number of updated asset objects reloaded= 0
AssetImportParameters requested are different than current active one (requested -> active):
  custom:scripting/monoscript/fileName/GlobalTextEffectEntry.cs: c33c6024380cd43b3456fe6aea6f41ce -> 
  custom:scripting/monoscript/fileName/FoldBoxAttribute.cs: 66ff91a3485d06d36b8511fad6212f92 -> 
  custom:container-demuxer-ogg: 62fdf1f143b41e24485cea50d1cbac27 -> 
  custom:scripting/monoscript/fileName/MyDebug.cs: f3faef2d00c537158ab87ca513b25292 -> 
  custom:scripting/monoscript/fileName/MinMax.cs: 1c24b444ecff0bdeaf87d2edcb9d5029 -> 
  custom:scripting/monoscript/fileName/EditorDocumentation.cs: 934fb06e6a0b5b2798793a45828d3d5f -> 
  custom:scripting/monoscript/fileName/Effect_PerVertex.cs: 3f70f7fc3d4f9bfb1e10cd5e53684ee7 -> 
  custom:video-decoder-ogg-theora: a1e56fd34408186e4bbccfd4996cb3dc -> 
  custom:scripting/monoscript/fileName/MySerializedProperty.cs: 782cc9e912ef11023f0b93b5cae175e2 -> 
  custom:scripting/monoscript/fileName/CompositeEffectEditor.cs: 271d2f481fc4dff6734c055f2943e5d2 -> 
  custom:scripting/monoscript/fileName/TextEffect_Base.cs: 1b9a39eb3f7eb4d420cb56ed888ca97e -> 
  custom:scripting/monoscript/fileName/Effect_Scale.cs: 24350027199be1e1c520c27be9f8fbb9 -> 
  custom:scripting/monoscript/fileName/Effect_Color.cs: f5bc93c86b81ba37fa611632e3ecfb7f -> 
  custom:scripting/monoscript/fileName/Effect_Composite.cs: f3f7d32be82537fa78159e8943c1f1a7 -> 
  custom:CustomObjectIndexerAttribute: 756ad292c208cfabdd7b50bc23989ffe -> 
  custom:scripting/monoscript/fileName/TextEffectInstance.cs: 8d710191666e5c8cce9c6d33f66fafeb -> 
  custom:container-demuxer-webm: 4f35f7cbe854078d1ac9338744f61a02 -> 
  custom:scripting/monoscript/fileName/ButtonMethodAttribute.cs: cf389342635f998ab935cfcb5ae933df -> 
  custom:scripting/monoscript/fileName/ToggleDocAttribute.cs: d3c69a3f433376abbde86a297f4193a9 -> 
  custom:scripting/monoscript/fileName/MyHandles.cs: cc579ce2a9f371e54e4420275e0ac078 -> 
  custom:scripting/monoscript/fileName/ConditionalUtility.cs: 1205d2bd05e1eefe510065c234dd0f0e -> 
  custom:scripting/monoscript/fileName/MyCommonConstants.cs: afab7efaf9564dc9a7324c32dd196775 -> 
  custom:scripting/monoscript/fileName/CustomDrawerUtility.cs: 4fd84f09df56fbc0319d9bd7f922e98c -> 
  custom:container-muxer-webm: aa71ff27fc2769a1b78a27578f13a17b -> 
  custom:video-decoder-webm-vp8: 9c59270c3fd7afecdb556c50c9e8de78 -> 
  custom:SearchIndexIgnoredProperties: e643bd26f0fe6173181afceb89e7c659 -> 
  custom:AudioImporter_EditorPlatform: 3918e3fc78b5a79bad01e8451be0beb8 -> 
  custom:scripting/monoscript/fileName/ToggleDocAttributeDrawer.cs: e106f856849e4750d3809a4f241b1be2 -> 
  custom:scripting/monoscript/fileName/TextEffectEditor.cs: d3d8a1e5c2004b60d32f761eb093cf1b -> 
  custom:scripting/monoscript/fileName/MyColor.cs: 11671538b011fd3f337af43bc02e0c13 -> 
  custom:scripting/monoscript/fileName/AttributeBase.cs: d4cbb11724ea712d431b5cd07124907e -> 
  custom:scripting/monoscript/fileName/FoldBoxAttributeDrawer.cs: 7cddfc9687649703e6a68527865794bc -> 
  custom:scripting/monoscript/fileName/ConditionalFieldAttribute.cs: e6d9fd24956977713db9ec59b2642d84 -> 
  custom:scripting/monoscript/fileName/Effect_Move.cs: ef5516b861ddd6742709a32c4d74ed0d -> 
  custom:framework-osx-AVFoundation: e770b220cccbd017edd2c1fefb359320 -> 
  custom:scripting/monoscript/fileName/MyAlgorithms.cs: af94dca5879ebeadb102964fe2ba4c2c -> 
  custom:scripting/monoscript/fileName/TagEffectsPreset.cs: 7660331b4e5025a0b81c1733075d5b78 -> 
  custom:scripting/monoscript/fileName/Effect_Rotate.cs: ffdcc32648b4f2ece65aebb867cbbb0e -> 
  custom:video-encoder-webm-vp8: eb34c28f22e8b96e1ab97ce403110664 -> 
  custom:audio-decoder-ogg-vorbis: bf7c407c2cedff20999df2af8eb42d56 -> 
  custom:scripting/monoscript/fileName/WarningsPool.cs: fe4fa1866c40657be6a51b3604c9b41a -> 
  custom:scripting/monoscript/fileName/MyString.cs: 37ddb2560db549b377c16ed27598cb79 -> 
  custom:scripting/monoscript/fileName/TextEffectStatus.cs: 0d9a417212ada6670935a5511afc12b9 -> 
  custom:scripting/monoscript/fileName/TextEffect.cs: b3399054379a13f493415819f2b26d02 -> 
  custom:scripting/monoscript/fileName/MinMaxRangeAttribute.cs: 290170215b5b7bdd3fb5340a79339fb0 -> 
  custom:scripting/monoscript/fileName/AttributeBaseDrawer.cs: 26c86ce1d32ef473ff54fac3b3f34384 -> 
  custom:scripting/monoscript/fileName/ConditionalData.cs: 31d8359f80de1f6456e27c8f052f735f -> 
  custom:scripting/monoscript/fileName/CollectionWrapper.cs: 1d692121383b052bc3c42bd312cb03d9 -> 
  custom:audio-encoder-webm-vorbis: bf7c407c2cedff20999df2af8eb42d56 -> 
  custom:scripting/monoscript/fileName/TimeUtil.cs: f1db10614389fe8436f67f4138e33eab -> 
  custom:scripting/monoscript/fileName/MyCollections.cs: 1573b6e8eec6809de8e4f734cd42ac53 -> 
  custom:scripting/monoscript/fileName/PerVertexEffectEditor.cs: 0e08baf525303c472bfaf41752a7f457 -> 
  custom:scripting/monoscript/fileName/MyReflection.cs: 912dd491c7847901aa49939904b2f1dd -> 
========================================================================
Received Prepare
Begin MonoManager ReloadAssembly
Thread 0x310f87000 may have been prematurely finalized
- Loaded All Assemblies, in  0.523 seconds
Refreshing native plugins compatible for Editor in 1.36 ms, found 2 plugins.
Native extension for WindowsStandalone target not found
Native extension for AppleTV target not found
Native extension for iOS target not found
Native extension for OSXStandalone target not found
Native extension for WebGL target not found
Mono: successfully reloaded assembly
- Finished resetting the current domain, in  1.046 seconds
Domain Reload Profiling: 1570ms
	BeginReloadAssembly (174ms)
		ExecutionOrderSort (0ms)
		DisableScriptedObjects (6ms)
		BackupInstance (0ms)
		ReleaseScriptingObjects (0ms)
		CreateAndSetChildDomain (65ms)
	RebuildCommonClasses (58ms)
	RebuildNativeTypeToScriptingClass (21ms)
	initialDomainReloadingComplete (34ms)
	LoadAllAssembliesAndSetupDomain (236ms)
		LoadAssemblies (285ms)
		RebuildTransferFunctionScriptingTraits (0ms)
		AnalyzeDomain (20ms)
			TypeCache.Refresh (11ms)
				TypeCache.ScanAssembly (0ms)
			ScanForSourceGeneratedMonoScriptInfo (0ms)
			ResolveRequiredComponents (8ms)
	FinalizeReload (1047ms)
		ReleaseScriptCaches (0ms)
		RebuildScriptCaches (0ms)
		SetupLoadedEditorAssemblies (488ms)
			LogAssemblyErrors (0ms)
			InitializePlatformSupportModulesInManaged (26ms)
			SetLoadedEditorAssemblies (5ms)
			RefreshPlugins (0ms)
			BeforeProcessingInitializeOnLoad (55ms)
			ProcessInitializeOnLoadAttributes (370ms)
			ProcessInitializeOnLoadMethodAttributes (31ms)
			AfterProcessingInitializeOnLoad (2ms)
			EditorAssembliesLoaded (0ms)
		ExecutionOrderSort2 (0ms)
		AwakeInstancesAfterBackupRestoration (5ms)
Refreshing native plugins compatible for Editor in 0.93 ms, found 2 plugins.
Preloading 0 native plugins for Editor in 0.00 ms.
Unloading 3152 Unused Serialized files (Serialized files now loaded: 0)
Unloading 21 unused Assets / (31.1 KB). Loaded Objects now: 3661.
Memory consumption went from 189.3 MB to 189.3 MB.
Total: 4.050666 ms (FindLiveObjects: 0.175958 ms CreateObjectMapping: 0.080417 ms MarkObjects: 3.731667 ms  DeleteObjects: 0.061667 ms)

Prepare: number of updated asset objects reloaded= 0
AssetImportParameters requested are different than current active one (requested -> active):
  custom:scripting/monoscript/fileName/GlobalTextEffectEntry.cs: c33c6024380cd43b3456fe6aea6f41ce -> 
  custom:scripting/monoscript/fileName/FoldBoxAttribute.cs: 66ff91a3485d06d36b8511fad6212f92 -> 
  custom:container-demuxer-ogg: 62fdf1f143b41e24485cea50d1cbac27 -> 
  custom:scripting/monoscript/fileName/MyDebug.cs: f3faef2d00c537158ab87ca513b25292 -> 
  custom:scripting/monoscript/fileName/MinMax.cs: 1c24b444ecff0bdeaf87d2edcb9d5029 -> 
  custom:scripting/monoscript/fileName/EditorDocumentation.cs: 934fb06e6a0b5b2798793a45828d3d5f -> 
  custom:scripting/monoscript/fileName/Effect_PerVertex.cs: 3f70f7fc3d4f9bfb1e10cd5e53684ee7 -> 
  custom:video-decoder-ogg-theora: a1e56fd34408186e4bbccfd4996cb3dc -> 
  custom:scripting/monoscript/fileName/MySerializedProperty.cs: 782cc9e912ef11023f0b93b5cae175e2 -> 
  custom:scripting/monoscript/fileName/CompositeEffectEditor.cs: 271d2f481fc4dff6734c055f2943e5d2 -> 
  custom:scripting/monoscript/fileName/TextEffect_Base.cs: 1b9a39eb3f7eb4d420cb56ed888ca97e -> 
  custom:scripting/monoscript/fileName/Effect_Scale.cs: 24350027199be1e1c520c27be9f8fbb9 -> 
  custom:scripting/monoscript/fileName/Effect_Color.cs: f5bc93c86b81ba37fa611632e3ecfb7f -> 
  custom:scripting/monoscript/fileName/Effect_Composite.cs: f3f7d32be82537fa78159e8943c1f1a7 -> 
  custom:CustomObjectIndexerAttribute: 756ad292c208cfabdd7b50bc23989ffe -> 
  custom:scripting/monoscript/fileName/TextEffectInstance.cs: 8d710191666e5c8cce9c6d33f66fafeb -> 
  custom:container-demuxer-webm: 4f35f7cbe854078d1ac9338744f61a02 -> 
  custom:scripting/monoscript/fileName/ButtonMethodAttribute.cs: cf389342635f998ab935cfcb5ae933df -> 
  custom:scripting/monoscript/fileName/ToggleDocAttribute.cs: d3c69a3f433376abbde86a297f4193a9 -> 
  custom:scripting/monoscript/fileName/MyHandles.cs: cc579ce2a9f371e54e4420275e0ac078 -> 
  custom:scripting/monoscript/fileName/ConditionalUtility.cs: 1205d2bd05e1eefe510065c234dd0f0e -> 
  custom:scripting/monoscript/fileName/MyCommonConstants.cs: afab7efaf9564dc9a7324c32dd196775 -> 
  custom:scripting/monoscript/fileName/CustomDrawerUtility.cs: 4fd84f09df56fbc0319d9bd7f922e98c -> 
  custom:container-muxer-webm: aa71ff27fc2769a1b78a27578f13a17b -> 
  custom:video-decoder-webm-vp8: 9c59270c3fd7afecdb556c50c9e8de78 -> 
  custom:SearchIndexIgnoredProperties: e643bd26f0fe6173181afceb89e7c659 -> 
  custom:AudioImporter_EditorPlatform: 3918e3fc78b5a79bad01e8451be0beb8 -> 
  custom:scripting/monoscript/fileName/ToggleDocAttributeDrawer.cs: e106f856849e4750d3809a4f241b1be2 -> 
  custom:scripting/monoscript/fileName/TextEffectEditor.cs: d3d8a1e5c2004b60d32f761eb093cf1b -> 
  custom:scripting/monoscript/fileName/MyColor.cs: 11671538b011fd3f337af43bc02e0c13 -> 
  custom:scripting/monoscript/fileName/AttributeBase.cs: d4cbb11724ea712d431b5cd07124907e -> 
  custom:scripting/monoscript/fileName/FoldBoxAttributeDrawer.cs: 7cddfc9687649703e6a68527865794bc -> 
  custom:scripting/monoscript/fileName/ConditionalFieldAttribute.cs: e6d9fd24956977713db9ec59b2642d84 -> 
  custom:scripting/monoscript/fileName/Effect_Move.cs: ef5516b861ddd6742709a32c4d74ed0d -> 
  custom:framework-osx-AVFoundation: e770b220cccbd017edd2c1fefb359320 -> 
  custom:scripting/monoscript/fileName/MyAlgorithms.cs: af94dca5879ebeadb102964fe2ba4c2c -> 
  custom:scripting/monoscript/fileName/TagEffectsPreset.cs: 7660331b4e5025a0b81c1733075d5b78 -> 
  custom:scripting/monoscript/fileName/Effect_Rotate.cs: ffdcc32648b4f2ece65aebb867cbbb0e -> 
  custom:video-encoder-webm-vp8: eb34c28f22e8b96e1ab97ce403110664 -> 
  custom:audio-decoder-ogg-vorbis: bf7c407c2cedff20999df2af8eb42d56 -> 
  custom:scripting/monoscript/fileName/WarningsPool.cs: fe4fa1866c40657be6a51b3604c9b41a -> 
  custom:scripting/monoscript/fileName/MyString.cs: 37ddb2560db549b377c16ed27598cb79 -> 
  custom:scripting/monoscript/fileName/TextEffectStatus.cs: 0d9a417212ada6670935a5511afc12b9 -> 
  custom:scripting/monoscript/fileName/TextEffect.cs: b3399054379a13f493415819f2b26d02 -> 
  custom:scripting/monoscript/fileName/MinMaxRangeAttribute.cs: 290170215b5b7bdd3fb5340a79339fb0 -> 
  custom:scripting/monoscript/fileName/AttributeBaseDrawer.cs: 26c86ce1d32ef473ff54fac3b3f34384 -> 
  custom:scripting/monoscript/fileName/ConditionalData.cs: 31d8359f80de1f6456e27c8f052f735f -> 
  custom:scripting/monoscript/fileName/CollectionWrapper.cs: 1d692121383b052bc3c42bd312cb03d9 -> 
  custom:audio-encoder-webm-vorbis: bf7c407c2cedff20999df2af8eb42d56 -> 
  custom:scripting/monoscript/fileName/TimeUtil.cs: f1db10614389fe8436f67f4138e33eab -> 
  custom:scripting/monoscript/fileName/MyCollections.cs: 1573b6e8eec6809de8e4f734cd42ac53 -> 
  custom:scripting/monoscript/fileName/PerVertexEffectEditor.cs: 0e08baf525303c472bfaf41752a7f457 -> 
  custom:scripting/monoscript/fileName/MyReflection.cs: 912dd491c7847901aa49939904b2f1dd -> 
========================================================================
Received Prepare
Begin MonoManager ReloadAssembly
Thread 0x30bd93000 may have been prematurely finalized
- Loaded All Assemblies, in  0.411 seconds
Refreshing native plugins compatible for Editor in 1.26 ms, found 2 plugins.
Native extension for WindowsStandalone target not found
Native extension for AppleTV target not found
Native extension for iOS target not found
Native extension for OSXStandalone target not found
Native extension for WebGL target not found
Mono: successfully reloaded assembly
- Finished resetting the current domain, in  0.877 seconds
Domain Reload Profiling: 1289ms
	BeginReloadAssembly (131ms)
		ExecutionOrderSort (0ms)
		DisableScriptedObjects (5ms)
		BackupInstance (0ms)
		ReleaseScriptingObjects (0ms)
		CreateAndSetChildDomain (49ms)
	RebuildCommonClasses (47ms)
	RebuildNativeTypeToScriptingClass (15ms)
	initialDomainReloadingComplete (24ms)
	LoadAllAssembliesAndSetupDomain (194ms)
		LoadAssemblies (222ms)
		RebuildTransferFunctionScriptingTraits (0ms)
		AnalyzeDomain (18ms)
			TypeCache.Refresh (10ms)
				TypeCache.ScanAssembly (0ms)
			ScanForSourceGeneratedMonoScriptInfo (0ms)
			ResolveRequiredComponents (6ms)
	FinalizeReload (878ms)
		ReleaseScriptCaches (0ms)
		RebuildScriptCaches (0ms)
		SetupLoadedEditorAssemblies (382ms)
			LogAssemblyErrors (0ms)
			InitializePlatformSupportModulesInManaged (24ms)
			SetLoadedEditorAssemblies (5ms)
			RefreshPlugins (0ms)
			BeforeProcessingInitializeOnLoad (55ms)
			ProcessInitializeOnLoadAttributes (272ms)
			ProcessInitializeOnLoadMethodAttributes (25ms)
			AfterProcessingInitializeOnLoad (1ms)
			EditorAssembliesLoaded (0ms)
		ExecutionOrderSort2 (0ms)
		AwakeInstancesAfterBackupRestoration (5ms)
Refreshing native plugins compatible for Editor in 1.13 ms, found 2 plugins.
Preloading 0 native plugins for Editor in 0.00 ms.
Unloading 3152 Unused Serialized files (Serialized files now loaded: 0)
Unloading 21 unused Assets / (31.1 KB). Loaded Objects now: 3664.
Memory consumption went from 196.2 MB to 196.2 MB.
Total: 3.224917 ms (FindLiveObjects: 0.137291 ms CreateObjectMapping: 0.060667 ms MarkObjects: 2.966666 ms  DeleteObjects: 0.059333 ms)

Prepare: number of updated asset objects reloaded= 0
AssetImportParameters requested are different than current active one (requested -> active):
  custom:scripting/monoscript/fileName/GlobalTextEffectEntry.cs: c33c6024380cd43b3456fe6aea6f41ce -> 
  custom:scripting/monoscript/fileName/FoldBoxAttribute.cs: 66ff91a3485d06d36b8511fad6212f92 -> 
  custom:container-demuxer-ogg: 62fdf1f143b41e24485cea50d1cbac27 -> 
  custom:scripting/monoscript/fileName/MyDebug.cs: f3faef2d00c537158ab87ca513b25292 -> 
  custom:scripting/monoscript/fileName/MinMax.cs: 1c24b444ecff0bdeaf87d2edcb9d5029 -> 
  custom:scripting/monoscript/fileName/EditorDocumentation.cs: 934fb06e6a0b5b2798793a45828d3d5f -> 
  custom:scripting/monoscript/fileName/Effect_PerVertex.cs: 3f70f7fc3d4f9bfb1e10cd5e53684ee7 -> 
  custom:video-decoder-ogg-theora: a1e56fd34408186e4bbccfd4996cb3dc -> 
  custom:scripting/monoscript/fileName/MySerializedProperty.cs: 782cc9e912ef11023f0b93b5cae175e2 -> 
  custom:scripting/monoscript/fileName/CompositeEffectEditor.cs: 271d2f481fc4dff6734c055f2943e5d2 -> 
  custom:scripting/monoscript/fileName/TextEffect_Base.cs: 1b9a39eb3f7eb4d420cb56ed888ca97e -> 
  custom:scripting/monoscript/fileName/Effect_Scale.cs: 24350027199be1e1c520c27be9f8fbb9 -> 
  custom:scripting/monoscript/fileName/Effect_Color.cs: f5bc93c86b81ba37fa611632e3ecfb7f -> 
  custom:scripting/monoscript/fileName/Effect_Composite.cs: f3f7d32be82537fa78159e8943c1f1a7 -> 
  custom:CustomObjectIndexerAttribute: 756ad292c208cfabdd7b50bc23989ffe -> 
  custom:scripting/monoscript/fileName/TextEffectInstance.cs: 8d710191666e5c8cce9c6d33f66fafeb -> 
  custom:container-demuxer-webm: 4f35f7cbe854078d1ac9338744f61a02 -> 
  custom:scripting/monoscript/fileName/ButtonMethodAttribute.cs: cf389342635f998ab935cfcb5ae933df -> 
  custom:scripting/monoscript/fileName/ToggleDocAttribute.cs: d3c69a3f433376abbde86a297f4193a9 -> 
  custom:scripting/monoscript/fileName/MyHandles.cs: cc579ce2a9f371e54e4420275e0ac078 -> 
  custom:scripting/monoscript/fileName/ConditionalUtility.cs: 1205d2bd05e1eefe510065c234dd0f0e -> 
  custom:scripting/monoscript/fileName/MyCommonConstants.cs: afab7efaf9564dc9a7324c32dd196775 -> 
  custom:scripting/monoscript/fileName/CustomDrawerUtility.cs: 4fd84f09df56fbc0319d9bd7f922e98c -> 
  custom:container-muxer-webm: aa71ff27fc2769a1b78a27578f13a17b -> 
  custom:video-decoder-webm-vp8: 9c59270c3fd7afecdb556c50c9e8de78 -> 
  custom:SearchIndexIgnoredProperties: e643bd26f0fe6173181afceb89e7c659 -> 
  custom:AudioImporter_EditorPlatform: 3918e3fc78b5a79bad01e8451be0beb8 -> 
  custom:scripting/monoscript/fileName/ToggleDocAttributeDrawer.cs: e106f856849e4750d3809a4f241b1be2 -> 
  custom:scripting/monoscript/fileName/TextEffectEditor.cs: d3d8a1e5c2004b60d32f761eb093cf1b -> 
  custom:scripting/monoscript/fileName/MyColor.cs: 11671538b011fd3f337af43bc02e0c13 -> 
  custom:scripting/monoscript/fileName/AttributeBase.cs: d4cbb11724ea712d431b5cd07124907e -> 
  custom:scripting/monoscript/fileName/FoldBoxAttributeDrawer.cs: 7cddfc9687649703e6a68527865794bc -> 
  custom:scripting/monoscript/fileName/ConditionalFieldAttribute.cs: e6d9fd24956977713db9ec59b2642d84 -> 
  custom:scripting/monoscript/fileName/Effect_Move.cs: ef5516b861ddd6742709a32c4d74ed0d -> 
  custom:framework-osx-AVFoundation: e770b220cccbd017edd2c1fefb359320 -> 
  custom:scripting/monoscript/fileName/MyAlgorithms.cs: af94dca5879ebeadb102964fe2ba4c2c -> 
  custom:scripting/monoscript/fileName/TagEffectsPreset.cs: 7660331b4e5025a0b81c1733075d5b78 -> 
  custom:scripting/monoscript/fileName/Effect_Rotate.cs: ffdcc32648b4f2ece65aebb867cbbb0e -> 
  custom:video-encoder-webm-vp8: eb34c28f22e8b96e1ab97ce403110664 -> 
  custom:audio-decoder-ogg-vorbis: bf7c407c2cedff20999df2af8eb42d56 -> 
  custom:scripting/monoscript/fileName/WarningsPool.cs: fe4fa1866c40657be6a51b3604c9b41a -> 
  custom:scripting/monoscript/fileName/MyString.cs: 37ddb2560db549b377c16ed27598cb79 -> 
  custom:scripting/monoscript/fileName/TextEffectStatus.cs: 0d9a417212ada6670935a5511afc12b9 -> 
  custom:scripting/monoscript/fileName/TextEffect.cs: b3399054379a13f493415819f2b26d02 -> 
  custom:scripting/monoscript/fileName/MinMaxRangeAttribute.cs: 290170215b5b7bdd3fb5340a79339fb0 -> 
  custom:scripting/monoscript/fileName/AttributeBaseDrawer.cs: 26c86ce1d32ef473ff54fac3b3f34384 -> 
  custom:scripting/monoscript/fileName/ConditionalData.cs: 31d8359f80de1f6456e27c8f052f735f -> 
  custom:scripting/monoscript/fileName/CollectionWrapper.cs: 1d692121383b052bc3c42bd312cb03d9 -> 
  custom:audio-encoder-webm-vorbis: bf7c407c2cedff20999df2af8eb42d56 -> 
  custom:scripting/monoscript/fileName/TimeUtil.cs: f1db10614389fe8436f67f4138e33eab -> 
  custom:scripting/monoscript/fileName/MyCollections.cs: 1573b6e8eec6809de8e4f734cd42ac53 -> 
  custom:scripting/monoscript/fileName/PerVertexEffectEditor.cs: 0e08baf525303c472bfaf41752a7f457 -> 
  custom:scripting/monoscript/fileName/MyReflection.cs: 912dd491c7847901aa49939904b2f1dd -> 
========================================================================
Received Prepare
Begin MonoManager ReloadAssembly
Thread 0x30bd93000 may have been prematurely finalized
- Loaded All Assemblies, in  0.390 seconds
Refreshing native plugins compatible for Editor in 1.38 ms, found 2 plugins.
Native extension for WindowsStandalone target not found
Native extension for AppleTV target not found
Native extension for iOS target not found
Native extension for OSXStandalone target not found
Native extension for WebGL target not found
Mono: successfully reloaded assembly
- Finished resetting the current domain, in  1.027 seconds
Domain Reload Profiling: 1418ms
	BeginReloadAssembly (115ms)
		ExecutionOrderSort (0ms)
		DisableScriptedObjects (5ms)
		BackupInstance (0ms)
		ReleaseScriptingObjects (0ms)
		CreateAndSetChildDomain (39ms)
	RebuildCommonClasses (48ms)
	RebuildNativeTypeToScriptingClass (15ms)
	initialDomainReloadingComplete (23ms)
	LoadAllAssembliesAndSetupDomain (189ms)
		LoadAssemblies (212ms)
		RebuildTransferFunctionScriptingTraits (0ms)
		AnalyzeDomain (20ms)
			TypeCache.Refresh (12ms)
				TypeCache.ScanAssembly (0ms)
			ScanForSourceGeneratedMonoScriptInfo (0ms)
			ResolveRequiredComponents (7ms)
	FinalizeReload (1028ms)
		ReleaseScriptCaches (0ms)
		RebuildScriptCaches (0ms)
		SetupLoadedEditorAssemblies (519ms)
			LogAssemblyErrors (0ms)
			InitializePlatformSupportModulesInManaged (24ms)
			SetLoadedEditorAssemblies (5ms)
			RefreshPlugins (0ms)
			BeforeProcessingInitializeOnLoad (57ms)
			ProcessInitializeOnLoadAttributes (405ms)
			ProcessInitializeOnLoadMethodAttributes (27ms)
			AfterProcessingInitializeOnLoad (1ms)
			EditorAssembliesLoaded (0ms)
		ExecutionOrderSort2 (0ms)
		AwakeInstancesAfterBackupRestoration (5ms)
Refreshing native plugins compatible for Editor in 1.05 ms, found 2 plugins.
Preloading 0 native plugins for Editor in 0.00 ms.
Unloading 3152 Unused Serialized files (Serialized files now loaded: 0)
Unloading 21 unused Assets / (31.2 KB). Loaded Objects now: 3667.
Memory consumption went from 203.1 MB to 203.1 MB.
Total: 3.000709 ms (FindLiveObjects: 0.145333 ms CreateObjectMapping: 0.062042 ms MarkObjects: 2.748500 ms  DeleteObjects: 0.043959 ms)

Prepare: number of updated asset objects reloaded= 0
AssetImportParameters requested are different than current active one (requested -> active):
  custom:scripting/monoscript/fileName/GlobalTextEffectEntry.cs: c33c6024380cd43b3456fe6aea6f41ce -> 
  custom:scripting/monoscript/fileName/FoldBoxAttribute.cs: 66ff91a3485d06d36b8511fad6212f92 -> 
  custom:container-demuxer-ogg: 62fdf1f143b41e24485cea50d1cbac27 -> 
  custom:scripting/monoscript/fileName/MyDebug.cs: f3faef2d00c537158ab87ca513b25292 -> 
  custom:scripting/monoscript/fileName/MinMax.cs: 1c24b444ecff0bdeaf87d2edcb9d5029 -> 
  custom:scripting/monoscript/fileName/EditorDocumentation.cs: 934fb06e6a0b5b2798793a45828d3d5f -> 
  custom:scripting/monoscript/fileName/Effect_PerVertex.cs: 3f70f7fc3d4f9bfb1e10cd5e53684ee7 -> 
  custom:video-decoder-ogg-theora: a1e56fd34408186e4bbccfd4996cb3dc -> 
  custom:scripting/monoscript/fileName/MySerializedProperty.cs: 782cc9e912ef11023f0b93b5cae175e2 -> 
  custom:scripting/monoscript/fileName/CompositeEffectEditor.cs: 271d2f481fc4dff6734c055f2943e5d2 -> 
  custom:scripting/monoscript/fileName/TextEffect_Base.cs: 1b9a39eb3f7eb4d420cb56ed888ca97e -> 
  custom:scripting/monoscript/fileName/Effect_Scale.cs: 24350027199be1e1c520c27be9f8fbb9 -> 
  custom:scripting/monoscript/fileName/Effect_Color.cs: f5bc93c86b81ba37fa611632e3ecfb7f -> 
  custom:scripting/monoscript/fileName/Effect_Composite.cs: f3f7d32be82537fa78159e8943c1f1a7 -> 
  custom:CustomObjectIndexerAttribute: 756ad292c208cfabdd7b50bc23989ffe -> 
  custom:scripting/monoscript/fileName/TextEffectInstance.cs: 8d710191666e5c8cce9c6d33f66fafeb -> 
  custom:container-demuxer-webm: 4f35f7cbe854078d1ac9338744f61a02 -> 
  custom:scripting/monoscript/fileName/ButtonMethodAttribute.cs: cf389342635f998ab935cfcb5ae933df -> 
  custom:scripting/monoscript/fileName/ToggleDocAttribute.cs: d3c69a3f433376abbde86a297f4193a9 -> 
  custom:scripting/monoscript/fileName/MyHandles.cs: cc579ce2a9f371e54e4420275e0ac078 -> 
  custom:scripting/monoscript/fileName/ConditionalUtility.cs: 1205d2bd05e1eefe510065c234dd0f0e -> 
  custom:scripting/monoscript/fileName/MyCommonConstants.cs: afab7efaf9564dc9a7324c32dd196775 -> 
  custom:scripting/monoscript/fileName/CustomDrawerUtility.cs: 4fd84f09df56fbc0319d9bd7f922e98c -> 
  custom:container-muxer-webm: aa71ff27fc2769a1b78a27578f13a17b -> 
  custom:video-decoder-webm-vp8: 9c59270c3fd7afecdb556c50c9e8de78 -> 
  custom:SearchIndexIgnoredProperties: e643bd26f0fe6173181afceb89e7c659 -> 
  custom:AudioImporter_EditorPlatform: 3918e3fc78b5a79bad01e8451be0beb8 -> 
  custom:scripting/monoscript/fileName/ToggleDocAttributeDrawer.cs: e106f856849e4750d3809a4f241b1be2 -> 
  custom:scripting/monoscript/fileName/TextEffectEditor.cs: d3d8a1e5c2004b60d32f761eb093cf1b -> 
  custom:scripting/monoscript/fileName/MyColor.cs: 11671538b011fd3f337af43bc02e0c13 -> 
  custom:scripting/monoscript/fileName/AttributeBase.cs: d4cbb11724ea712d431b5cd07124907e -> 
  custom:scripting/monoscript/fileName/FoldBoxAttributeDrawer.cs: 7cddfc9687649703e6a68527865794bc -> 
  custom:scripting/monoscript/fileName/ConditionalFieldAttribute.cs: e6d9fd24956977713db9ec59b2642d84 -> 
  custom:scripting/monoscript/fileName/Effect_Move.cs: ef5516b861ddd6742709a32c4d74ed0d -> 
  custom:framework-osx-AVFoundation: e770b220cccbd017edd2c1fefb359320 -> 
  custom:scripting/monoscript/fileName/MyAlgorithms.cs: af94dca5879ebeadb102964fe2ba4c2c -> 
  custom:scripting/monoscript/fileName/TagEffectsPreset.cs: 7660331b4e5025a0b81c1733075d5b78 -> 
  custom:scripting/monoscript/fileName/Effect_Rotate.cs: ffdcc32648b4f2ece65aebb867cbbb0e -> 
  custom:video-encoder-webm-vp8: eb34c28f22e8b96e1ab97ce403110664 -> 
  custom:audio-decoder-ogg-vorbis: bf7c407c2cedff20999df2af8eb42d56 -> 
  custom:scripting/monoscript/fileName/WarningsPool.cs: fe4fa1866c40657be6a51b3604c9b41a -> 
  custom:scripting/monoscript/fileName/MyString.cs: 37ddb2560db549b377c16ed27598cb79 -> 
  custom:scripting/monoscript/fileName/TextEffectStatus.cs: 0d9a417212ada6670935a5511afc12b9 -> 
  custom:scripting/monoscript/fileName/TextEffect.cs: b3399054379a13f493415819f2b26d02 -> 
  custom:scripting/monoscript/fileName/MinMaxRangeAttribute.cs: 290170215b5b7bdd3fb5340a79339fb0 -> 
  custom:scripting/monoscript/fileName/AttributeBaseDrawer.cs: 26c86ce1d32ef473ff54fac3b3f34384 -> 
  custom:scripting/monoscript/fileName/ConditionalData.cs: 31d8359f80de1f6456e27c8f052f735f -> 
  custom:scripting/monoscript/fileName/CollectionWrapper.cs: 1d692121383b052bc3c42bd312cb03d9 -> 
  custom:audio-encoder-webm-vorbis: bf7c407c2cedff20999df2af8eb42d56 -> 
  custom:scripting/monoscript/fileName/TimeUtil.cs: f1db10614389fe8436f67f4138e33eab -> 
  custom:scripting/monoscript/fileName/MyCollections.cs: 1573b6e8eec6809de8e4f734cd42ac53 -> 
  custom:scripting/monoscript/fileName/PerVertexEffectEditor.cs: 0e08baf525303c472bfaf41752a7f457 -> 
  custom:scripting/monoscript/fileName/MyReflection.cs: 912dd491c7847901aa49939904b2f1dd -> 
========================================================================
Received Prepare
Begin MonoManager ReloadAssembly
Thread 0x30bd93000 may have been prematurely finalized
- Loaded All Assemblies, in  0.418 seconds
Refreshing native plugins compatible for Editor in 1.12 ms, found 2 plugins.
Native extension for WindowsStandalone target not found
Native extension for AppleTV target not found
Native extension for iOS target not found
Native extension for OSXStandalone target not found
Native extension for WebGL target not found
Mono: successfully reloaded assembly
- Finished resetting the current domain, in  1.047 seconds
Domain Reload Profiling: 1466ms
	BeginReloadAssembly (143ms)
		ExecutionOrderSort (0ms)
		DisableScriptedObjects (6ms)
		BackupInstance (0ms)
		ReleaseScriptingObjects (0ms)
		CreateAndSetChildDomain (54ms)
	RebuildCommonClasses (47ms)
	RebuildNativeTypeToScriptingClass (15ms)
	initialDomainReloadingComplete (25ms)
	LoadAllAssembliesAndSetupDomain (188ms)
		LoadAssemblies (217ms)
		RebuildTransferFunctionScriptingTraits (0ms)
		AnalyzeDomain (23ms)
			TypeCache.Refresh (15ms)
				TypeCache.ScanAssembly (0ms)
			ScanForSourceGeneratedMonoScriptInfo (0ms)
			ResolveRequiredComponents (7ms)
	FinalizeReload (1048ms)
		ReleaseScriptCaches (0ms)
		RebuildScriptCaches (0ms)
		SetupLoadedEditorAssemblies (517ms)
			LogAssemblyErrors (0ms)
			InitializePlatformSupportModulesInManaged (25ms)
			SetLoadedEditorAssemblies (5ms)
			RefreshPlugins (0ms)
			BeforeProcessingInitializeOnLoad (56ms)
			ProcessInitializeOnLoadAttributes (397ms)
			ProcessInitializeOnLoadMethodAttributes (33ms)
			AfterProcessingInitializeOnLoad (2ms)
			EditorAssembliesLoaded (0ms)
		ExecutionOrderSort2 (0ms)
		AwakeInstancesAfterBackupRestoration (6ms)
Refreshing native plugins compatible for Editor in 1.12 ms, found 2 plugins.
Preloading 0 native plugins for Editor in 0.00 ms.
Unloading 3152 Unused Serialized files (Serialized files now loaded: 0)
Unloading 21 unused Assets / (31.2 KB). Loaded Objects now: 3670.
Memory consumption went from 210.0 MB to 210.0 MB.
Total: 3.103458 ms (FindLiveObjects: 0.153209 ms CreateObjectMapping: 0.057709 ms MarkObjects: 2.838083 ms  DeleteObjects: 0.053167 ms)

Prepare: number of updated asset objects reloaded= 0
AssetImportParameters requested are different than current active one (requested -> active):
  custom:scripting/monoscript/fileName/GlobalTextEffectEntry.cs: c33c6024380cd43b3456fe6aea6f41ce -> 
  custom:scripting/monoscript/fileName/FoldBoxAttribute.cs: 66ff91a3485d06d36b8511fad6212f92 -> 
  custom:container-demuxer-ogg: 62fdf1f143b41e24485cea50d1cbac27 -> 
  custom:scripting/monoscript/fileName/MyDebug.cs: f3faef2d00c537158ab87ca513b25292 -> 
  custom:scripting/monoscript/fileName/MinMax.cs: 1c24b444ecff0bdeaf87d2edcb9d5029 -> 
  custom:scripting/monoscript/fileName/EditorDocumentation.cs: 934fb06e6a0b5b2798793a45828d3d5f -> 
  custom:scripting/monoscript/fileName/Effect_PerVertex.cs: 3f70f7fc3d4f9bfb1e10cd5e53684ee7 -> 
  custom:video-decoder-ogg-theora: a1e56fd34408186e4bbccfd4996cb3dc -> 
  custom:scripting/monoscript/fileName/MySerializedProperty.cs: 782cc9e912ef11023f0b93b5cae175e2 -> 
  custom:scripting/monoscript/fileName/CompositeEffectEditor.cs: 271d2f481fc4dff6734c055f2943e5d2 -> 
  custom:scripting/monoscript/fileName/TextEffect_Base.cs: 1b9a39eb3f7eb4d420cb56ed888ca97e -> 
  custom:scripting/monoscript/fileName/Effect_Scale.cs: 24350027199be1e1c520c27be9f8fbb9 -> 
  custom:scripting/monoscript/fileName/Effect_Color.cs: f5bc93c86b81ba37fa611632e3ecfb7f -> 
  custom:scripting/monoscript/fileName/Effect_Composite.cs: f3f7d32be82537fa78159e8943c1f1a7 -> 
  custom:CustomObjectIndexerAttribute: 756ad292c208cfabdd7b50bc23989ffe -> 
  custom:scripting/monoscript/fileName/TextEffectInstance.cs: 8d710191666e5c8cce9c6d33f66fafeb -> 
  custom:container-demuxer-webm: 4f35f7cbe854078d1ac9338744f61a02 -> 
  custom:scripting/monoscript/fileName/ButtonMethodAttribute.cs: cf389342635f998ab935cfcb5ae933df -> 
  custom:scripting/monoscript/fileName/ToggleDocAttribute.cs: d3c69a3f433376abbde86a297f4193a9 -> 
  custom:scripting/monoscript/fileName/MyHandles.cs: cc579ce2a9f371e54e4420275e0ac078 -> 
  custom:scripting/monoscript/fileName/ConditionalUtility.cs: 1205d2bd05e1eefe510065c234dd0f0e -> 
  custom:scripting/monoscript/fileName/MyCommonConstants.cs: afab7efaf9564dc9a7324c32dd196775 -> 
  custom:scripting/monoscript/fileName/CustomDrawerUtility.cs: 4fd84f09df56fbc0319d9bd7f922e98c -> 
  custom:container-muxer-webm: aa71ff27fc2769a1b78a27578f13a17b -> 
  custom:video-decoder-webm-vp8: 9c59270c3fd7afecdb556c50c9e8de78 -> 
  custom:SearchIndexIgnoredProperties: e643bd26f0fe6173181afceb89e7c659 -> 
  custom:AudioImporter_EditorPlatform: 3918e3fc78b5a79bad01e8451be0beb8 -> 
  custom:scripting/monoscript/fileName/ToggleDocAttributeDrawer.cs: e106f856849e4750d3809a4f241b1be2 -> 
  custom:scripting/monoscript/fileName/TextEffectEditor.cs: d3d8a1e5c2004b60d32f761eb093cf1b -> 
  custom:scripting/monoscript/fileName/MyColor.cs: 11671538b011fd3f337af43bc02e0c13 -> 
  custom:scripting/monoscript/fileName/AttributeBase.cs: d4cbb11724ea712d431b5cd07124907e -> 
  custom:scripting/monoscript/fileName/FoldBoxAttributeDrawer.cs: 7cddfc9687649703e6a68527865794bc -> 
  custom:scripting/monoscript/fileName/ConditionalFieldAttribute.cs: e6d9fd24956977713db9ec59b2642d84 -> 
  custom:scripting/monoscript/fileName/Effect_Move.cs: ef5516b861ddd6742709a32c4d74ed0d -> 
  custom:framework-osx-AVFoundation: e770b220cccbd017edd2c1fefb359320 -> 
  custom:scripting/monoscript/fileName/MyAlgorithms.cs: af94dca5879ebeadb102964fe2ba4c2c -> 
  custom:scripting/monoscript/fileName/TagEffectsPreset.cs: 7660331b4e5025a0b81c1733075d5b78 -> 
  custom:scripting/monoscript/fileName/Effect_Rotate.cs: ffdcc32648b4f2ece65aebb867cbbb0e -> 
  custom:video-encoder-webm-vp8: eb34c28f22e8b96e1ab97ce403110664 -> 
  custom:audio-decoder-ogg-vorbis: bf7c407c2cedff20999df2af8eb42d56 -> 
  custom:scripting/monoscript/fileName/WarningsPool.cs: fe4fa1866c40657be6a51b3604c9b41a -> 
  custom:scripting/monoscript/fileName/MyString.cs: 37ddb2560db549b377c16ed27598cb79 -> 
  custom:scripting/monoscript/fileName/TextEffectStatus.cs: 0d9a417212ada6670935a5511afc12b9 -> 
  custom:scripting/monoscript/fileName/TextEffect.cs: b3399054379a13f493415819f2b26d02 -> 
  custom:scripting/monoscript/fileName/MinMaxRangeAttribute.cs: 290170215b5b7bdd3fb5340a79339fb0 -> 
  custom:scripting/monoscript/fileName/AttributeBaseDrawer.cs: 26c86ce1d32ef473ff54fac3b3f34384 -> 
  custom:scripting/monoscript/fileName/ConditionalData.cs: 31d8359f80de1f6456e27c8f052f735f -> 
  custom:scripting/monoscript/fileName/CollectionWrapper.cs: 1d692121383b052bc3c42bd312cb03d9 -> 
  custom:audio-encoder-webm-vorbis: bf7c407c2cedff20999df2af8eb42d56 -> 
  custom:scripting/monoscript/fileName/TimeUtil.cs: f1db10614389fe8436f67f4138e33eab -> 
  custom:scripting/monoscript/fileName/MyCollections.cs: 1573b6e8eec6809de8e4f734cd42ac53 -> 
  custom:scripting/monoscript/fileName/PerVertexEffectEditor.cs: 0e08baf525303c472bfaf41752a7f457 -> 
  custom:scripting/monoscript/fileName/MyReflection.cs: 912dd491c7847901aa49939904b2f1dd -> 
========================================================================
Received Prepare
Begin MonoManager ReloadAssembly
Thread 0x30bd93000 may have been prematurely finalized
- Loaded All Assemblies, in  0.435 seconds
Refreshing native plugins compatible for Editor in 1.19 ms, found 2 plugins.
Native extension for WindowsStandalone target not found
Native extension for AppleTV target not found
Native extension for iOS target not found
Native extension for OSXStandalone target not found
Native extension for WebGL target not found
Mono: successfully reloaded assembly
- Finished resetting the current domain, in  1.071 seconds
Domain Reload Profiling: 1508ms
	BeginReloadAssembly (137ms)
		ExecutionOrderSort (0ms)
		DisableScriptedObjects (5ms)
		BackupInstance (0ms)
		ReleaseScriptingObjects (0ms)
		CreateAndSetChildDomain (51ms)
	RebuildCommonClasses (47ms)
	RebuildNativeTypeToScriptingClass (15ms)
	initialDomainReloadingComplete (25ms)
	LoadAllAssembliesAndSetupDomain (211ms)
		LoadAssemblies (245ms)
		RebuildTransferFunctionScriptingTraits (0ms)
		AnalyzeDomain (17ms)
			TypeCache.Refresh (10ms)
				TypeCache.ScanAssembly (0ms)
			ScanForSourceGeneratedMonoScriptInfo (0ms)
			ResolveRequiredComponents (6ms)
	FinalizeReload (1072ms)
		ReleaseScriptCaches (0ms)
		RebuildScriptCaches (0ms)
		SetupLoadedEditorAssemblies (517ms)
			LogAssemblyErrors (0ms)
			InitializePlatformSupportModulesInManaged (25ms)
			SetLoadedEditorAssemblies (5ms)
			RefreshPlugins (0ms)
			BeforeProcessingInitializeOnLoad (59ms)
			ProcessInitializeOnLoadAttributes (385ms)
			ProcessInitializeOnLoadMethodAttributes (40ms)
			AfterProcessingInitializeOnLoad (2ms)
			EditorAssembliesLoaded (0ms)
		ExecutionOrderSort2 (0ms)
		AwakeInstancesAfterBackupRestoration (8ms)
Refreshing native plugins compatible for Editor in 1.13 ms, found 2 plugins.
Preloading 0 native plugins for Editor in 0.00 ms.
Unloading 3152 Unused Serialized files (Serialized files now loaded: 0)
Unloading 21 unused Assets / (31.1 KB). Loaded Objects now: 3673.
Memory consumption went from 217.0 MB to 216.9 MB.
Total: 3.156333 ms (FindLiveObjects: 0.137083 ms CreateObjectMapping: 0.059375 ms MarkObjects: 2.896209 ms  DeleteObjects: 0.062625 ms)

Prepare: number of updated asset objects reloaded= 0
AssetImportParameters requested are different than current active one (requested -> active):
  custom:scripting/monoscript/fileName/GlobalTextEffectEntry.cs: c33c6024380cd43b3456fe6aea6f41ce -> 
  custom:scripting/monoscript/fileName/FoldBoxAttribute.cs: 66ff91a3485d06d36b8511fad6212f92 -> 
  custom:container-demuxer-ogg: 62fdf1f143b41e24485cea50d1cbac27 -> 
  custom:scripting/monoscript/fileName/MyDebug.cs: f3faef2d00c537158ab87ca513b25292 -> 
  custom:scripting/monoscript/fileName/MinMax.cs: 1c24b444ecff0bdeaf87d2edcb9d5029 -> 
  custom:scripting/monoscript/fileName/EditorDocumentation.cs: 934fb06e6a0b5b2798793a45828d3d5f -> 
  custom:scripting/monoscript/fileName/Effect_PerVertex.cs: 3f70f7fc3d4f9bfb1e10cd5e53684ee7 -> 
  custom:video-decoder-ogg-theora: a1e56fd34408186e4bbccfd4996cb3dc -> 
  custom:scripting/monoscript/fileName/MySerializedProperty.cs: 782cc9e912ef11023f0b93b5cae175e2 -> 
  custom:scripting/monoscript/fileName/CompositeEffectEditor.cs: 271d2f481fc4dff6734c055f2943e5d2 -> 
  custom:scripting/monoscript/fileName/TextEffect_Base.cs: 1b9a39eb3f7eb4d420cb56ed888ca97e -> 
  custom:scripting/monoscript/fileName/Effect_Scale.cs: 24350027199be1e1c520c27be9f8fbb9 -> 
  custom:scripting/monoscript/fileName/Effect_Color.cs: f5bc93c86b81ba37fa611632e3ecfb7f -> 
  custom:scripting/monoscript/fileName/Effect_Composite.cs: f3f7d32be82537fa78159e8943c1f1a7 -> 
  custom:CustomObjectIndexerAttribute: 756ad292c208cfabdd7b50bc23989ffe -> 
  custom:scripting/monoscript/fileName/TextEffectInstance.cs: 8d710191666e5c8cce9c6d33f66fafeb -> 
  custom:container-demuxer-webm: 4f35f7cbe854078d1ac9338744f61a02 -> 
  custom:scripting/monoscript/fileName/ButtonMethodAttribute.cs: cf389342635f998ab935cfcb5ae933df -> 
  custom:scripting/monoscript/fileName/ToggleDocAttribute.cs: d3c69a3f433376abbde86a297f4193a9 -> 
  custom:scripting/monoscript/fileName/MyHandles.cs: cc579ce2a9f371e54e4420275e0ac078 -> 
  custom:scripting/monoscript/fileName/ConditionalUtility.cs: 1205d2bd05e1eefe510065c234dd0f0e -> 
  custom:scripting/monoscript/fileName/MyCommonConstants.cs: afab7efaf9564dc9a7324c32dd196775 -> 
  custom:scripting/monoscript/fileName/CustomDrawerUtility.cs: 4fd84f09df56fbc0319d9bd7f922e98c -> 
  custom:container-muxer-webm: aa71ff27fc2769a1b78a27578f13a17b -> 
  custom:video-decoder-webm-vp8: 9c59270c3fd7afecdb556c50c9e8de78 -> 
  custom:SearchIndexIgnoredProperties: e643bd26f0fe6173181afceb89e7c659 -> 
  custom:AudioImporter_EditorPlatform: 3918e3fc78b5a79bad01e8451be0beb8 -> 
  custom:scripting/monoscript/fileName/ToggleDocAttributeDrawer.cs: e106f856849e4750d3809a4f241b1be2 -> 
  custom:scripting/monoscript/fileName/TextEffectEditor.cs: d3d8a1e5c2004b60d32f761eb093cf1b -> 
  custom:scripting/monoscript/fileName/MyColor.cs: 11671538b011fd3f337af43bc02e0c13 -> 
  custom:scripting/monoscript/fileName/AttributeBase.cs: d4cbb11724ea712d431b5cd07124907e -> 
  custom:scripting/monoscript/fileName/FoldBoxAttributeDrawer.cs: 7cddfc9687649703e6a68527865794bc -> 
  custom:scripting/monoscript/fileName/ConditionalFieldAttribute.cs: e6d9fd24956977713db9ec59b2642d84 -> 
  custom:scripting/monoscript/fileName/Effect_Move.cs: ef5516b861ddd6742709a32c4d74ed0d -> 
  custom:framework-osx-AVFoundation: e770b220cccbd017edd2c1fefb359320 -> 
  custom:scripting/monoscript/fileName/MyAlgorithms.cs: af94dca5879ebeadb102964fe2ba4c2c -> 
  custom:scripting/monoscript/fileName/TagEffectsPreset.cs: 7660331b4e5025a0b81c1733075d5b78 -> 
  custom:scripting/monoscript/fileName/Effect_Rotate.cs: ffdcc32648b4f2ece65aebb867cbbb0e -> 
  custom:video-encoder-webm-vp8: eb34c28f22e8b96e1ab97ce403110664 -> 
  custom:audio-decoder-ogg-vorbis: bf7c407c2cedff20999df2af8eb42d56 -> 
  custom:scripting/monoscript/fileName/WarningsPool.cs: fe4fa1866c40657be6a51b3604c9b41a -> 
  custom:scripting/monoscript/fileName/MyString.cs: 37ddb2560db549b377c16ed27598cb79 -> 
  custom:scripting/monoscript/fileName/TextEffectStatus.cs: 0d9a417212ada6670935a5511afc12b9 -> 
  custom:scripting/monoscript/fileName/TextEffect.cs: b3399054379a13f493415819f2b26d02 -> 
  custom:scripting/monoscript/fileName/MinMaxRangeAttribute.cs: 290170215b5b7bdd3fb5340a79339fb0 -> 
  custom:scripting/monoscript/fileName/AttributeBaseDrawer.cs: 26c86ce1d32ef473ff54fac3b3f34384 -> 
  custom:scripting/monoscript/fileName/ConditionalData.cs: 31d8359f80de1f6456e27c8f052f735f -> 
  custom:scripting/monoscript/fileName/CollectionWrapper.cs: 1d692121383b052bc3c42bd312cb03d9 -> 
  custom:audio-encoder-webm-vorbis: bf7c407c2cedff20999df2af8eb42d56 -> 
  custom:scripting/monoscript/fileName/TimeUtil.cs: f1db10614389fe8436f67f4138e33eab -> 
  custom:scripting/monoscript/fileName/MyCollections.cs: 1573b6e8eec6809de8e4f734cd42ac53 -> 
  custom:scripting/monoscript/fileName/PerVertexEffectEditor.cs: 0e08baf525303c472bfaf41752a7f457 -> 
  custom:scripting/monoscript/fileName/MyReflection.cs: 912dd491c7847901aa49939904b2f1dd -> 
========================================================================
Received Prepare
Begin MonoManager ReloadAssembly
Thread 0x30bd93000 may have been prematurely finalized
- Loaded All Assemblies, in  0.425 seconds
Refreshing native plugins compatible for Editor in 1.15 ms, found 2 plugins.
Native extension for WindowsStandalone target not found
Native extension for AppleTV target not found
Native extension for iOS target not found
Native extension for OSXStandalone target not found
Native extension for WebGL target not found
Mono: successfully reloaded assembly
- Finished resetting the current domain, in  0.999 seconds
Domain Reload Profiling: 1425ms
	BeginReloadAssembly (147ms)
		ExecutionOrderSort (0ms)
		DisableScriptedObjects (6ms)
		BackupInstance (0ms)
		ReleaseScriptingObjects (0ms)
		CreateAndSetChildDomain (57ms)
	RebuildCommonClasses (48ms)
	RebuildNativeTypeToScriptingClass (15ms)
	initialDomainReloadingComplete (25ms)
	LoadAllAssembliesAndSetupDomain (191ms)
		LoadAssemblies (223ms)
		RebuildTransferFunctionScriptingTraits (0ms)
		AnalyzeDomain (18ms)
			TypeCache.Refresh (11ms)
				TypeCache.ScanAssembly (0ms)
			ScanForSourceGeneratedMonoScriptInfo (0ms)
			ResolveRequiredComponents (6ms)
	FinalizeReload (1000ms)
		ReleaseScriptCaches (0ms)
		RebuildScriptCaches (0ms)
		SetupLoadedEditorAssemblies (483ms)
			LogAssemblyErrors (0ms)
			InitializePlatformSupportModulesInManaged (26ms)
			SetLoadedEditorAssemblies (5ms)
			RefreshPlugins (0ms)
			BeforeProcessingInitializeOnLoad (55ms)
			ProcessInitializeOnLoadAttributes (356ms)
			ProcessInitializeOnLoadMethodAttributes (39ms)
			AfterProcessingInitializeOnLoad (2ms)
			EditorAssembliesLoaded (0ms)
		ExecutionOrderSort2 (0ms)
		AwakeInstancesAfterBackupRestoration (8ms)
Refreshing native plugins compatible for Editor in 1.26 ms, found 2 plugins.
Preloading 0 native plugins for Editor in 0.00 ms.
Unloading 3152 Unused Serialized files (Serialized files now loaded: 0)
Unloading 21 unused Assets / (31.0 KB). Loaded Objects now: 3676.
Memory consumption went from 223.9 MB to 223.8 MB.
Total: 3.442458 ms (FindLiveObjects: 0.148959 ms CreateObjectMapping: 0.069625 ms MarkObjects: 3.173917 ms  DeleteObjects: 0.048875 ms)

Prepare: number of updated asset objects reloaded= 0
AssetImportParameters requested are different than current active one (requested -> active):
  custom:scripting/monoscript/fileName/GlobalTextEffectEntry.cs: c33c6024380cd43b3456fe6aea6f41ce -> 
  custom:scripting/monoscript/fileName/FoldBoxAttribute.cs: 66ff91a3485d06d36b8511fad6212f92 -> 
  custom:container-demuxer-ogg: 62fdf1f143b41e24485cea50d1cbac27 -> 
  custom:scripting/monoscript/fileName/MyDebug.cs: f3faef2d00c537158ab87ca513b25292 -> 
  custom:scripting/monoscript/fileName/MinMax.cs: 1c24b444ecff0bdeaf87d2edcb9d5029 -> 
  custom:scripting/monoscript/fileName/EditorDocumentation.cs: 934fb06e6a0b5b2798793a45828d3d5f -> 
  custom:scripting/monoscript/fileName/Effect_PerVertex.cs: 3f70f7fc3d4f9bfb1e10cd5e53684ee7 -> 
  custom:video-decoder-ogg-theora: a1e56fd34408186e4bbccfd4996cb3dc -> 
  custom:scripting/monoscript/fileName/MySerializedProperty.cs: 782cc9e912ef11023f0b93b5cae175e2 -> 
  custom:scripting/monoscript/fileName/CompositeEffectEditor.cs: 271d2f481fc4dff6734c055f2943e5d2 -> 
  custom:scripting/monoscript/fileName/TextEffect_Base.cs: 1b9a39eb3f7eb4d420cb56ed888ca97e -> 
  custom:scripting/monoscript/fileName/Effect_Scale.cs: 24350027199be1e1c520c27be9f8fbb9 -> 
  custom:scripting/monoscript/fileName/Effect_Color.cs: f5bc93c86b81ba37fa611632e3ecfb7f -> 
  custom:scripting/monoscript/fileName/Effect_Composite.cs: f3f7d32be82537fa78159e8943c1f1a7 -> 
  custom:CustomObjectIndexerAttribute: 756ad292c208cfabdd7b50bc23989ffe -> 
  custom:scripting/monoscript/fileName/TextEffectInstance.cs: 8d710191666e5c8cce9c6d33f66fafeb -> 
  custom:container-demuxer-webm: 4f35f7cbe854078d1ac9338744f61a02 -> 
  custom:scripting/monoscript/fileName/ButtonMethodAttribute.cs: cf389342635f998ab935cfcb5ae933df -> 
  custom:scripting/monoscript/fileName/ToggleDocAttribute.cs: d3c69a3f433376abbde86a297f4193a9 -> 
  custom:scripting/monoscript/fileName/MyHandles.cs: cc579ce2a9f371e54e4420275e0ac078 -> 
  custom:scripting/monoscript/fileName/ConditionalUtility.cs: 1205d2bd05e1eefe510065c234dd0f0e -> 
  custom:scripting/monoscript/fileName/MyCommonConstants.cs: afab7efaf9564dc9a7324c32dd196775 -> 
  custom:scripting/monoscript/fileName/CustomDrawerUtility.cs: 4fd84f09df56fbc0319d9bd7f922e98c -> 
  custom:container-muxer-webm: aa71ff27fc2769a1b78a27578f13a17b -> 
  custom:video-decoder-webm-vp8: 9c59270c3fd7afecdb556c50c9e8de78 -> 
  custom:SearchIndexIgnoredProperties: e643bd26f0fe6173181afceb89e7c659 -> 
  custom:AudioImporter_EditorPlatform: 3918e3fc78b5a79bad01e8451be0beb8 -> 
  custom:scripting/monoscript/fileName/ToggleDocAttributeDrawer.cs: e106f856849e4750d3809a4f241b1be2 -> 
  custom:scripting/monoscript/fileName/TextEffectEditor.cs: d3d8a1e5c2004b60d32f761eb093cf1b -> 
  custom:scripting/monoscript/fileName/MyColor.cs: 11671538b011fd3f337af43bc02e0c13 -> 
  custom:scripting/monoscript/fileName/AttributeBase.cs: d4cbb11724ea712d431b5cd07124907e -> 
  custom:scripting/monoscript/fileName/FoldBoxAttributeDrawer.cs: 7cddfc9687649703e6a68527865794bc -> 
  custom:scripting/monoscript/fileName/ConditionalFieldAttribute.cs: e6d9fd24956977713db9ec59b2642d84 -> 
  custom:scripting/monoscript/fileName/Effect_Move.cs: ef5516b861ddd6742709a32c4d74ed0d -> 
  custom:framework-osx-AVFoundation: e770b220cccbd017edd2c1fefb359320 -> 
  custom:scripting/monoscript/fileName/MyAlgorithms.cs: af94dca5879ebeadb102964fe2ba4c2c -> 
  custom:scripting/monoscript/fileName/TagEffectsPreset.cs: 7660331b4e5025a0b81c1733075d5b78 -> 
  custom:scripting/monoscript/fileName/Effect_Rotate.cs: ffdcc32648b4f2ece65aebb867cbbb0e -> 
  custom:video-encoder-webm-vp8: eb34c28f22e8b96e1ab97ce403110664 -> 
  custom:audio-decoder-ogg-vorbis: bf7c407c2cedff20999df2af8eb42d56 -> 
  custom:scripting/monoscript/fileName/WarningsPool.cs: fe4fa1866c40657be6a51b3604c9b41a -> 
  custom:scripting/monoscript/fileName/MyString.cs: 37ddb2560db549b377c16ed27598cb79 -> 
  custom:scripting/monoscript/fileName/TextEffectStatus.cs: 0d9a417212ada6670935a5511afc12b9 -> 
  custom:scripting/monoscript/fileName/TextEffect.cs: b3399054379a13f493415819f2b26d02 -> 
  custom:scripting/monoscript/fileName/MinMaxRangeAttribute.cs: 290170215b5b7bdd3fb5340a79339fb0 -> 
  custom:scripting/monoscript/fileName/AttributeBaseDrawer.cs: 26c86ce1d32ef473ff54fac3b3f34384 -> 
  custom:scripting/monoscript/fileName/ConditionalData.cs: 31d8359f80de1f6456e27c8f052f735f -> 
  custom:scripting/monoscript/fileName/CollectionWrapper.cs: 1d692121383b052bc3c42bd312cb03d9 -> 
  custom:audio-encoder-webm-vorbis: bf7c407c2cedff20999df2af8eb42d56 -> 
  custom:scripting/monoscript/fileName/TimeUtil.cs: f1db10614389fe8436f67f4138e33eab -> 
  custom:scripting/monoscript/fileName/MyCollections.cs: 1573b6e8eec6809de8e4f734cd42ac53 -> 
  custom:scripting/monoscript/fileName/PerVertexEffectEditor.cs: 0e08baf525303c472bfaf41752a7f457 -> 
  custom:scripting/monoscript/fileName/MyReflection.cs: 912dd491c7847901aa49939904b2f1dd -> 
========================================================================
Received Prepare
Begin MonoManager ReloadAssembly
Thread 0x30bd93000 may have been prematurely finalized
- Loaded All Assemblies, in  0.461 seconds
Refreshing native plugins compatible for Editor in 1.21 ms, found 2 plugins.
Native extension for WindowsStandalone target not found
Native extension for AppleTV target not found
Native extension for iOS target not found
Native extension for OSXStandalone target not found
Native extension for WebGL target not found
Mono: successfully reloaded assembly
- Finished resetting the current domain, in  0.925 seconds
Domain Reload Profiling: 1387ms
	BeginReloadAssembly (178ms)
		ExecutionOrderSort (0ms)
		DisableScriptedObjects (6ms)
		BackupInstance (0ms)
		ReleaseScriptingObjects (0ms)
		CreateAndSetChildDomain (63ms)
	RebuildCommonClasses (55ms)
	RebuildNativeTypeToScriptingClass (18ms)
	initialDomainReloadingComplete (26ms)
	LoadAllAssembliesAndSetupDomain (185ms)
		LoadAssemblies (243ms)
		RebuildTransferFunctionScriptingTraits (0ms)
		AnalyzeDomain (17ms)
			TypeCache.Refresh (10ms)
				TypeCache.ScanAssembly (0ms)
			ScanForSourceGeneratedMonoScriptInfo (0ms)
			ResolveRequiredComponents (6ms)
	FinalizeReload (926ms)
		ReleaseScriptCaches (0ms)
		RebuildScriptCaches (0ms)
		SetupLoadedEditorAssemblies (395ms)
			LogAssemblyErrors (0ms)
			InitializePlatformSupportModulesInManaged (25ms)
			SetLoadedEditorAssemblies (5ms)
			RefreshPlugins (0ms)
			BeforeProcessingInitializeOnLoad (58ms)
			ProcessInitializeOnLoadAttributes (281ms)
			ProcessInitializeOnLoadMethodAttributes (25ms)
			AfterProcessingInitializeOnLoad (1ms)
			EditorAssembliesLoaded (0ms)
		ExecutionOrderSort2 (0ms)
		AwakeInstancesAfterBackupRestoration (5ms)
Refreshing native plugins compatible for Editor in 1.11 ms, found 2 plugins.
Preloading 0 native plugins for Editor in 0.00 ms.
Unloading 3152 Unused Serialized files (Serialized files now loaded: 0)
Unloading 21 unused Assets / (31.1 KB). Loaded Objects now: 3679.
Memory consumption went from 230.8 MB to 230.7 MB.
Total: 3.256875 ms (FindLiveObjects: 0.166583 ms CreateObjectMapping: 0.061542 ms MarkObjects: 2.970916 ms  DeleteObjects: 0.057042 ms)

Prepare: number of updated asset objects reloaded= 0
AssetImportParameters requested are different than current active one (requested -> active):
  custom:scripting/monoscript/fileName/GlobalTextEffectEntry.cs: c33c6024380cd43b3456fe6aea6f41ce -> 
  custom:scripting/monoscript/fileName/FoldBoxAttribute.cs: 66ff91a3485d06d36b8511fad6212f92 -> 
  custom:container-demuxer-ogg: 62fdf1f143b41e24485cea50d1cbac27 -> 
  custom:scripting/monoscript/fileName/MyDebug.cs: f3faef2d00c537158ab87ca513b25292 -> 
  custom:scripting/monoscript/fileName/MinMax.cs: 1c24b444ecff0bdeaf87d2edcb9d5029 -> 
  custom:scripting/monoscript/fileName/EditorDocumentation.cs: 934fb06e6a0b5b2798793a45828d3d5f -> 
  custom:scripting/monoscript/fileName/Effect_PerVertex.cs: 3f70f7fc3d4f9bfb1e10cd5e53684ee7 -> 
  custom:video-decoder-ogg-theora: a1e56fd34408186e4bbccfd4996cb3dc -> 
  custom:scripting/monoscript/fileName/MySerializedProperty.cs: 782cc9e912ef11023f0b93b5cae175e2 -> 
  custom:scripting/monoscript/fileName/CompositeEffectEditor.cs: 271d2f481fc4dff6734c055f2943e5d2 -> 
  custom:scripting/monoscript/fileName/TextEffect_Base.cs: 1b9a39eb3f7eb4d420cb56ed888ca97e -> 
  custom:scripting/monoscript/fileName/Effect_Scale.cs: 24350027199be1e1c520c27be9f8fbb9 -> 
  custom:scripting/monoscript/fileName/Effect_Color.cs: f5bc93c86b81ba37fa611632e3ecfb7f -> 
  custom:scripting/monoscript/fileName/Effect_Composite.cs: f3f7d32be82537fa78159e8943c1f1a7 -> 
  custom:CustomObjectIndexerAttribute: 756ad292c208cfabdd7b50bc23989ffe -> 
  custom:scripting/monoscript/fileName/TextEffectInstance.cs: 8d710191666e5c8cce9c6d33f66fafeb -> 
  custom:container-demuxer-webm: 4f35f7cbe854078d1ac9338744f61a02 -> 
  custom:scripting/monoscript/fileName/ButtonMethodAttribute.cs: cf389342635f998ab935cfcb5ae933df -> 
  custom:scripting/monoscript/fileName/ToggleDocAttribute.cs: d3c69a3f433376abbde86a297f4193a9 -> 
  custom:scripting/monoscript/fileName/MyHandles.cs: cc579ce2a9f371e54e4420275e0ac078 -> 
  custom:scripting/monoscript/fileName/ConditionalUtility.cs: 1205d2bd05e1eefe510065c234dd0f0e -> 
  custom:scripting/monoscript/fileName/MyCommonConstants.cs: afab7efaf9564dc9a7324c32dd196775 -> 
  custom:scripting/monoscript/fileName/CustomDrawerUtility.cs: 4fd84f09df56fbc0319d9bd7f922e98c -> 
  custom:container-muxer-webm: aa71ff27fc2769a1b78a27578f13a17b -> 
  custom:video-decoder-webm-vp8: 9c59270c3fd7afecdb556c50c9e8de78 -> 
  custom:SearchIndexIgnoredProperties: e643bd26f0fe6173181afceb89e7c659 -> 
  custom:AudioImporter_EditorPlatform: 3918e3fc78b5a79bad01e8451be0beb8 -> 
  custom:scripting/monoscript/fileName/ToggleDocAttributeDrawer.cs: e106f856849e4750d3809a4f241b1be2 -> 
  custom:scripting/monoscript/fileName/TextEffectEditor.cs: d3d8a1e5c2004b60d32f761eb093cf1b -> 
  custom:scripting/monoscript/fileName/MyColor.cs: 11671538b011fd3f337af43bc02e0c13 -> 
  custom:scripting/monoscript/fileName/AttributeBase.cs: d4cbb11724ea712d431b5cd07124907e -> 
  custom:scripting/monoscript/fileName/FoldBoxAttributeDrawer.cs: 7cddfc9687649703e6a68527865794bc -> 
  custom:scripting/monoscript/fileName/ConditionalFieldAttribute.cs: e6d9fd24956977713db9ec59b2642d84 -> 
  custom:scripting/monoscript/fileName/Effect_Move.cs: ef5516b861ddd6742709a32c4d74ed0d -> 
  custom:framework-osx-AVFoundation: e770b220cccbd017edd2c1fefb359320 -> 
  custom:scripting/monoscript/fileName/MyAlgorithms.cs: af94dca5879ebeadb102964fe2ba4c2c -> 
  custom:scripting/monoscript/fileName/TagEffectsPreset.cs: 7660331b4e5025a0b81c1733075d5b78 -> 
  custom:scripting/monoscript/fileName/Effect_Rotate.cs: ffdcc32648b4f2ece65aebb867cbbb0e -> 
  custom:video-encoder-webm-vp8: eb34c28f22e8b96e1ab97ce403110664 -> 
  custom:audio-decoder-ogg-vorbis: bf7c407c2cedff20999df2af8eb42d56 -> 
  custom:scripting/monoscript/fileName/WarningsPool.cs: fe4fa1866c40657be6a51b3604c9b41a -> 
  custom:scripting/monoscript/fileName/MyString.cs: 37ddb2560db549b377c16ed27598cb79 -> 
  custom:scripting/monoscript/fileName/TextEffectStatus.cs: 0d9a417212ada6670935a5511afc12b9 -> 
  custom:scripting/monoscript/fileName/TextEffect.cs: b3399054379a13f493415819f2b26d02 -> 
  custom:scripting/monoscript/fileName/MinMaxRangeAttribute.cs: 290170215b5b7bdd3fb5340a79339fb0 -> 
  custom:scripting/monoscript/fileName/AttributeBaseDrawer.cs: 26c86ce1d32ef473ff54fac3b3f34384 -> 
  custom:scripting/monoscript/fileName/ConditionalData.cs: 31d8359f80de1f6456e27c8f052f735f -> 
  custom:scripting/monoscript/fileName/CollectionWrapper.cs: 1d692121383b052bc3c42bd312cb03d9 -> 
  custom:audio-encoder-webm-vorbis: bf7c407c2cedff20999df2af8eb42d56 -> 
  custom:scripting/monoscript/fileName/TimeUtil.cs: f1db10614389fe8436f67f4138e33eab -> 
  custom:scripting/monoscript/fileName/MyCollections.cs: 1573b6e8eec6809de8e4f734cd42ac53 -> 
  custom:scripting/monoscript/fileName/PerVertexEffectEditor.cs: 0e08baf525303c472bfaf41752a7f457 -> 
  custom:scripting/monoscript/fileName/MyReflection.cs: 912dd491c7847901aa49939904b2f1dd -> 
========================================================================
Received Prepare
Begin MonoManager ReloadAssembly
Thread 0x30bd93000 may have been prematurely finalized
- Loaded All Assemblies, in  0.376 seconds
Refreshing native plugins compatible for Editor in 1.06 ms, found 2 plugins.
Native extension for WindowsStandalone target not found
Native extension for AppleTV target not found
Native extension for iOS target not found
Native extension for OSXStandalone target not found
Native extension for WebGL target not found
Mono: successfully reloaded assembly
- Finished resetting the current domain, in  0.852 seconds
Domain Reload Profiling: 1228ms
	BeginReloadAssembly (133ms)
		ExecutionOrderSort (0ms)
		DisableScriptedObjects (5ms)
		BackupInstance (0ms)
		ReleaseScriptingObjects (0ms)
		CreateAndSetChildDomain (51ms)
	RebuildCommonClasses (42ms)
	RebuildNativeTypeToScriptingClass (14ms)
	initialDomainReloadingComplete (26ms)
	LoadAllAssembliesAndSetupDomain (161ms)
		LoadAssemblies (193ms)
		RebuildTransferFunctionScriptingTraits (0ms)
		AnalyzeDomain (15ms)
			TypeCache.Refresh (8ms)
				TypeCache.ScanAssembly (0ms)
			ScanForSourceGeneratedMonoScriptInfo (0ms)
			ResolveRequiredComponents (6ms)
	FinalizeReload (852ms)
		ReleaseScriptCaches (0ms)
		RebuildScriptCaches (0ms)
		SetupLoadedEditorAssemblies (365ms)
			LogAssemblyErrors (0ms)
			InitializePlatformSupportModulesInManaged (25ms)
			SetLoadedEditorAssemblies (5ms)
			RefreshPlugins (0ms)
			BeforeProcessingInitializeOnLoad (55ms)
			ProcessInitializeOnLoadAttributes (261ms)
			ProcessInitializeOnLoadMethodAttributes (19ms)
			AfterProcessingInitializeOnLoad (1ms)
			EditorAssembliesLoaded (0ms)
		ExecutionOrderSort2 (0ms)
		AwakeInstancesAfterBackupRestoration (4ms)
Refreshing native plugins compatible for Editor in 1.06 ms, found 2 plugins.
Preloading 0 native plugins for Editor in 0.00 ms.
Unloading 3152 Unused Serialized files (Serialized files now loaded: 0)
Unloading 21 unused Assets / (31.2 KB). Loaded Objects now: 3682.
Memory consumption went from 237.7 MB to 237.7 MB.
Total: 3.202208 ms (FindLiveObjects: 0.202125 ms CreateObjectMapping: 0.059625 ms MarkObjects: 2.885625 ms  DeleteObjects: 0.052459 ms)

Prepare: number of updated asset objects reloaded= 0
AssetImportParameters requested are different than current active one (requested -> active):
  custom:scripting/monoscript/fileName/GlobalTextEffectEntry.cs: c33c6024380cd43b3456fe6aea6f41ce -> 
  custom:scripting/monoscript/fileName/FoldBoxAttribute.cs: 66ff91a3485d06d36b8511fad6212f92 -> 
  custom:container-demuxer-ogg: 62fdf1f143b41e24485cea50d1cbac27 -> 
  custom:scripting/monoscript/fileName/MyDebug.cs: f3faef2d00c537158ab87ca513b25292 -> 
  custom:scripting/monoscript/fileName/MinMax.cs: 1c24b444ecff0bdeaf87d2edcb9d5029 -> 
  custom:scripting/monoscript/fileName/EditorDocumentation.cs: 934fb06e6a0b5b2798793a45828d3d5f -> 
  custom:scripting/monoscript/fileName/Effect_PerVertex.cs: 3f70f7fc3d4f9bfb1e10cd5e53684ee7 -> 
  custom:video-decoder-ogg-theora: a1e56fd34408186e4bbccfd4996cb3dc -> 
  custom:scripting/monoscript/fileName/MySerializedProperty.cs: 782cc9e912ef11023f0b93b5cae175e2 -> 
  custom:scripting/monoscript/fileName/CompositeEffectEditor.cs: 271d2f481fc4dff6734c055f2943e5d2 -> 
  custom:scripting/monoscript/fileName/TextEffect_Base.cs: 1b9a39eb3f7eb4d420cb56ed888ca97e -> 
  custom:scripting/monoscript/fileName/Effect_Scale.cs: 24350027199be1e1c520c27be9f8fbb9 -> 
  custom:scripting/monoscript/fileName/Effect_Color.cs: f5bc93c86b81ba37fa611632e3ecfb7f -> 
  custom:scripting/monoscript/fileName/Effect_Composite.cs: f3f7d32be82537fa78159e8943c1f1a7 -> 
  custom:CustomObjectIndexerAttribute: 756ad292c208cfabdd7b50bc23989ffe -> 
  custom:scripting/monoscript/fileName/TextEffectInstance.cs: 8d710191666e5c8cce9c6d33f66fafeb -> 
  custom:container-demuxer-webm: 4f35f7cbe854078d1ac9338744f61a02 -> 
  custom:scripting/monoscript/fileName/ButtonMethodAttribute.cs: cf389342635f998ab935cfcb5ae933df -> 
  custom:scripting/monoscript/fileName/ToggleDocAttribute.cs: d3c69a3f433376abbde86a297f4193a9 -> 
  custom:scripting/monoscript/fileName/MyHandles.cs: cc579ce2a9f371e54e4420275e0ac078 -> 
  custom:scripting/monoscript/fileName/ConditionalUtility.cs: 1205d2bd05e1eefe510065c234dd0f0e -> 
  custom:scripting/monoscript/fileName/MyCommonConstants.cs: afab7efaf9564dc9a7324c32dd196775 -> 
  custom:scripting/monoscript/fileName/CustomDrawerUtility.cs: 4fd84f09df56fbc0319d9bd7f922e98c -> 
  custom:container-muxer-webm: aa71ff27fc2769a1b78a27578f13a17b -> 
  custom:video-decoder-webm-vp8: 9c59270c3fd7afecdb556c50c9e8de78 -> 
  custom:SearchIndexIgnoredProperties: e643bd26f0fe6173181afceb89e7c659 -> 
  custom:AudioImporter_EditorPlatform: 3918e3fc78b5a79bad01e8451be0beb8 -> 
  custom:scripting/monoscript/fileName/ToggleDocAttributeDrawer.cs: e106f856849e4750d3809a4f241b1be2 -> 
  custom:scripting/monoscript/fileName/TextEffectEditor.cs: d3d8a1e5c2004b60d32f761eb093cf1b -> 
  custom:scripting/monoscript/fileName/MyColor.cs: 11671538b011fd3f337af43bc02e0c13 -> 
  custom:scripting/monoscript/fileName/AttributeBase.cs: d4cbb11724ea712d431b5cd07124907e -> 
  custom:scripting/monoscript/fileName/FoldBoxAttributeDrawer.cs: 7cddfc9687649703e6a68527865794bc -> 
  custom:scripting/monoscript/fileName/ConditionalFieldAttribute.cs: e6d9fd24956977713db9ec59b2642d84 -> 
  custom:scripting/monoscript/fileName/Effect_Move.cs: ef5516b861ddd6742709a32c4d74ed0d -> 
  custom:framework-osx-AVFoundation: e770b220cccbd017edd2c1fefb359320 -> 
  custom:scripting/monoscript/fileName/MyAlgorithms.cs: af94dca5879ebeadb102964fe2ba4c2c -> 
  custom:scripting/monoscript/fileName/TagEffectsPreset.cs: 7660331b4e5025a0b81c1733075d5b78 -> 
  custom:scripting/monoscript/fileName/Effect_Rotate.cs: ffdcc32648b4f2ece65aebb867cbbb0e -> 
  custom:video-encoder-webm-vp8: eb34c28f22e8b96e1ab97ce403110664 -> 
  custom:audio-decoder-ogg-vorbis: bf7c407c2cedff20999df2af8eb42d56 -> 
  custom:scripting/monoscript/fileName/WarningsPool.cs: fe4fa1866c40657be6a51b3604c9b41a -> 
  custom:scripting/monoscript/fileName/MyString.cs: 37ddb2560db549b377c16ed27598cb79 -> 
  custom:scripting/monoscript/fileName/TextEffectStatus.cs: 0d9a417212ada6670935a5511afc12b9 -> 
  custom:scripting/monoscript/fileName/TextEffect.cs: b3399054379a13f493415819f2b26d02 -> 
  custom:scripting/monoscript/fileName/MinMaxRangeAttribute.cs: 290170215b5b7bdd3fb5340a79339fb0 -> 
  custom:scripting/monoscript/fileName/AttributeBaseDrawer.cs: 26c86ce1d32ef473ff54fac3b3f34384 -> 
  custom:scripting/monoscript/fileName/ConditionalData.cs: 31d8359f80de1f6456e27c8f052f735f -> 
  custom:scripting/monoscript/fileName/CollectionWrapper.cs: 1d692121383b052bc3c42bd312cb03d9 -> 
  custom:audio-encoder-webm-vorbis: bf7c407c2cedff20999df2af8eb42d56 -> 
  custom:scripting/monoscript/fileName/TimeUtil.cs: f1db10614389fe8436f67f4138e33eab -> 
  custom:scripting/monoscript/fileName/MyCollections.cs: 1573b6e8eec6809de8e4f734cd42ac53 -> 
  custom:scripting/monoscript/fileName/PerVertexEffectEditor.cs: 0e08baf525303c472bfaf41752a7f457 -> 
  custom:scripting/monoscript/fileName/MyReflection.cs: 912dd491c7847901aa49939904b2f1dd -> 
========================================================================
Received Prepare
Begin MonoManager ReloadAssembly
Thread 0x30bd93000 may have been prematurely finalized
- Loaded All Assemblies, in  0.653 seconds
Refreshing native plugins compatible for Editor in 1.61 ms, found 2 plugins.
Native extension for WindowsStandalone target not found
Native extension for AppleTV target not found
Native extension for iOS target not found
Native extension for OSXStandalone target not found
Native extension for WebGL target not found
Mono: successfully reloaded assembly
- Finished resetting the current domain, in  1.023 seconds
Domain Reload Profiling: 1677ms
	BeginReloadAssembly (231ms)
		ExecutionOrderSort (0ms)
		DisableScriptedObjects (11ms)
		BackupInstance (0ms)
		ReleaseScriptingObjects (0ms)
		CreateAndSetChildDomain (99ms)
	RebuildCommonClasses (67ms)
	RebuildNativeTypeToScriptingClass (21ms)
	initialDomainReloadingComplete (35ms)
	LoadAllAssembliesAndSetupDomain (300ms)
		LoadAssemblies (320ms)
		RebuildTransferFunctionScriptingTraits (0ms)
		AnalyzeDomain (50ms)
			TypeCache.Refresh (26ms)
				TypeCache.ScanAssembly (3ms)
			ScanForSourceGeneratedMonoScriptInfo (12ms)
			ResolveRequiredComponents (9ms)
	FinalizeReload (1023ms)
		ReleaseScriptCaches (0ms)
		RebuildScriptCaches (0ms)
		SetupLoadedEditorAssemblies (432ms)
			LogAssemblyErrors (0ms)
			InitializePlatformSupportModulesInManaged (27ms)
			SetLoadedEditorAssemblies (5ms)
			RefreshPlugins (0ms)
			BeforeProcessingInitializeOnLoad (60ms)
			ProcessInitializeOnLoadAttributes (315ms)
			ProcessInitializeOnLoadMethodAttributes (23ms)
			AfterProcessingInitializeOnLoad (1ms)
			EditorAssembliesLoaded (0ms)
		ExecutionOrderSort2 (0ms)
		AwakeInstancesAfterBackupRestoration (4ms)
Refreshing native plugins compatible for Editor in 1.17 ms, found 2 plugins.
Preloading 0 native plugins for Editor in 0.00 ms.
Unloading 3153 Unused Serialized files (Serialized files now loaded: 0)
Unloading 21 unused Assets / (31.2 KB). Loaded Objects now: 3686.
Memory consumption went from 244.6 MB to 244.6 MB.
Total: 3.165125 ms (FindLiveObjects: 0.131125 ms CreateObjectMapping: 0.056750 ms MarkObjects: 2.926209 ms  DeleteObjects: 0.049958 ms)

Prepare: number of updated asset objects reloaded= 0
AssetImportParameters requested are different than current active one (requested -> active):
  custom:scripting/monoscript/fileName/GlobalTextEffectEntry.cs: c33c6024380cd43b3456fe6aea6f41ce -> 
  custom:scripting/monoscript/fileName/FoldBoxAttribute.cs: 66ff91a3485d06d36b8511fad6212f92 -> 
  custom:container-demuxer-ogg: 62fdf1f143b41e24485cea50d1cbac27 -> 
  custom:scripting/monoscript/fileName/MyDebug.cs: f3faef2d00c537158ab87ca513b25292 -> 
  custom:scripting/monoscript/fileName/MinMax.cs: 1c24b444ecff0bdeaf87d2edcb9d5029 -> 
  custom:scripting/monoscript/fileName/EditorDocumentation.cs: 934fb06e6a0b5b2798793a45828d3d5f -> 
  custom:scripting/monoscript/fileName/Effect_PerVertex.cs: 3f70f7fc3d4f9bfb1e10cd5e53684ee7 -> 
  custom:video-decoder-ogg-theora: a1e56fd34408186e4bbccfd4996cb3dc -> 
  custom:scripting/monoscript/fileName/MySerializedProperty.cs: 782cc9e912ef11023f0b93b5cae175e2 -> 
  custom:scripting/monoscript/fileName/CompositeEffectEditor.cs: 271d2f481fc4dff6734c055f2943e5d2 -> 
  custom:scripting/monoscript/fileName/TextEffect_Base.cs: 1b9a39eb3f7eb4d420cb56ed888ca97e -> 
  custom:scripting/monoscript/fileName/Effect_Scale.cs: 24350027199be1e1c520c27be9f8fbb9 -> 
  custom:scripting/monoscript/fileName/Effect_Color.cs: f5bc93c86b81ba37fa611632e3ecfb7f -> 
  custom:scripting/monoscript/fileName/Effect_Composite.cs: f3f7d32be82537fa78159e8943c1f1a7 -> 
  custom:CustomObjectIndexerAttribute: 756ad292c208cfabdd7b50bc23989ffe -> 
  custom:scripting/monoscript/fileName/TextEffectInstance.cs: 8d710191666e5c8cce9c6d33f66fafeb -> 
  custom:container-demuxer-webm: 4f35f7cbe854078d1ac9338744f61a02 -> 
  custom:scripting/monoscript/fileName/ButtonMethodAttribute.cs: cf389342635f998ab935cfcb5ae933df -> 
  custom:scripting/monoscript/fileName/ToggleDocAttribute.cs: d3c69a3f433376abbde86a297f4193a9 -> 
  custom:scripting/monoscript/fileName/MyHandles.cs: cc579ce2a9f371e54e4420275e0ac078 -> 
  custom:scripting/monoscript/fileName/ConditionalUtility.cs: 1205d2bd05e1eefe510065c234dd0f0e -> 
  custom:scripting/monoscript/fileName/MyCommonConstants.cs: afab7efaf9564dc9a7324c32dd196775 -> 
  custom:scripting/monoscript/fileName/CustomDrawerUtility.cs: 4fd84f09df56fbc0319d9bd7f922e98c -> 
  custom:container-muxer-webm: aa71ff27fc2769a1b78a27578f13a17b -> 
  custom:video-decoder-webm-vp8: 9c59270c3fd7afecdb556c50c9e8de78 -> 
  custom:SearchIndexIgnoredProperties: e643bd26f0fe6173181afceb89e7c659 -> 
  custom:AudioImporter_EditorPlatform: 3918e3fc78b5a79bad01e8451be0beb8 -> 
  custom:scripting/monoscript/fileName/ToggleDocAttributeDrawer.cs: e106f856849e4750d3809a4f241b1be2 -> 
  custom:scripting/monoscript/fileName/TextEffectEditor.cs: d3d8a1e5c2004b60d32f761eb093cf1b -> 
  custom:scripting/monoscript/fileName/MyColor.cs: 11671538b011fd3f337af43bc02e0c13 -> 
  custom:scripting/monoscript/fileName/AttributeBase.cs: d4cbb11724ea712d431b5cd07124907e -> 
  custom:scripting/monoscript/fileName/FoldBoxAttributeDrawer.cs: 7cddfc9687649703e6a68527865794bc -> 
  custom:scripting/monoscript/fileName/ConditionalFieldAttribute.cs: e6d9fd24956977713db9ec59b2642d84 -> 
  custom:scripting/monoscript/fileName/Effect_Move.cs: ef5516b861ddd6742709a32c4d74ed0d -> 
  custom:framework-osx-AVFoundation: e770b220cccbd017edd2c1fefb359320 -> 
  custom:scripting/monoscript/fileName/MyAlgorithms.cs: af94dca5879ebeadb102964fe2ba4c2c -> 
  custom:scripting/monoscript/fileName/TagEffectsPreset.cs: 7660331b4e5025a0b81c1733075d5b78 -> 
  custom:scripting/monoscript/fileName/Effect_Rotate.cs: ffdcc32648b4f2ece65aebb867cbbb0e -> 
  custom:video-encoder-webm-vp8: eb34c28f22e8b96e1ab97ce403110664 -> 
  custom:audio-decoder-ogg-vorbis: bf7c407c2cedff20999df2af8eb42d56 -> 
  custom:scripting/monoscript/fileName/WarningsPool.cs: fe4fa1866c40657be6a51b3604c9b41a -> 
  custom:scripting/monoscript/fileName/MyString.cs: 37ddb2560db549b377c16ed27598cb79 -> 
  custom:scripting/monoscript/fileName/TextEffectStatus.cs: 0d9a417212ada6670935a5511afc12b9 -> 
  custom:scripting/monoscript/fileName/TextEffect.cs: b3399054379a13f493415819f2b26d02 -> 
  custom:scripting/monoscript/fileName/MinMaxRangeAttribute.cs: 290170215b5b7bdd3fb5340a79339fb0 -> 
  custom:scripting/monoscript/fileName/AttributeBaseDrawer.cs: 26c86ce1d32ef473ff54fac3b3f34384 -> 
  custom:scripting/monoscript/fileName/ConditionalData.cs: 31d8359f80de1f6456e27c8f052f735f -> 
  custom:scripting/monoscript/fileName/CollectionWrapper.cs: 1d692121383b052bc3c42bd312cb03d9 -> 
  custom:audio-encoder-webm-vorbis: bf7c407c2cedff20999df2af8eb42d56 -> 
  custom:scripting/monoscript/fileName/TimeUtil.cs: f1db10614389fe8436f67f4138e33eab -> 
  custom:scripting/monoscript/fileName/MyCollections.cs: 1573b6e8eec6809de8e4f734cd42ac53 -> 
  custom:scripting/monoscript/fileName/PerVertexEffectEditor.cs: 0e08baf525303c472bfaf41752a7f457 -> 
  custom:scripting/monoscript/fileName/MyReflection.cs: 912dd491c7847901aa49939904b2f1dd -> 
========================================================================
Received Import Request.
  Time since last request: 917846.301149 seconds.
  path: Assets/Scripts/Message.cs
  artifactKey: Guid(6abea4169728a4cf2bca60a08ec715c7) Importer(815301076,1909f56bfc062723c751e8b465ee728b)
Start importing Assets/Scripts/Message.cs using Guid(6abea4169728a4cf2bca60a08ec715c7) Importer(815301076,1909f56bfc062723c751e8b465ee728b)  -> (artifact id: '2d14d6c37ccbfb8c788158c494227bc4') in 0.002138 seconds
Number of updated asset objects reloaded before import = 0
Number of asset objects unloaded after import = 0
========================================================================
Received Prepare
Begin MonoManager ReloadAssembly
Thread 0x30bd93000 may have been prematurely finalized
- Loaded All Assemblies, in  0.633 seconds
Refreshing native plugins compatible for Editor in 1.27 ms, found 2 plugins.
Native extension for WindowsStandalone target not found
Native extension for AppleTV target not found
Native extension for iOS target not found
Native extension for OSXStandalone target not found
Native extension for WebGL target not found
Mono: successfully reloaded assembly
- Finished resetting the current domain, in  0.860 seconds
Domain Reload Profiling: 1494ms
	BeginReloadAssembly (289ms)
		ExecutionOrderSort (0ms)
		DisableScriptedObjects (15ms)
		BackupInstance (0ms)
		ReleaseScriptingObjects (0ms)
		CreateAndSetChildDomain (126ms)
	RebuildCommonClasses (66ms)
	RebuildNativeTypeToScriptingClass (21ms)
	initialDomainReloadingComplete (33ms)
	LoadAllAssembliesAndSetupDomain (224ms)
		LoadAssemblies (286ms)
		RebuildTransferFunctionScriptingTraits (0ms)
		AnalyzeDomain (31ms)
			TypeCache.Refresh (15ms)
				TypeCache.ScanAssembly (1ms)
			ScanForSourceGeneratedMonoScriptInfo (9ms)
			ResolveRequiredComponents (6ms)
	FinalizeReload (861ms)
		ReleaseScriptCaches (0ms)
		RebuildScriptCaches (0ms)
		SetupLoadedEditorAssemblies (363ms)
			LogAssemblyErrors (0ms)
			InitializePlatformSupportModulesInManaged (24ms)
			SetLoadedEditorAssemblies (5ms)
			RefreshPlugins (0ms)
			BeforeProcessingInitializeOnLoad (56ms)
			ProcessInitializeOnLoadAttributes (257ms)
			ProcessInitializeOnLoadMethodAttributes (20ms)
			AfterProcessingInitializeOnLoad (1ms)
			EditorAssembliesLoaded (0ms)
		ExecutionOrderSort2 (0ms)
		AwakeInstancesAfterBackupRestoration (4ms)
Refreshing native plugins compatible for Editor in 1.17 ms, found 2 plugins.
Preloading 0 native plugins for Editor in 0.00 ms.
Unloading 3152 Unused Serialized files (Serialized files now loaded: 0)
Unloading 21 unused Assets / (31.3 KB). Loaded Objects now: 3689.
Memory consumption went from 251.4 MB to 251.4 MB.
Total: 3.060750 ms (FindLiveObjects: 0.156833 ms CreateObjectMapping: 0.058458 ms MarkObjects: 2.788250 ms  DeleteObjects: 0.056542 ms)

Prepare: number of updated asset objects reloaded= 0
AssetImportParameters requested are different than current active one (requested -> active):
  custom:scripting/monoscript/fileName/GlobalTextEffectEntry.cs: c33c6024380cd43b3456fe6aea6f41ce -> 
  custom:scripting/monoscript/fileName/FoldBoxAttribute.cs: 66ff91a3485d06d36b8511fad6212f92 -> 
  custom:container-demuxer-ogg: 62fdf1f143b41e24485cea50d1cbac27 -> 
  custom:scripting/monoscript/fileName/MyDebug.cs: f3faef2d00c537158ab87ca513b25292 -> 
  custom:scripting/monoscript/fileName/MinMax.cs: 1c24b444ecff0bdeaf87d2edcb9d5029 -> 
  custom:scripting/monoscript/fileName/EditorDocumentation.cs: 934fb06e6a0b5b2798793a45828d3d5f -> 
  custom:scripting/monoscript/fileName/Effect_PerVertex.cs: 3f70f7fc3d4f9bfb1e10cd5e53684ee7 -> 
  custom:video-decoder-ogg-theora: a1e56fd34408186e4bbccfd4996cb3dc -> 
  custom:scripting/monoscript/fileName/MySerializedProperty.cs: 782cc9e912ef11023f0b93b5cae175e2 -> 
  custom:scripting/monoscript/fileName/CompositeEffectEditor.cs: 271d2f481fc4dff6734c055f2943e5d2 -> 
  custom:scripting/monoscript/fileName/TextEffect_Base.cs: 1b9a39eb3f7eb4d420cb56ed888ca97e -> 
  custom:scripting/monoscript/fileName/Effect_Scale.cs: 24350027199be1e1c520c27be9f8fbb9 -> 
  custom:scripting/monoscript/fileName/Effect_Color.cs: f5bc93c86b81ba37fa611632e3ecfb7f -> 
  custom:scripting/monoscript/fileName/Effect_Composite.cs: f3f7d32be82537fa78159e8943c1f1a7 -> 
  custom:CustomObjectIndexerAttribute: 756ad292c208cfabdd7b50bc23989ffe -> 
  custom:scripting/monoscript/fileName/TextEffectInstance.cs: 8d710191666e5c8cce9c6d33f66fafeb -> 
  custom:container-demuxer-webm: 4f35f7cbe854078d1ac9338744f61a02 -> 
  custom:scripting/monoscript/fileName/ButtonMethodAttribute.cs: cf389342635f998ab935cfcb5ae933df -> 
  custom:scripting/monoscript/fileName/ToggleDocAttribute.cs: d3c69a3f433376abbde86a297f4193a9 -> 
  custom:scripting/monoscript/fileName/MyHandles.cs: cc579ce2a9f371e54e4420275e0ac078 -> 
  custom:scripting/monoscript/fileName/ConditionalUtility.cs: 1205d2bd05e1eefe510065c234dd0f0e -> 
  custom:scripting/monoscript/fileName/MyCommonConstants.cs: afab7efaf9564dc9a7324c32dd196775 -> 
  custom:scripting/monoscript/fileName/CustomDrawerUtility.cs: 4fd84f09df56fbc0319d9bd7f922e98c -> 
  custom:container-muxer-webm: aa71ff27fc2769a1b78a27578f13a17b -> 
  custom:video-decoder-webm-vp8: 9c59270c3fd7afecdb556c50c9e8de78 -> 
  custom:SearchIndexIgnoredProperties: e643bd26f0fe6173181afceb89e7c659 -> 
  custom:AudioImporter_EditorPlatform: 3918e3fc78b5a79bad01e8451be0beb8 -> 
  custom:scripting/monoscript/fileName/ToggleDocAttributeDrawer.cs: e106f856849e4750d3809a4f241b1be2 -> 
  custom:scripting/monoscript/fileName/TextEffectEditor.cs: d3d8a1e5c2004b60d32f761eb093cf1b -> 
  custom:scripting/monoscript/fileName/MyColor.cs: 11671538b011fd3f337af43bc02e0c13 -> 
  custom:scripting/monoscript/fileName/AttributeBase.cs: d4cbb11724ea712d431b5cd07124907e -> 
  custom:scripting/monoscript/fileName/FoldBoxAttributeDrawer.cs: 7cddfc9687649703e6a68527865794bc -> 
  custom:scripting/monoscript/fileName/ConditionalFieldAttribute.cs: e6d9fd24956977713db9ec59b2642d84 -> 
  custom:scripting/monoscript/fileName/Effect_Move.cs: ef5516b861ddd6742709a32c4d74ed0d -> 
  custom:framework-osx-AVFoundation: e770b220cccbd017edd2c1fefb359320 -> 
  custom:scripting/monoscript/fileName/MyAlgorithms.cs: af94dca5879ebeadb102964fe2ba4c2c -> 
  custom:scripting/monoscript/fileName/TagEffectsPreset.cs: 7660331b4e5025a0b81c1733075d5b78 -> 
  custom:scripting/monoscript/fileName/Effect_Rotate.cs: ffdcc32648b4f2ece65aebb867cbbb0e -> 
  custom:video-encoder-webm-vp8: eb34c28f22e8b96e1ab97ce403110664 -> 
  custom:audio-decoder-ogg-vorbis: bf7c407c2cedff20999df2af8eb42d56 -> 
  custom:scripting/monoscript/fileName/WarningsPool.cs: fe4fa1866c40657be6a51b3604c9b41a -> 
  custom:scripting/monoscript/fileName/MyString.cs: 37ddb2560db549b377c16ed27598cb79 -> 
  custom:scripting/monoscript/fileName/TextEffectStatus.cs: 0d9a417212ada6670935a5511afc12b9 -> 
  custom:scripting/monoscript/fileName/TextEffect.cs: b3399054379a13f493415819f2b26d02 -> 
  custom:scripting/monoscript/fileName/MinMaxRangeAttribute.cs: 290170215b5b7bdd3fb5340a79339fb0 -> 
  custom:scripting/monoscript/fileName/AttributeBaseDrawer.cs: 26c86ce1d32ef473ff54fac3b3f34384 -> 
  custom:scripting/monoscript/fileName/ConditionalData.cs: 31d8359f80de1f6456e27c8f052f735f -> 
  custom:scripting/monoscript/fileName/CollectionWrapper.cs: 1d692121383b052bc3c42bd312cb03d9 -> 
  custom:audio-encoder-webm-vorbis: bf7c407c2cedff20999df2af8eb42d56 -> 
  custom:scripting/monoscript/fileName/TimeUtil.cs: f1db10614389fe8436f67f4138e33eab -> 
  custom:scripting/monoscript/fileName/MyCollections.cs: 1573b6e8eec6809de8e4f734cd42ac53 -> 
  custom:scripting/monoscript/fileName/PerVertexEffectEditor.cs: 0e08baf525303c472bfaf41752a7f457 -> 
  custom:scripting/monoscript/fileName/MyReflection.cs: 912dd491c7847901aa49939904b2f1dd -> 
========================================================================
Received Prepare
Begin MonoManager ReloadAssembly
Thread 0x30bd93000 may have been prematurely finalized
- Loaded All Assemblies, in  0.479 seconds
Refreshing native plugins compatible for Editor in 1.36 ms, found 2 plugins.
Native extension for WindowsStandalone target not found
Native extension for AppleTV target not found
Native extension for iOS target not found
Native extension for OSXStandalone target not found
Native extension for WebGL target not found
Mono: successfully reloaded assembly
- Finished resetting the current domain, in  0.976 seconds
Domain Reload Profiling: 1456ms
	BeginReloadAssembly (150ms)
		ExecutionOrderSort (0ms)
		DisableScriptedObjects (5ms)
		BackupInstance (0ms)
		ReleaseScriptingObjects (0ms)
		CreateAndSetChildDomain (60ms)
	RebuildCommonClasses (51ms)
	RebuildNativeTypeToScriptingClass (16ms)
	initialDomainReloadingComplete (26ms)
	LoadAllAssembliesAndSetupDomain (236ms)
		LoadAssemblies (267ms)
		RebuildTransferFunctionScriptingTraits (0ms)
		AnalyzeDomain (20ms)
			TypeCache.Refresh (11ms)
				TypeCache.ScanAssembly (0ms)
			ScanForSourceGeneratedMonoScriptInfo (0ms)
			ResolveRequiredComponents (7ms)
	FinalizeReload (977ms)
		ReleaseScriptCaches (0ms)
		RebuildScriptCaches (0ms)
		SetupLoadedEditorAssemblies (434ms)
			LogAssemblyErrors (0ms)
			InitializePlatformSupportModulesInManaged (25ms)
			SetLoadedEditorAssemblies (5ms)
			RefreshPlugins (0ms)
			BeforeProcessingInitializeOnLoad (55ms)
			ProcessInitializeOnLoadAttributes (307ms)
			ProcessInitializeOnLoadMethodAttributes (40ms)
			AfterProcessingInitializeOnLoad (2ms)
			EditorAssembliesLoaded (0ms)
		ExecutionOrderSort2 (0ms)
		AwakeInstancesAfterBackupRestoration (8ms)
Refreshing native plugins compatible for Editor in 1.12 ms, found 2 plugins.
Preloading 0 native plugins for Editor in 0.00 ms.
Unloading 3153 Unused Serialized files (Serialized files now loaded: 0)
Unloading 21 unused Assets / (31.1 KB). Loaded Objects now: 3692.
Memory consumption went from 258.6 MB to 258.5 MB.
Total: 3.061083 ms (FindLiveObjects: 0.147250 ms CreateObjectMapping: 0.058583 ms MarkObjects: 2.804792 ms  DeleteObjects: 0.049375 ms)

Prepare: number of updated asset objects reloaded= 0
AssetImportParameters requested are different than current active one (requested -> active):
  custom:scripting/monoscript/fileName/GlobalTextEffectEntry.cs: c33c6024380cd43b3456fe6aea6f41ce -> 
  custom:scripting/monoscript/fileName/FoldBoxAttribute.cs: 66ff91a3485d06d36b8511fad6212f92 -> 
  custom:container-demuxer-ogg: 62fdf1f143b41e24485cea50d1cbac27 -> 
  custom:scripting/monoscript/fileName/MyDebug.cs: f3faef2d00c537158ab87ca513b25292 -> 
  custom:scripting/monoscript/fileName/MinMax.cs: 1c24b444ecff0bdeaf87d2edcb9d5029 -> 
  custom:scripting/monoscript/fileName/EditorDocumentation.cs: 934fb06e6a0b5b2798793a45828d3d5f -> 
  custom:scripting/monoscript/fileName/Effect_PerVertex.cs: 3f70f7fc3d4f9bfb1e10cd5e53684ee7 -> 
  custom:video-decoder-ogg-theora: a1e56fd34408186e4bbccfd4996cb3dc -> 
  custom:scripting/monoscript/fileName/MySerializedProperty.cs: 782cc9e912ef11023f0b93b5cae175e2 -> 
  custom:scripting/monoscript/fileName/CompositeEffectEditor.cs: 271d2f481fc4dff6734c055f2943e5d2 -> 
  custom:scripting/monoscript/fileName/TextEffect_Base.cs: 1b9a39eb3f7eb4d420cb56ed888ca97e -> 
  custom:scripting/monoscript/fileName/Effect_Scale.cs: 24350027199be1e1c520c27be9f8fbb9 -> 
  custom:scripting/monoscript/fileName/Effect_Color.cs: f5bc93c86b81ba37fa611632e3ecfb7f -> 
  custom:scripting/monoscript/fileName/Effect_Composite.cs: f3f7d32be82537fa78159e8943c1f1a7 -> 
  custom:CustomObjectIndexerAttribute: 756ad292c208cfabdd7b50bc23989ffe -> 
  custom:scripting/monoscript/fileName/TextEffectInstance.cs: 8d710191666e5c8cce9c6d33f66fafeb -> 
  custom:container-demuxer-webm: 4f35f7cbe854078d1ac9338744f61a02 -> 
  custom:scripting/monoscript/fileName/ButtonMethodAttribute.cs: cf389342635f998ab935cfcb5ae933df -> 
  custom:scripting/monoscript/fileName/ToggleDocAttribute.cs: d3c69a3f433376abbde86a297f4193a9 -> 
  custom:scripting/monoscript/fileName/MyHandles.cs: cc579ce2a9f371e54e4420275e0ac078 -> 
  custom:scripting/monoscript/fileName/ConditionalUtility.cs: 1205d2bd05e1eefe510065c234dd0f0e -> 
  custom:scripting/monoscript/fileName/MyCommonConstants.cs: afab7efaf9564dc9a7324c32dd196775 -> 
  custom:scripting/monoscript/fileName/CustomDrawerUtility.cs: 4fd84f09df56fbc0319d9bd7f922e98c -> 
  custom:container-muxer-webm: aa71ff27fc2769a1b78a27578f13a17b -> 
  custom:video-decoder-webm-vp8: 9c59270c3fd7afecdb556c50c9e8de78 -> 
  custom:SearchIndexIgnoredProperties: e643bd26f0fe6173181afceb89e7c659 -> 
  custom:AudioImporter_EditorPlatform: 3918e3fc78b5a79bad01e8451be0beb8 -> 
  custom:scripting/monoscript/fileName/ToggleDocAttributeDrawer.cs: e106f856849e4750d3809a4f241b1be2 -> 
  custom:scripting/monoscript/fileName/TextEffectEditor.cs: d3d8a1e5c2004b60d32f761eb093cf1b -> 
  custom:scripting/monoscript/fileName/MyColor.cs: 11671538b011fd3f337af43bc02e0c13 -> 
  custom:scripting/monoscript/fileName/AttributeBase.cs: d4cbb11724ea712d431b5cd07124907e -> 
  custom:scripting/monoscript/fileName/FoldBoxAttributeDrawer.cs: 7cddfc9687649703e6a68527865794bc -> 
  custom:scripting/monoscript/fileName/ConditionalFieldAttribute.cs: e6d9fd24956977713db9ec59b2642d84 -> 
  custom:scripting/monoscript/fileName/Effect_Move.cs: ef5516b861ddd6742709a32c4d74ed0d -> 
  custom:framework-osx-AVFoundation: e770b220cccbd017edd2c1fefb359320 -> 
  custom:scripting/monoscript/fileName/MyAlgorithms.cs: af94dca5879ebeadb102964fe2ba4c2c -> 
  custom:scripting/monoscript/fileName/TagEffectsPreset.cs: 7660331b4e5025a0b81c1733075d5b78 -> 
  custom:scripting/monoscript/fileName/Effect_Rotate.cs: ffdcc32648b4f2ece65aebb867cbbb0e -> 
  custom:video-encoder-webm-vp8: eb34c28f22e8b96e1ab97ce403110664 -> 
  custom:audio-decoder-ogg-vorbis: bf7c407c2cedff20999df2af8eb42d56 -> 
  custom:scripting/monoscript/fileName/WarningsPool.cs: fe4fa1866c40657be6a51b3604c9b41a -> 
  custom:scripting/monoscript/fileName/MyString.cs: 37ddb2560db549b377c16ed27598cb79 -> 
  custom:scripting/monoscript/fileName/TextEffectStatus.cs: 0d9a417212ada6670935a5511afc12b9 -> 
  custom:scripting/monoscript/fileName/TextEffect.cs: b3399054379a13f493415819f2b26d02 -> 
  custom:scripting/monoscript/fileName/MinMaxRangeAttribute.cs: 290170215b5b7bdd3fb5340a79339fb0 -> 
  custom:scripting/monoscript/fileName/AttributeBaseDrawer.cs: 26c86ce1d32ef473ff54fac3b3f34384 -> 
  custom:scripting/monoscript/fileName/ConditionalData.cs: 31d8359f80de1f6456e27c8f052f735f -> 
  custom:scripting/monoscript/fileName/CollectionWrapper.cs: 1d692121383b052bc3c42bd312cb03d9 -> 
  custom:audio-encoder-webm-vorbis: bf7c407c2cedff20999df2af8eb42d56 -> 
  custom:scripting/monoscript/fileName/TimeUtil.cs: f1db10614389fe8436f67f4138e33eab -> 
  custom:scripting/monoscript/fileName/MyCollections.cs: 1573b6e8eec6809de8e4f734cd42ac53 -> 
  custom:scripting/monoscript/fileName/PerVertexEffectEditor.cs: 0e08baf525303c472bfaf41752a7f457 -> 
  custom:scripting/monoscript/fileName/MyReflection.cs: 912dd491c7847901aa49939904b2f1dd -> 
========================================================================
Received Prepare
Begin MonoManager ReloadAssembly
Thread 0x30bd93000 may have been prematurely finalized
- Loaded All Assemblies, in  0.454 seconds
Refreshing native plugins compatible for Editor in 1.10 ms, found 2 plugins.
Native extension for WindowsStandalone target not found
Native extension for AppleTV target not found
Native extension for iOS target not found
Native extension for OSXStandalone target not found
Native extension for WebGL target not found
Mono: successfully reloaded assembly
- Finished resetting the current domain, in  0.964 seconds
Domain Reload Profiling: 1419ms
	BeginReloadAssembly (151ms)
		ExecutionOrderSort (0ms)
		DisableScriptedObjects (5ms)
		BackupInstance (0ms)
		ReleaseScriptingObjects (0ms)
		CreateAndSetChildDomain (58ms)
	RebuildCommonClasses (55ms)
	RebuildNativeTypeToScriptingClass (18ms)
	initialDomainReloadingComplete (29ms)
	LoadAllAssembliesAndSetupDomain (201ms)
		LoadAssemblies (240ms)
		RebuildTransferFunctionScriptingTraits (0ms)
		AnalyzeDomain (17ms)
			TypeCache.Refresh (10ms)
				TypeCache.ScanAssembly (0ms)
			ScanForSourceGeneratedMonoScriptInfo (0ms)
			ResolveRequiredComponents (7ms)
	FinalizeReload (965ms)
		ReleaseScriptCaches (0ms)
		RebuildScriptCaches (0ms)
		SetupLoadedEditorAssemblies (427ms)
			LogAssemblyErrors (0ms)
			InitializePlatformSupportModulesInManaged (25ms)
			SetLoadedEditorAssemblies (5ms)
			RefreshPlugins (0ms)
			BeforeProcessingInitializeOnLoad (56ms)
			ProcessInitializeOnLoadAttributes (300ms)
			ProcessInitializeOnLoadMethodAttributes (39ms)
			AfterProcessingInitializeOnLoad (2ms)
			EditorAssembliesLoaded (0ms)
		ExecutionOrderSort2 (0ms)
		AwakeInstancesAfterBackupRestoration (8ms)
Refreshing native plugins compatible for Editor in 1.27 ms, found 2 plugins.
Preloading 0 native plugins for Editor in 0.00 ms.
Unloading 3153 Unused Serialized files (Serialized files now loaded: 0)
Unloading 21 unused Assets / (31.1 KB). Loaded Objects now: 3695.
Memory consumption went from 265.5 MB to 265.4 MB.
Total: 3.260458 ms (FindLiveObjects: 0.164583 ms CreateObjectMapping: 0.060959 ms MarkObjects: 2.977583 ms  DeleteObjects: 0.056041 ms)

Prepare: number of updated asset objects reloaded= 0
AssetImportParameters requested are different than current active one (requested -> active):
  custom:scripting/monoscript/fileName/GlobalTextEffectEntry.cs: c33c6024380cd43b3456fe6aea6f41ce -> 
  custom:scripting/monoscript/fileName/FoldBoxAttribute.cs: 66ff91a3485d06d36b8511fad6212f92 -> 
  custom:container-demuxer-ogg: 62fdf1f143b41e24485cea50d1cbac27 -> 
  custom:scripting/monoscript/fileName/MyDebug.cs: f3faef2d00c537158ab87ca513b25292 -> 
  custom:scripting/monoscript/fileName/MinMax.cs: 1c24b444ecff0bdeaf87d2edcb9d5029 -> 
  custom:scripting/monoscript/fileName/EditorDocumentation.cs: 934fb06e6a0b5b2798793a45828d3d5f -> 
  custom:scripting/monoscript/fileName/Effect_PerVertex.cs: 3f70f7fc3d4f9bfb1e10cd5e53684ee7 -> 
  custom:video-decoder-ogg-theora: a1e56fd34408186e4bbccfd4996cb3dc -> 
  custom:scripting/monoscript/fileName/MySerializedProperty.cs: 782cc9e912ef11023f0b93b5cae175e2 -> 
  custom:scripting/monoscript/fileName/CompositeEffectEditor.cs: 271d2f481fc4dff6734c055f2943e5d2 -> 
  custom:scripting/monoscript/fileName/TextEffect_Base.cs: 1b9a39eb3f7eb4d420cb56ed888ca97e -> 
  custom:scripting/monoscript/fileName/Effect_Scale.cs: 24350027199be1e1c520c27be9f8fbb9 -> 
  custom:scripting/monoscript/fileName/Effect_Color.cs: f5bc93c86b81ba37fa611632e3ecfb7f -> 
  custom:scripting/monoscript/fileName/Effect_Composite.cs: f3f7d32be82537fa78159e8943c1f1a7 -> 
  custom:CustomObjectIndexerAttribute: 756ad292c208cfabdd7b50bc23989ffe -> 
  custom:scripting/monoscript/fileName/TextEffectInstance.cs: 8d710191666e5c8cce9c6d33f66fafeb -> 
  custom:container-demuxer-webm: 4f35f7cbe854078d1ac9338744f61a02 -> 
  custom:scripting/monoscript/fileName/ButtonMethodAttribute.cs: cf389342635f998ab935cfcb5ae933df -> 
  custom:scripting/monoscript/fileName/ToggleDocAttribute.cs: d3c69a3f433376abbde86a297f4193a9 -> 
  custom:scripting/monoscript/fileName/MyHandles.cs: cc579ce2a9f371e54e4420275e0ac078 -> 
  custom:scripting/monoscript/fileName/ConditionalUtility.cs: 1205d2bd05e1eefe510065c234dd0f0e -> 
  custom:scripting/monoscript/fileName/MyCommonConstants.cs: afab7efaf9564dc9a7324c32dd196775 -> 
  custom:scripting/monoscript/fileName/CustomDrawerUtility.cs: 4fd84f09df56fbc0319d9bd7f922e98c -> 
  custom:container-muxer-webm: aa71ff27fc2769a1b78a27578f13a17b -> 
  custom:video-decoder-webm-vp8: 9c59270c3fd7afecdb556c50c9e8de78 -> 
  custom:SearchIndexIgnoredProperties: e643bd26f0fe6173181afceb89e7c659 -> 
  custom:AudioImporter_EditorPlatform: 3918e3fc78b5a79bad01e8451be0beb8 -> 
  custom:scripting/monoscript/fileName/ToggleDocAttributeDrawer.cs: e106f856849e4750d3809a4f241b1be2 -> 
  custom:scripting/monoscript/fileName/TextEffectEditor.cs: d3d8a1e5c2004b60d32f761eb093cf1b -> 
  custom:scripting/monoscript/fileName/MyColor.cs: 11671538b011fd3f337af43bc02e0c13 -> 
  custom:scripting/monoscript/fileName/AttributeBase.cs: d4cbb11724ea712d431b5cd07124907e -> 
  custom:scripting/monoscript/fileName/FoldBoxAttributeDrawer.cs: 7cddfc9687649703e6a68527865794bc -> 
  custom:scripting/monoscript/fileName/ConditionalFieldAttribute.cs: e6d9fd24956977713db9ec59b2642d84 -> 
  custom:scripting/monoscript/fileName/Effect_Move.cs: ef5516b861ddd6742709a32c4d74ed0d -> 
  custom:framework-osx-AVFoundation: e770b220cccbd017edd2c1fefb359320 -> 
  custom:scripting/monoscript/fileName/MyAlgorithms.cs: af94dca5879ebeadb102964fe2ba4c2c -> 
  custom:scripting/monoscript/fileName/TagEffectsPreset.cs: 7660331b4e5025a0b81c1733075d5b78 -> 
  custom:scripting/monoscript/fileName/Effect_Rotate.cs: ffdcc32648b4f2ece65aebb867cbbb0e -> 
  custom:video-encoder-webm-vp8: eb34c28f22e8b96e1ab97ce403110664 -> 
  custom:audio-decoder-ogg-vorbis: bf7c407c2cedff20999df2af8eb42d56 -> 
  custom:scripting/monoscript/fileName/WarningsPool.cs: fe4fa1866c40657be6a51b3604c9b41a -> 
  custom:scripting/monoscript/fileName/MyString.cs: 37ddb2560db549b377c16ed27598cb79 -> 
  custom:scripting/monoscript/fileName/TextEffectStatus.cs: 0d9a417212ada6670935a5511afc12b9 -> 
  custom:scripting/monoscript/fileName/TextEffect.cs: b3399054379a13f493415819f2b26d02 -> 
  custom:scripting/monoscript/fileName/MinMaxRangeAttribute.cs: 290170215b5b7bdd3fb5340a79339fb0 -> 
  custom:scripting/monoscript/fileName/AttributeBaseDrawer.cs: 26c86ce1d32ef473ff54fac3b3f34384 -> 
  custom:scripting/monoscript/fileName/ConditionalData.cs: 31d8359f80de1f6456e27c8f052f735f -> 
  custom:scripting/monoscript/fileName/CollectionWrapper.cs: 1d692121383b052bc3c42bd312cb03d9 -> 
  custom:audio-encoder-webm-vorbis: bf7c407c2cedff20999df2af8eb42d56 -> 
  custom:scripting/monoscript/fileName/TimeUtil.cs: f1db10614389fe8436f67f4138e33eab -> 
  custom:scripting/monoscript/fileName/MyCollections.cs: 1573b6e8eec6809de8e4f734cd42ac53 -> 
  custom:scripting/monoscript/fileName/PerVertexEffectEditor.cs: 0e08baf525303c472bfaf41752a7f457 -> 
  custom:scripting/monoscript/fileName/MyReflection.cs: 912dd491c7847901aa49939904b2f1dd -> 
========================================================================
Received Prepare
Begin MonoManager ReloadAssembly
Thread 0x30bd93000 may have been prematurely finalized
- Loaded All Assemblies, in  0.524 seconds
Refreshing native plugins compatible for Editor in 3.43 ms, found 2 plugins.
Native extension for WindowsStandalone target not found
Native extension for AppleTV target not found
Native extension for iOS target not found
Native extension for OSXStandalone target not found
Native extension for WebGL target not found
Mono: successfully reloaded assembly
- Finished resetting the current domain, in  0.953 seconds
Domain Reload Profiling: 1478ms
	BeginReloadAssembly (197ms)
		ExecutionOrderSort (0ms)
		DisableScriptedObjects (9ms)
		BackupInstance (0ms)
		ReleaseScriptingObjects (0ms)
		CreateAndSetChildDomain (81ms)
	RebuildCommonClasses (53ms)
	RebuildNativeTypeToScriptingClass (15ms)
	initialDomainReloadingComplete (25ms)
	LoadAllAssembliesAndSetupDomain (234ms)
		LoadAssemblies (257ms)
		RebuildTransferFunctionScriptingTraits (0ms)
		AnalyzeDomain (40ms)
			TypeCache.Refresh (17ms)
				TypeCache.ScanAssembly (1ms)
			ScanForSourceGeneratedMonoScriptInfo (12ms)
			ResolveRequiredComponents (8ms)
	FinalizeReload (953ms)
		ReleaseScriptCaches (0ms)
		RebuildScriptCaches (0ms)
		SetupLoadedEditorAssemblies (355ms)
			LogAssemblyErrors (0ms)
			InitializePlatformSupportModulesInManaged (25ms)
			SetLoadedEditorAssemblies (5ms)
			RefreshPlugins (0ms)
			BeforeProcessingInitializeOnLoad (54ms)
			ProcessInitializeOnLoadAttributes (253ms)
			ProcessInitializeOnLoadMethodAttributes (18ms)
			AfterProcessingInitializeOnLoad (1ms)
			EditorAssembliesLoaded (0ms)
		ExecutionOrderSort2 (0ms)
		AwakeInstancesAfterBackupRestoration (3ms)
Refreshing native plugins compatible for Editor in 1.06 ms, found 2 plugins.
Preloading 0 native plugins for Editor in 0.00 ms.
Unloading 3153 Unused Serialized files (Serialized files now loaded: 0)
Unloading 21 unused Assets / (31.1 KB). Loaded Objects now: 3698.
Memory consumption went from 272.4 MB to 272.4 MB.
Total: 3.048375 ms (FindLiveObjects: 0.136458 ms CreateObjectMapping: 0.057167 ms MarkObjects: 2.796000 ms  DeleteObjects: 0.057792 ms)

Prepare: number of updated asset objects reloaded= 0
AssetImportParameters requested are different than current active one (requested -> active):
  custom:scripting/monoscript/fileName/GlobalTextEffectEntry.cs: c33c6024380cd43b3456fe6aea6f41ce -> 
  custom:scripting/monoscript/fileName/FoldBoxAttribute.cs: 66ff91a3485d06d36b8511fad6212f92 -> 
  custom:container-demuxer-ogg: 62fdf1f143b41e24485cea50d1cbac27 -> 
  custom:scripting/monoscript/fileName/MyDebug.cs: f3faef2d00c537158ab87ca513b25292 -> 
  custom:scripting/monoscript/fileName/MinMax.cs: 1c24b444ecff0bdeaf87d2edcb9d5029 -> 
  custom:scripting/monoscript/fileName/EditorDocumentation.cs: 934fb06e6a0b5b2798793a45828d3d5f -> 
  custom:scripting/monoscript/fileName/Effect_PerVertex.cs: 3f70f7fc3d4f9bfb1e10cd5e53684ee7 -> 
  custom:video-decoder-ogg-theora: a1e56fd34408186e4bbccfd4996cb3dc -> 
  custom:scripting/monoscript/fileName/MySerializedProperty.cs: 782cc9e912ef11023f0b93b5cae175e2 -> 
  custom:scripting/monoscript/fileName/CompositeEffectEditor.cs: 271d2f481fc4dff6734c055f2943e5d2 -> 
  custom:scripting/monoscript/fileName/TextEffect_Base.cs: 1b9a39eb3f7eb4d420cb56ed888ca97e -> 
  custom:scripting/monoscript/fileName/Effect_Scale.cs: 24350027199be1e1c520c27be9f8fbb9 -> 
  custom:scripting/monoscript/fileName/Effect_Color.cs: f5bc93c86b81ba37fa611632e3ecfb7f -> 
  custom:scripting/monoscript/fileName/Effect_Composite.cs: f3f7d32be82537fa78159e8943c1f1a7 -> 
  custom:CustomObjectIndexerAttribute: 756ad292c208cfabdd7b50bc23989ffe -> 
  custom:scripting/monoscript/fileName/TextEffectInstance.cs: 8d710191666e5c8cce9c6d33f66fafeb -> 
  custom:container-demuxer-webm: 4f35f7cbe854078d1ac9338744f61a02 -> 
  custom:scripting/monoscript/fileName/ButtonMethodAttribute.cs: cf389342635f998ab935cfcb5ae933df -> 
  custom:scripting/monoscript/fileName/ToggleDocAttribute.cs: d3c69a3f433376abbde86a297f4193a9 -> 
  custom:scripting/monoscript/fileName/MyHandles.cs: cc579ce2a9f371e54e4420275e0ac078 -> 
  custom:scripting/monoscript/fileName/ConditionalUtility.cs: 1205d2bd05e1eefe510065c234dd0f0e -> 
  custom:scripting/monoscript/fileName/MyCommonConstants.cs: afab7efaf9564dc9a7324c32dd196775 -> 
  custom:scripting/monoscript/fileName/CustomDrawerUtility.cs: 4fd84f09df56fbc0319d9bd7f922e98c -> 
  custom:container-muxer-webm: aa71ff27fc2769a1b78a27578f13a17b -> 
  custom:video-decoder-webm-vp8: 9c59270c3fd7afecdb556c50c9e8de78 -> 
  custom:SearchIndexIgnoredProperties: e643bd26f0fe6173181afceb89e7c659 -> 
  custom:AudioImporter_EditorPlatform: 3918e3fc78b5a79bad01e8451be0beb8 -> 
  custom:scripting/monoscript/fileName/ToggleDocAttributeDrawer.cs: e106f856849e4750d3809a4f241b1be2 -> 
  custom:scripting/monoscript/fileName/TextEffectEditor.cs: d3d8a1e5c2004b60d32f761eb093cf1b -> 
  custom:scripting/monoscript/fileName/MyColor.cs: 11671538b011fd3f337af43bc02e0c13 -> 
  custom:scripting/monoscript/fileName/AttributeBase.cs: d4cbb11724ea712d431b5cd07124907e -> 
  custom:scripting/monoscript/fileName/FoldBoxAttributeDrawer.cs: 7cddfc9687649703e6a68527865794bc -> 
  custom:scripting/monoscript/fileName/ConditionalFieldAttribute.cs: e6d9fd24956977713db9ec59b2642d84 -> 
  custom:scripting/monoscript/fileName/Effect_Move.cs: ef5516b861ddd6742709a32c4d74ed0d -> 
  custom:framework-osx-AVFoundation: e770b220cccbd017edd2c1fefb359320 -> 
  custom:scripting/monoscript/fileName/MyAlgorithms.cs: af94dca5879ebeadb102964fe2ba4c2c -> 
  custom:scripting/monoscript/fileName/TagEffectsPreset.cs: 7660331b4e5025a0b81c1733075d5b78 -> 
  custom:scripting/monoscript/fileName/Effect_Rotate.cs: ffdcc32648b4f2ece65aebb867cbbb0e -> 
  custom:video-encoder-webm-vp8: eb34c28f22e8b96e1ab97ce403110664 -> 
  custom:audio-decoder-ogg-vorbis: bf7c407c2cedff20999df2af8eb42d56 -> 
  custom:scripting/monoscript/fileName/WarningsPool.cs: fe4fa1866c40657be6a51b3604c9b41a -> 
  custom:scripting/monoscript/fileName/MyString.cs: 37ddb2560db549b377c16ed27598cb79 -> 
  custom:scripting/monoscript/fileName/TextEffectStatus.cs: 0d9a417212ada6670935a5511afc12b9 -> 
  custom:scripting/monoscript/fileName/TextEffect.cs: b3399054379a13f493415819f2b26d02 -> 
  custom:scripting/monoscript/fileName/MinMaxRangeAttribute.cs: 290170215b5b7bdd3fb5340a79339fb0 -> 
  custom:scripting/monoscript/fileName/AttributeBaseDrawer.cs: 26c86ce1d32ef473ff54fac3b3f34384 -> 
  custom:scripting/monoscript/fileName/ConditionalData.cs: 31d8359f80de1f6456e27c8f052f735f -> 
  custom:scripting/monoscript/fileName/CollectionWrapper.cs: 1d692121383b052bc3c42bd312cb03d9 -> 
  custom:audio-encoder-webm-vorbis: bf7c407c2cedff20999df2af8eb42d56 -> 
  custom:scripting/monoscript/fileName/TimeUtil.cs: f1db10614389fe8436f67f4138e33eab -> 
  custom:scripting/monoscript/fileName/MyCollections.cs: 1573b6e8eec6809de8e4f734cd42ac53 -> 
  custom:scripting/monoscript/fileName/PerVertexEffectEditor.cs: 0e08baf525303c472bfaf41752a7f457 -> 
  custom:scripting/monoscript/fileName/MyReflection.cs: 912dd491c7847901aa49939904b2f1dd -> 
========================================================================
Received Prepare
Begin MonoManager ReloadAssembly
Thread 0x30bd93000 may have been prematurely finalized
- Loaded All Assemblies, in  0.382 seconds
Refreshing native plugins compatible for Editor in 1.22 ms, found 2 plugins.
Native extension for WindowsStandalone target not found
Native extension for AppleTV target not found
Native extension for iOS target not found
Native extension for OSXStandalone target not found
Native extension for WebGL target not found
Mono: successfully reloaded assembly
- Finished resetting the current domain, in  1.219 seconds
Domain Reload Profiling: 1601ms
	BeginReloadAssembly (116ms)
		ExecutionOrderSort (0ms)
		DisableScriptedObjects (4ms)
		BackupInstance (0ms)
		ReleaseScriptingObjects (0ms)
		CreateAndSetChildDomain (39ms)
	RebuildCommonClasses (47ms)
	RebuildNativeTypeToScriptingClass (15ms)
	initialDomainReloadingComplete (23ms)
	LoadAllAssembliesAndSetupDomain (180ms)
		LoadAssemblies (205ms)
		RebuildTransferFunctionScriptingTraits (0ms)
		AnalyzeDomain (19ms)
			TypeCache.Refresh (11ms)
				TypeCache.ScanAssembly (0ms)
			ScanForSourceGeneratedMonoScriptInfo (0ms)
			ResolveRequiredComponents (6ms)
	FinalizeReload (1220ms)
		ReleaseScriptCaches (0ms)
		RebuildScriptCaches (0ms)
		SetupLoadedEditorAssemblies (651ms)
			LogAssemblyErrors (0ms)
			InitializePlatformSupportModulesInManaged (35ms)
			SetLoadedEditorAssemblies (7ms)
			RefreshPlugins (0ms)
			BeforeProcessingInitializeOnLoad (102ms)
			ProcessInitializeOnLoadAttributes (470ms)
			ProcessInitializeOnLoadMethodAttributes (35ms)
			AfterProcessingInitializeOnLoad (2ms)
			EditorAssembliesLoaded (0ms)
		ExecutionOrderSort2 (0ms)
		AwakeInstancesAfterBackupRestoration (8ms)
Refreshing native plugins compatible for Editor in 1.10 ms, found 2 plugins.
Preloading 0 native plugins for Editor in 0.00 ms.
Unloading 3153 Unused Serialized files (Serialized files now loaded: 0)
Unloading 21 unused Assets / (31.1 KB). Loaded Objects now: 3701.
Memory consumption went from 279.3 MB to 279.3 MB.
Total: 3.041167 ms (FindLiveObjects: 0.131542 ms CreateObjectMapping: 0.057583 ms MarkObjects: 2.811208 ms  DeleteObjects: 0.040083 ms)

Prepare: number of updated asset objects reloaded= 0
AssetImportParameters requested are different than current active one (requested -> active):
  custom:scripting/monoscript/fileName/GlobalTextEffectEntry.cs: c33c6024380cd43b3456fe6aea6f41ce -> 
  custom:scripting/monoscript/fileName/FoldBoxAttribute.cs: 66ff91a3485d06d36b8511fad6212f92 -> 
  custom:container-demuxer-ogg: 62fdf1f143b41e24485cea50d1cbac27 -> 
  custom:scripting/monoscript/fileName/MyDebug.cs: f3faef2d00c537158ab87ca513b25292 -> 
  custom:scripting/monoscript/fileName/MinMax.cs: 1c24b444ecff0bdeaf87d2edcb9d5029 -> 
  custom:scripting/monoscript/fileName/EditorDocumentation.cs: 934fb06e6a0b5b2798793a45828d3d5f -> 
  custom:scripting/monoscript/fileName/Effect_PerVertex.cs: 3f70f7fc3d4f9bfb1e10cd5e53684ee7 -> 
  custom:video-decoder-ogg-theora: a1e56fd34408186e4bbccfd4996cb3dc -> 
  custom:scripting/monoscript/fileName/MySerializedProperty.cs: 782cc9e912ef11023f0b93b5cae175e2 -> 
  custom:scripting/monoscript/fileName/CompositeEffectEditor.cs: 271d2f481fc4dff6734c055f2943e5d2 -> 
  custom:scripting/monoscript/fileName/TextEffect_Base.cs: 1b9a39eb3f7eb4d420cb56ed888ca97e -> 
  custom:scripting/monoscript/fileName/Effect_Scale.cs: 24350027199be1e1c520c27be9f8fbb9 -> 
  custom:scripting/monoscript/fileName/Effect_Color.cs: f5bc93c86b81ba37fa611632e3ecfb7f -> 
  custom:scripting/monoscript/fileName/Effect_Composite.cs: f3f7d32be82537fa78159e8943c1f1a7 -> 
  custom:CustomObjectIndexerAttribute: 756ad292c208cfabdd7b50bc23989ffe -> 
  custom:scripting/monoscript/fileName/TextEffectInstance.cs: 8d710191666e5c8cce9c6d33f66fafeb -> 
  custom:container-demuxer-webm: 4f35f7cbe854078d1ac9338744f61a02 -> 
  custom:scripting/monoscript/fileName/ButtonMethodAttribute.cs: cf389342635f998ab935cfcb5ae933df -> 
  custom:scripting/monoscript/fileName/ToggleDocAttribute.cs: d3c69a3f433376abbde86a297f4193a9 -> 
  custom:scripting/monoscript/fileName/MyHandles.cs: cc579ce2a9f371e54e4420275e0ac078 -> 
  custom:scripting/monoscript/fileName/ConditionalUtility.cs: 1205d2bd05e1eefe510065c234dd0f0e -> 
  custom:scripting/monoscript/fileName/MyCommonConstants.cs: afab7efaf9564dc9a7324c32dd196775 -> 
  custom:scripting/monoscript/fileName/CustomDrawerUtility.cs: 4fd84f09df56fbc0319d9bd7f922e98c -> 
  custom:container-muxer-webm: aa71ff27fc2769a1b78a27578f13a17b -> 
  custom:video-decoder-webm-vp8: 9c59270c3fd7afecdb556c50c9e8de78 -> 
  custom:SearchIndexIgnoredProperties: e643bd26f0fe6173181afceb89e7c659 -> 
  custom:AudioImporter_EditorPlatform: 3918e3fc78b5a79bad01e8451be0beb8 -> 
  custom:scripting/monoscript/fileName/ToggleDocAttributeDrawer.cs: e106f856849e4750d3809a4f241b1be2 -> 
  custom:scripting/monoscript/fileName/TextEffectEditor.cs: d3d8a1e5c2004b60d32f761eb093cf1b -> 
  custom:scripting/monoscript/fileName/MyColor.cs: 11671538b011fd3f337af43bc02e0c13 -> 
  custom:scripting/monoscript/fileName/AttributeBase.cs: d4cbb11724ea712d431b5cd07124907e -> 
  custom:scripting/monoscript/fileName/FoldBoxAttributeDrawer.cs: 7cddfc9687649703e6a68527865794bc -> 
  custom:scripting/monoscript/fileName/ConditionalFieldAttribute.cs: e6d9fd24956977713db9ec59b2642d84 -> 
  custom:scripting/monoscript/fileName/Effect_Move.cs: ef5516b861ddd6742709a32c4d74ed0d -> 
  custom:framework-osx-AVFoundation: e770b220cccbd017edd2c1fefb359320 -> 
  custom:scripting/monoscript/fileName/MyAlgorithms.cs: af94dca5879ebeadb102964fe2ba4c2c -> 
  custom:scripting/monoscript/fileName/TagEffectsPreset.cs: 7660331b4e5025a0b81c1733075d5b78 -> 
  custom:scripting/monoscript/fileName/Effect_Rotate.cs: ffdcc32648b4f2ece65aebb867cbbb0e -> 
  custom:video-encoder-webm-vp8: eb34c28f22e8b96e1ab97ce403110664 -> 
  custom:audio-decoder-ogg-vorbis: bf7c407c2cedff20999df2af8eb42d56 -> 
  custom:scripting/monoscript/fileName/WarningsPool.cs: fe4fa1866c40657be6a51b3604c9b41a -> 
  custom:scripting/monoscript/fileName/MyString.cs: 37ddb2560db549b377c16ed27598cb79 -> 
  custom:scripting/monoscript/fileName/TextEffectStatus.cs: 0d9a417212ada6670935a5511afc12b9 -> 
  custom:scripting/monoscript/fileName/TextEffect.cs: b3399054379a13f493415819f2b26d02 -> 
  custom:scripting/monoscript/fileName/MinMaxRangeAttribute.cs: 290170215b5b7bdd3fb5340a79339fb0 -> 
  custom:scripting/monoscript/fileName/AttributeBaseDrawer.cs: 26c86ce1d32ef473ff54fac3b3f34384 -> 
  custom:scripting/monoscript/fileName/ConditionalData.cs: 31d8359f80de1f6456e27c8f052f735f -> 
  custom:scripting/monoscript/fileName/CollectionWrapper.cs: 1d692121383b052bc3c42bd312cb03d9 -> 
  custom:audio-encoder-webm-vorbis: bf7c407c2cedff20999df2af8eb42d56 -> 
  custom:scripting/monoscript/fileName/TimeUtil.cs: f1db10614389fe8436f67f4138e33eab -> 
  custom:scripting/monoscript/fileName/MyCollections.cs: 1573b6e8eec6809de8e4f734cd42ac53 -> 
  custom:scripting/monoscript/fileName/PerVertexEffectEditor.cs: 0e08baf525303c472bfaf41752a7f457 -> 
  custom:scripting/monoscript/fileName/MyReflection.cs: 912dd491c7847901aa49939904b2f1dd -> 
========================================================================
Received Prepare
Begin MonoManager ReloadAssembly
Thread 0x30bd93000 may have been prematurely finalized
- Loaded All Assemblies, in  0.561 seconds
Refreshing native plugins compatible for Editor in 1.16 ms, found 2 plugins.
Native extension for WindowsStandalone target not found
Native extension for AppleTV target not found
Native extension for iOS target not found
Native extension for OSXStandalone target not found
Native extension for WebGL target not found
Mono: successfully reloaded assembly
- Finished resetting the current domain, in  0.925 seconds
Domain Reload Profiling: 1486ms
	BeginReloadAssembly (193ms)
		ExecutionOrderSort (0ms)
		DisableScriptedObjects (6ms)
		BackupInstance (0ms)
		ReleaseScriptingObjects (0ms)
		CreateAndSetChildDomain (81ms)
	RebuildCommonClasses (67ms)
	RebuildNativeTypeToScriptingClass (27ms)
	initialDomainReloadingComplete (42ms)
	LoadAllAssembliesAndSetupDomain (232ms)
		LoadAssemblies (271ms)
		RebuildTransferFunctionScriptingTraits (0ms)
		AnalyzeDomain (30ms)
			TypeCache.Refresh (14ms)
				TypeCache.ScanAssembly (1ms)
			ScanForSourceGeneratedMonoScriptInfo (9ms)
			ResolveRequiredComponents (6ms)
	FinalizeReload (925ms)
		ReleaseScriptCaches (0ms)
		RebuildScriptCaches (0ms)
		SetupLoadedEditorAssemblies (390ms)
			LogAssemblyErrors (0ms)
			InitializePlatformSupportModulesInManaged (25ms)
			SetLoadedEditorAssemblies (5ms)
			RefreshPlugins (0ms)
			BeforeProcessingInitializeOnLoad (56ms)
			ProcessInitializeOnLoadAttributes (282ms)
			ProcessInitializeOnLoadMethodAttributes (22ms)
			AfterProcessingInitializeOnLoad (1ms)
			EditorAssembliesLoaded (0ms)
		ExecutionOrderSort2 (0ms)
		AwakeInstancesAfterBackupRestoration (4ms)
Refreshing native plugins compatible for Editor in 1.09 ms, found 2 plugins.
Preloading 0 native plugins for Editor in 0.00 ms.
Unloading 3153 Unused Serialized files (Serialized files now loaded: 0)
Unloading 21 unused Assets / (31.2 KB). Loaded Objects now: 3704.
Memory consumption went from 286.2 MB to 286.2 MB.
Total: 3.175375 ms (FindLiveObjects: 0.140875 ms CreateObjectMapping: 0.057542 ms MarkObjects: 2.917291 ms  DeleteObjects: 0.058500 ms)

Prepare: number of updated asset objects reloaded= 0
AssetImportParameters requested are different than current active one (requested -> active):
  custom:scripting/monoscript/fileName/GlobalTextEffectEntry.cs: c33c6024380cd43b3456fe6aea6f41ce -> 
  custom:scripting/monoscript/fileName/FoldBoxAttribute.cs: 66ff91a3485d06d36b8511fad6212f92 -> 
  custom:container-demuxer-ogg: 62fdf1f143b41e24485cea50d1cbac27 -> 
  custom:scripting/monoscript/fileName/MyDebug.cs: f3faef2d00c537158ab87ca513b25292 -> 
  custom:scripting/monoscript/fileName/MinMax.cs: 1c24b444ecff0bdeaf87d2edcb9d5029 -> 
  custom:scripting/monoscript/fileName/EditorDocumentation.cs: 934fb06e6a0b5b2798793a45828d3d5f -> 
  custom:scripting/monoscript/fileName/Effect_PerVertex.cs: 3f70f7fc3d4f9bfb1e10cd5e53684ee7 -> 
  custom:video-decoder-ogg-theora: a1e56fd34408186e4bbccfd4996cb3dc -> 
  custom:scripting/monoscript/fileName/MySerializedProperty.cs: 782cc9e912ef11023f0b93b5cae175e2 -> 
  custom:scripting/monoscript/fileName/CompositeEffectEditor.cs: 271d2f481fc4dff6734c055f2943e5d2 -> 
  custom:scripting/monoscript/fileName/TextEffect_Base.cs: 1b9a39eb3f7eb4d420cb56ed888ca97e -> 
  custom:scripting/monoscript/fileName/Effect_Scale.cs: 24350027199be1e1c520c27be9f8fbb9 -> 
  custom:scripting/monoscript/fileName/Effect_Color.cs: f5bc93c86b81ba37fa611632e3ecfb7f -> 
  custom:scripting/monoscript/fileName/Effect_Composite.cs: f3f7d32be82537fa78159e8943c1f1a7 -> 
  custom:CustomObjectIndexerAttribute: 756ad292c208cfabdd7b50bc23989ffe -> 
  custom:scripting/monoscript/fileName/TextEffectInstance.cs: 8d710191666e5c8cce9c6d33f66fafeb -> 
  custom:container-demuxer-webm: 4f35f7cbe854078d1ac9338744f61a02 -> 
  custom:scripting/monoscript/fileName/ButtonMethodAttribute.cs: cf389342635f998ab935cfcb5ae933df -> 
  custom:scripting/monoscript/fileName/ToggleDocAttribute.cs: d3c69a3f433376abbde86a297f4193a9 -> 
  custom:scripting/monoscript/fileName/MyHandles.cs: cc579ce2a9f371e54e4420275e0ac078 -> 
  custom:scripting/monoscript/fileName/ConditionalUtility.cs: 1205d2bd05e1eefe510065c234dd0f0e -> 
  custom:scripting/monoscript/fileName/MyCommonConstants.cs: afab7efaf9564dc9a7324c32dd196775 -> 
  custom:scripting/monoscript/fileName/CustomDrawerUtility.cs: 4fd84f09df56fbc0319d9bd7f922e98c -> 
  custom:container-muxer-webm: aa71ff27fc2769a1b78a27578f13a17b -> 
  custom:video-decoder-webm-vp8: 9c59270c3fd7afecdb556c50c9e8de78 -> 
  custom:SearchIndexIgnoredProperties: e643bd26f0fe6173181afceb89e7c659 -> 
  custom:AudioImporter_EditorPlatform: 3918e3fc78b5a79bad01e8451be0beb8 -> 
  custom:scripting/monoscript/fileName/ToggleDocAttributeDrawer.cs: e106f856849e4750d3809a4f241b1be2 -> 
  custom:scripting/monoscript/fileName/TextEffectEditor.cs: d3d8a1e5c2004b60d32f761eb093cf1b -> 
  custom:scripting/monoscript/fileName/MyColor.cs: 11671538b011fd3f337af43bc02e0c13 -> 
  custom:scripting/monoscript/fileName/AttributeBase.cs: d4cbb11724ea712d431b5cd07124907e -> 
  custom:scripting/monoscript/fileName/FoldBoxAttributeDrawer.cs: 7cddfc9687649703e6a68527865794bc -> 
  custom:scripting/monoscript/fileName/ConditionalFieldAttribute.cs: e6d9fd24956977713db9ec59b2642d84 -> 
  custom:scripting/monoscript/fileName/Effect_Move.cs: ef5516b861ddd6742709a32c4d74ed0d -> 
  custom:framework-osx-AVFoundation: e770b220cccbd017edd2c1fefb359320 -> 
  custom:scripting/monoscript/fileName/MyAlgorithms.cs: af94dca5879ebeadb102964fe2ba4c2c -> 
  custom:scripting/monoscript/fileName/TagEffectsPreset.cs: 7660331b4e5025a0b81c1733075d5b78 -> 
  custom:scripting/monoscript/fileName/Effect_Rotate.cs: ffdcc32648b4f2ece65aebb867cbbb0e -> 
  custom:video-encoder-webm-vp8: eb34c28f22e8b96e1ab97ce403110664 -> 
  custom:audio-decoder-ogg-vorbis: bf7c407c2cedff20999df2af8eb42d56 -> 
  custom:scripting/monoscript/fileName/WarningsPool.cs: fe4fa1866c40657be6a51b3604c9b41a -> 
  custom:scripting/monoscript/fileName/MyString.cs: 37ddb2560db549b377c16ed27598cb79 -> 
  custom:scripting/monoscript/fileName/TextEffectStatus.cs: 0d9a417212ada6670935a5511afc12b9 -> 
  custom:scripting/monoscript/fileName/TextEffect.cs: b3399054379a13f493415819f2b26d02 -> 
  custom:scripting/monoscript/fileName/MinMaxRangeAttribute.cs: 290170215b5b7bdd3fb5340a79339fb0 -> 
  custom:scripting/monoscript/fileName/AttributeBaseDrawer.cs: 26c86ce1d32ef473ff54fac3b3f34384 -> 
  custom:scripting/monoscript/fileName/ConditionalData.cs: 31d8359f80de1f6456e27c8f052f735f -> 
  custom:scripting/monoscript/fileName/CollectionWrapper.cs: 1d692121383b052bc3c42bd312cb03d9 -> 
  custom:audio-encoder-webm-vorbis: bf7c407c2cedff20999df2af8eb42d56 -> 
  custom:scripting/monoscript/fileName/TimeUtil.cs: f1db10614389fe8436f67f4138e33eab -> 
  custom:scripting/monoscript/fileName/MyCollections.cs: 1573b6e8eec6809de8e4f734cd42ac53 -> 
  custom:scripting/monoscript/fileName/PerVertexEffectEditor.cs: 0e08baf525303c472bfaf41752a7f457 -> 
  custom:scripting/monoscript/fileName/MyReflection.cs: 912dd491c7847901aa49939904b2f1dd -> 
========================================================================
Received Prepare
Begin MonoManager ReloadAssembly
Thread 0x30bd93000 may have been prematurely finalized
- Loaded All Assemblies, in  0.347 seconds
Refreshing native plugins compatible for Editor in 1.07 ms, found 2 plugins.
Native extension for WindowsStandalone target not found
Native extension for AppleTV target not found
Native extension for iOS target not found
Native extension for OSXStandalone target not found
Native extension for WebGL target not found
Mono: successfully reloaded assembly
- Finished resetting the current domain, in  0.638 seconds
Domain Reload Profiling: 986ms
	BeginReloadAssembly (112ms)
		ExecutionOrderSort (0ms)
		DisableScriptedObjects (4ms)
		BackupInstance (0ms)
		ReleaseScriptingObjects (0ms)
		CreateAndSetChildDomain (37ms)
	RebuildCommonClasses (42ms)
	RebuildNativeTypeToScriptingClass (14ms)
	initialDomainReloadingComplete (21ms)
	LoadAllAssembliesAndSetupDomain (160ms)
		LoadAssemblies (185ms)
		RebuildTransferFunctionScriptingTraits (0ms)
		AnalyzeDomain (16ms)
			TypeCache.Refresh (10ms)
				TypeCache.ScanAssembly (0ms)
			ScanForSourceGeneratedMonoScriptInfo (0ms)
			ResolveRequiredComponents (6ms)
	FinalizeReload (639ms)
		ReleaseScriptCaches (0ms)
		RebuildScriptCaches (0ms)
		SetupLoadedEditorAssemblies (373ms)
			LogAssemblyErrors (0ms)
			InitializePlatformSupportModulesInManaged (24ms)
			SetLoadedEditorAssemblies (5ms)
			RefreshPlugins (0ms)
			BeforeProcessingInitializeOnLoad (57ms)
			ProcessInitializeOnLoadAttributes (265ms)
			ProcessInitializeOnLoadMethodAttributes (21ms)
			AfterProcessingInitializeOnLoad (1ms)
			EditorAssembliesLoaded (0ms)
		ExecutionOrderSort2 (0ms)
		AwakeInstancesAfterBackupRestoration (4ms)
Refreshing native plugins compatible for Editor in 2.32 ms, found 2 plugins.
Preloading 0 native plugins for Editor in 0.00 ms.
Unloading 3153 Unused Serialized files (Serialized files now loaded: 0)
Unloading 21 unused Assets / (31.1 KB). Loaded Objects now: 3707.
Memory consumption went from 293.1 MB to 293.1 MB.
Total: 5.578458 ms (FindLiveObjects: 0.260750 ms CreateObjectMapping: 0.132250 ms MarkObjects: 5.067750 ms  DeleteObjects: 0.116041 ms)

Prepare: number of updated asset objects reloaded= 0
AssetImportParameters requested are different than current active one (requested -> active):
  custom:scripting/monoscript/fileName/GlobalTextEffectEntry.cs: c33c6024380cd43b3456fe6aea6f41ce -> 
  custom:scripting/monoscript/fileName/FoldBoxAttribute.cs: 66ff91a3485d06d36b8511fad6212f92 -> 
  custom:container-demuxer-ogg: 62fdf1f143b41e24485cea50d1cbac27 -> 
  custom:scripting/monoscript/fileName/MyDebug.cs: f3faef2d00c537158ab87ca513b25292 -> 
  custom:scripting/monoscript/fileName/MinMax.cs: 1c24b444ecff0bdeaf87d2edcb9d5029 -> 
  custom:scripting/monoscript/fileName/EditorDocumentation.cs: 934fb06e6a0b5b2798793a45828d3d5f -> 
  custom:scripting/monoscript/fileName/Effect_PerVertex.cs: 3f70f7fc3d4f9bfb1e10cd5e53684ee7 -> 
  custom:video-decoder-ogg-theora: a1e56fd34408186e4bbccfd4996cb3dc -> 
  custom:scripting/monoscript/fileName/MySerializedProperty.cs: 782cc9e912ef11023f0b93b5cae175e2 -> 
  custom:scripting/monoscript/fileName/CompositeEffectEditor.cs: 271d2f481fc4dff6734c055f2943e5d2 -> 
  custom:scripting/monoscript/fileName/TextEffect_Base.cs: 1b9a39eb3f7eb4d420cb56ed888ca97e -> 
  custom:scripting/monoscript/fileName/Effect_Scale.cs: 24350027199be1e1c520c27be9f8fbb9 -> 
  custom:scripting/monoscript/fileName/Effect_Color.cs: f5bc93c86b81ba37fa611632e3ecfb7f -> 
  custom:scripting/monoscript/fileName/Effect_Composite.cs: f3f7d32be82537fa78159e8943c1f1a7 -> 
  custom:CustomObjectIndexerAttribute: 756ad292c208cfabdd7b50bc23989ffe -> 
  custom:scripting/monoscript/fileName/TextEffectInstance.cs: 8d710191666e5c8cce9c6d33f66fafeb -> 
  custom:container-demuxer-webm: 4f35f7cbe854078d1ac9338744f61a02 -> 
  custom:scripting/monoscript/fileName/ButtonMethodAttribute.cs: cf389342635f998ab935cfcb5ae933df -> 
  custom:scripting/monoscript/fileName/ToggleDocAttribute.cs: d3c69a3f433376abbde86a297f4193a9 -> 
  custom:scripting/monoscript/fileName/MyHandles.cs: cc579ce2a9f371e54e4420275e0ac078 -> 
  custom:scripting/monoscript/fileName/ConditionalUtility.cs: 1205d2bd05e1eefe510065c234dd0f0e -> 
  custom:scripting/monoscript/fileName/MyCommonConstants.cs: afab7efaf9564dc9a7324c32dd196775 -> 
  custom:scripting/monoscript/fileName/CustomDrawerUtility.cs: 4fd84f09df56fbc0319d9bd7f922e98c -> 
  custom:container-muxer-webm: aa71ff27fc2769a1b78a27578f13a17b -> 
  custom:video-decoder-webm-vp8: 9c59270c3fd7afecdb556c50c9e8de78 -> 
  custom:SearchIndexIgnoredProperties: e643bd26f0fe6173181afceb89e7c659 -> 
  custom:AudioImporter_EditorPlatform: 3918e3fc78b5a79bad01e8451be0beb8 -> 
  custom:scripting/monoscript/fileName/ToggleDocAttributeDrawer.cs: e106f856849e4750d3809a4f241b1be2 -> 
  custom:scripting/monoscript/fileName/TextEffectEditor.cs: d3d8a1e5c2004b60d32f761eb093cf1b -> 
  custom:scripting/monoscript/fileName/MyColor.cs: 11671538b011fd3f337af43bc02e0c13 -> 
  custom:scripting/monoscript/fileName/AttributeBase.cs: d4cbb11724ea712d431b5cd07124907e -> 
  custom:scripting/monoscript/fileName/FoldBoxAttributeDrawer.cs: 7cddfc9687649703e6a68527865794bc -> 
  custom:scripting/monoscript/fileName/ConditionalFieldAttribute.cs: e6d9fd24956977713db9ec59b2642d84 -> 
  custom:scripting/monoscript/fileName/Effect_Move.cs: ef5516b861ddd6742709a32c4d74ed0d -> 
  custom:framework-osx-AVFoundation: e770b220cccbd017edd2c1fefb359320 -> 
  custom:scripting/monoscript/fileName/MyAlgorithms.cs: af94dca5879ebeadb102964fe2ba4c2c -> 
  custom:scripting/monoscript/fileName/TagEffectsPreset.cs: 7660331b4e5025a0b81c1733075d5b78 -> 
  custom:scripting/monoscript/fileName/Effect_Rotate.cs: ffdcc32648b4f2ece65aebb867cbbb0e -> 
  custom:video-encoder-webm-vp8: eb34c28f22e8b96e1ab97ce403110664 -> 
  custom:audio-decoder-ogg-vorbis: bf7c407c2cedff20999df2af8eb42d56 -> 
  custom:scripting/monoscript/fileName/WarningsPool.cs: fe4fa1866c40657be6a51b3604c9b41a -> 
  custom:scripting/monoscript/fileName/MyString.cs: 37ddb2560db549b377c16ed27598cb79 -> 
  custom:scripting/monoscript/fileName/TextEffectStatus.cs: 0d9a417212ada6670935a5511afc12b9 -> 
  custom:scripting/monoscript/fileName/TextEffect.cs: b3399054379a13f493415819f2b26d02 -> 
  custom:scripting/monoscript/fileName/MinMaxRangeAttribute.cs: 290170215b5b7bdd3fb5340a79339fb0 -> 
  custom:scripting/monoscript/fileName/AttributeBaseDrawer.cs: 26c86ce1d32ef473ff54fac3b3f34384 -> 
  custom:scripting/monoscript/fileName/ConditionalData.cs: 31d8359f80de1f6456e27c8f052f735f -> 
  custom:scripting/monoscript/fileName/CollectionWrapper.cs: 1d692121383b052bc3c42bd312cb03d9 -> 
  custom:audio-encoder-webm-vorbis: bf7c407c2cedff20999df2af8eb42d56 -> 
  custom:scripting/monoscript/fileName/TimeUtil.cs: f1db10614389fe8436f67f4138e33eab -> 
  custom:scripting/monoscript/fileName/MyCollections.cs: 1573b6e8eec6809de8e4f734cd42ac53 -> 
  custom:scripting/monoscript/fileName/PerVertexEffectEditor.cs: 0e08baf525303c472bfaf41752a7f457 -> 
  custom:scripting/monoscript/fileName/MyReflection.cs: 912dd491c7847901aa49939904b2f1dd -> 
========================================================================
Received Prepare
Begin MonoManager ReloadAssembly
Thread 0x30bd93000 may have been prematurely finalized
- Loaded All Assemblies, in  0.536 seconds
Refreshing native plugins compatible for Editor in 1.44 ms, found 2 plugins.
Native extension for WindowsStandalone target not found
Native extension for AppleTV target not found
Native extension for iOS target not found
Native extension for OSXStandalone target not found
Native extension for WebGL target not found
Mono: successfully reloaded assembly
- Finished resetting the current domain, in  1.013 seconds
Domain Reload Profiling: 1549ms
	BeginReloadAssembly (148ms)
		ExecutionOrderSort (0ms)
		DisableScriptedObjects (5ms)
		BackupInstance (0ms)
		ReleaseScriptingObjects (0ms)
		CreateAndSetChildDomain (56ms)
	RebuildCommonClasses (57ms)
	RebuildNativeTypeToScriptingClass (21ms)
	initialDomainReloadingComplete (32ms)
	LoadAllAssembliesAndSetupDomain (277ms)
		LoadAssemblies (282ms)
		RebuildTransferFunctionScriptingTraits (0ms)
		AnalyzeDomain (50ms)
			TypeCache.Refresh (14ms)
				TypeCache.ScanAssembly (1ms)
			ScanForSourceGeneratedMonoScriptInfo (15ms)
			ResolveRequiredComponents (20ms)
	FinalizeReload (1013ms)
		ReleaseScriptCaches (0ms)
		RebuildScriptCaches (0ms)
		SetupLoadedEditorAssemblies (466ms)
			LogAssemblyErrors (0ms)
			InitializePlatformSupportModulesInManaged (24ms)
			SetLoadedEditorAssemblies (5ms)
			RefreshPlugins (0ms)
			BeforeProcessingInitializeOnLoad (56ms)
			ProcessInitializeOnLoadAttributes (340ms)
			ProcessInitializeOnLoadMethodAttributes (39ms)
			AfterProcessingInitializeOnLoad (2ms)
			EditorAssembliesLoaded (1ms)
		ExecutionOrderSort2 (0ms)
		AwakeInstancesAfterBackupRestoration (7ms)
Refreshing native plugins compatible for Editor in 1.09 ms, found 2 plugins.
Preloading 0 native plugins for Editor in 0.00 ms.
Unloading 3153 Unused Serialized files (Serialized files now loaded: 0)
Unloading 21 unused Assets / (31.1 KB). Loaded Objects now: 3710.
Memory consumption went from 300.1 MB to 300.0 MB.
Total: 3.145709 ms (FindLiveObjects: 0.142125 ms CreateObjectMapping: 0.059333 ms MarkObjects: 2.884000 ms  DeleteObjects: 0.059334 ms)

Prepare: number of updated asset objects reloaded= 0
AssetImportParameters requested are different than current active one (requested -> active):
  custom:scripting/monoscript/fileName/GlobalTextEffectEntry.cs: c33c6024380cd43b3456fe6aea6f41ce -> 
  custom:scripting/monoscript/fileName/FoldBoxAttribute.cs: 66ff91a3485d06d36b8511fad6212f92 -> 
  custom:container-demuxer-ogg: 62fdf1f143b41e24485cea50d1cbac27 -> 
  custom:scripting/monoscript/fileName/MyDebug.cs: f3faef2d00c537158ab87ca513b25292 -> 
  custom:scripting/monoscript/fileName/MinMax.cs: 1c24b444ecff0bdeaf87d2edcb9d5029 -> 
  custom:scripting/monoscript/fileName/EditorDocumentation.cs: 934fb06e6a0b5b2798793a45828d3d5f -> 
  custom:scripting/monoscript/fileName/Effect_PerVertex.cs: 3f70f7fc3d4f9bfb1e10cd5e53684ee7 -> 
  custom:video-decoder-ogg-theora: a1e56fd34408186e4bbccfd4996cb3dc -> 
  custom:scripting/monoscript/fileName/MySerializedProperty.cs: 782cc9e912ef11023f0b93b5cae175e2 -> 
  custom:scripting/monoscript/fileName/CompositeEffectEditor.cs: 271d2f481fc4dff6734c055f2943e5d2 -> 
  custom:scripting/monoscript/fileName/TextEffect_Base.cs: 1b9a39eb3f7eb4d420cb56ed888ca97e -> 
  custom:scripting/monoscript/fileName/Effect_Scale.cs: 24350027199be1e1c520c27be9f8fbb9 -> 
  custom:scripting/monoscript/fileName/Effect_Color.cs: f5bc93c86b81ba37fa611632e3ecfb7f -> 
  custom:scripting/monoscript/fileName/Effect_Composite.cs: f3f7d32be82537fa78159e8943c1f1a7 -> 
  custom:CustomObjectIndexerAttribute: 756ad292c208cfabdd7b50bc23989ffe -> 
  custom:scripting/monoscript/fileName/TextEffectInstance.cs: 8d710191666e5c8cce9c6d33f66fafeb -> 
  custom:container-demuxer-webm: 4f35f7cbe854078d1ac9338744f61a02 -> 
  custom:scripting/monoscript/fileName/ButtonMethodAttribute.cs: cf389342635f998ab935cfcb5ae933df -> 
  custom:scripting/monoscript/fileName/ToggleDocAttribute.cs: d3c69a3f433376abbde86a297f4193a9 -> 
  custom:scripting/monoscript/fileName/MyHandles.cs: cc579ce2a9f371e54e4420275e0ac078 -> 
  custom:scripting/monoscript/fileName/ConditionalUtility.cs: 1205d2bd05e1eefe510065c234dd0f0e -> 
  custom:scripting/monoscript/fileName/MyCommonConstants.cs: afab7efaf9564dc9a7324c32dd196775 -> 
  custom:scripting/monoscript/fileName/CustomDrawerUtility.cs: 4fd84f09df56fbc0319d9bd7f922e98c -> 
  custom:container-muxer-webm: aa71ff27fc2769a1b78a27578f13a17b -> 
  custom:video-decoder-webm-vp8: 9c59270c3fd7afecdb556c50c9e8de78 -> 
  custom:SearchIndexIgnoredProperties: e643bd26f0fe6173181afceb89e7c659 -> 
  custom:AudioImporter_EditorPlatform: 3918e3fc78b5a79bad01e8451be0beb8 -> 
  custom:scripting/monoscript/fileName/ToggleDocAttributeDrawer.cs: e106f856849e4750d3809a4f241b1be2 -> 
  custom:scripting/monoscript/fileName/TextEffectEditor.cs: d3d8a1e5c2004b60d32f761eb093cf1b -> 
  custom:scripting/monoscript/fileName/MyColor.cs: 11671538b011fd3f337af43bc02e0c13 -> 
  custom:scripting/monoscript/fileName/AttributeBase.cs: d4cbb11724ea712d431b5cd07124907e -> 
  custom:scripting/monoscript/fileName/FoldBoxAttributeDrawer.cs: 7cddfc9687649703e6a68527865794bc -> 
  custom:scripting/monoscript/fileName/ConditionalFieldAttribute.cs: e6d9fd24956977713db9ec59b2642d84 -> 
  custom:scripting/monoscript/fileName/Effect_Move.cs: ef5516b861ddd6742709a32c4d74ed0d -> 
  custom:framework-osx-AVFoundation: e770b220cccbd017edd2c1fefb359320 -> 
  custom:scripting/monoscript/fileName/MyAlgorithms.cs: af94dca5879ebeadb102964fe2ba4c2c -> 
  custom:scripting/monoscript/fileName/TagEffectsPreset.cs: 7660331b4e5025a0b81c1733075d5b78 -> 
  custom:scripting/monoscript/fileName/Effect_Rotate.cs: ffdcc32648b4f2ece65aebb867cbbb0e -> 
  custom:video-encoder-webm-vp8: eb34c28f22e8b96e1ab97ce403110664 -> 
  custom:audio-decoder-ogg-vorbis: bf7c407c2cedff20999df2af8eb42d56 -> 
  custom:scripting/monoscript/fileName/WarningsPool.cs: fe4fa1866c40657be6a51b3604c9b41a -> 
  custom:scripting/monoscript/fileName/MyString.cs: 37ddb2560db549b377c16ed27598cb79 -> 
  custom:scripting/monoscript/fileName/TextEffectStatus.cs: 0d9a417212ada6670935a5511afc12b9 -> 
  custom:scripting/monoscript/fileName/TextEffect.cs: b3399054379a13f493415819f2b26d02 -> 
  custom:scripting/monoscript/fileName/MinMaxRangeAttribute.cs: 290170215b5b7bdd3fb5340a79339fb0 -> 
  custom:scripting/monoscript/fileName/AttributeBaseDrawer.cs: 26c86ce1d32ef473ff54fac3b3f34384 -> 
  custom:scripting/monoscript/fileName/ConditionalData.cs: 31d8359f80de1f6456e27c8f052f735f -> 
  custom:scripting/monoscript/fileName/CollectionWrapper.cs: 1d692121383b052bc3c42bd312cb03d9 -> 
  custom:audio-encoder-webm-vorbis: bf7c407c2cedff20999df2af8eb42d56 -> 
  custom:scripting/monoscript/fileName/TimeUtil.cs: f1db10614389fe8436f67f4138e33eab -> 
  custom:scripting/monoscript/fileName/MyCollections.cs: 1573b6e8eec6809de8e4f734cd42ac53 -> 
  custom:scripting/monoscript/fileName/PerVertexEffectEditor.cs: 0e08baf525303c472bfaf41752a7f457 -> 
  custom:scripting/monoscript/fileName/MyReflection.cs: 912dd491c7847901aa49939904b2f1dd -> 
========================================================================
Received Prepare
Begin MonoManager ReloadAssembly
Thread 0x30bd93000 may have been prematurely finalized
- Loaded All Assemblies, in  0.437 seconds
Refreshing native plugins compatible for Editor in 1.32 ms, found 2 plugins.
Native extension for WindowsStandalone target not found
Native extension for AppleTV target not found
Native extension for iOS target not found
Native extension for OSXStandalone target not found
Native extension for WebGL target not found
Mono: successfully reloaded assembly
- Finished resetting the current domain, in  0.866 seconds
Domain Reload Profiling: 1304ms
	BeginReloadAssembly (138ms)
		ExecutionOrderSort (0ms)
		DisableScriptedObjects (5ms)
		BackupInstance (0ms)
		ReleaseScriptingObjects (0ms)
		CreateAndSetChildDomain (51ms)
	RebuildCommonClasses (48ms)
	RebuildNativeTypeToScriptingClass (16ms)
	initialDomainReloadingComplete (32ms)
	LoadAllAssembliesAndSetupDomain (204ms)
		LoadAssemblies (218ms)
		RebuildTransferFunctionScriptingTraits (0ms)
		AnalyzeDomain (36ms)
			TypeCache.Refresh (17ms)
				TypeCache.ScanAssembly (1ms)
			ScanForSourceGeneratedMonoScriptInfo (11ms)
			ResolveRequiredComponents (7ms)
	FinalizeReload (867ms)
		ReleaseScriptCaches (0ms)
		RebuildScriptCaches (0ms)
		SetupLoadedEditorAssemblies (352ms)
			LogAssemblyErrors (0ms)
			InitializePlatformSupportModulesInManaged (23ms)
			SetLoadedEditorAssemblies (5ms)
			RefreshPlugins (0ms)
			BeforeProcessingInitializeOnLoad (53ms)
			ProcessInitializeOnLoadAttributes (253ms)
			ProcessInitializeOnLoadMethodAttributes (17ms)
			AfterProcessingInitializeOnLoad (1ms)
			EditorAssembliesLoaded (0ms)
		ExecutionOrderSort2 (0ms)
		AwakeInstancesAfterBackupRestoration (3ms)
Refreshing native plugins compatible for Editor in 1.15 ms, found 2 plugins.
Preloading 0 native plugins for Editor in 0.00 ms.
Unloading 3153 Unused Serialized files (Serialized files now loaded: 0)
Unloading 21 unused Assets / (31.1 KB). Loaded Objects now: 3713.
Memory consumption went from 307.0 MB to 306.9 MB.
Total: 3.043500 ms (FindLiveObjects: 0.141666 ms CreateObjectMapping: 0.061750 ms MarkObjects: 2.788667 ms  DeleteObjects: 0.050709 ms)

Prepare: number of updated asset objects reloaded= 0
AssetImportParameters requested are different than current active one (requested -> active):
  custom:scripting/monoscript/fileName/GlobalTextEffectEntry.cs: c33c6024380cd43b3456fe6aea6f41ce -> 
  custom:scripting/monoscript/fileName/FoldBoxAttribute.cs: 66ff91a3485d06d36b8511fad6212f92 -> 
  custom:container-demuxer-ogg: 62fdf1f143b41e24485cea50d1cbac27 -> 
  custom:scripting/monoscript/fileName/MyDebug.cs: f3faef2d00c537158ab87ca513b25292 -> 
  custom:scripting/monoscript/fileName/MinMax.cs: 1c24b444ecff0bdeaf87d2edcb9d5029 -> 
  custom:scripting/monoscript/fileName/EditorDocumentation.cs: 934fb06e6a0b5b2798793a45828d3d5f -> 
  custom:scripting/monoscript/fileName/Effect_PerVertex.cs: 3f70f7fc3d4f9bfb1e10cd5e53684ee7 -> 
  custom:video-decoder-ogg-theora: a1e56fd34408186e4bbccfd4996cb3dc -> 
  custom:scripting/monoscript/fileName/MySerializedProperty.cs: 782cc9e912ef11023f0b93b5cae175e2 -> 
  custom:scripting/monoscript/fileName/CompositeEffectEditor.cs: 271d2f481fc4dff6734c055f2943e5d2 -> 
  custom:scripting/monoscript/fileName/TextEffect_Base.cs: 1b9a39eb3f7eb4d420cb56ed888ca97e -> 
  custom:scripting/monoscript/fileName/Effect_Scale.cs: 24350027199be1e1c520c27be9f8fbb9 -> 
  custom:scripting/monoscript/fileName/Effect_Color.cs: f5bc93c86b81ba37fa611632e3ecfb7f -> 
  custom:scripting/monoscript/fileName/Effect_Composite.cs: f3f7d32be82537fa78159e8943c1f1a7 -> 
  custom:CustomObjectIndexerAttribute: 756ad292c208cfabdd7b50bc23989ffe -> 
  custom:scripting/monoscript/fileName/TextEffectInstance.cs: 8d710191666e5c8cce9c6d33f66fafeb -> 
  custom:container-demuxer-webm: 4f35f7cbe854078d1ac9338744f61a02 -> 
  custom:scripting/monoscript/fileName/ButtonMethodAttribute.cs: cf389342635f998ab935cfcb5ae933df -> 
  custom:scripting/monoscript/fileName/ToggleDocAttribute.cs: d3c69a3f433376abbde86a297f4193a9 -> 
  custom:scripting/monoscript/fileName/MyHandles.cs: cc579ce2a9f371e54e4420275e0ac078 -> 
  custom:scripting/monoscript/fileName/ConditionalUtility.cs: 1205d2bd05e1eefe510065c234dd0f0e -> 
  custom:scripting/monoscript/fileName/MyCommonConstants.cs: afab7efaf9564dc9a7324c32dd196775 -> 
  custom:scripting/monoscript/fileName/CustomDrawerUtility.cs: 4fd84f09df56fbc0319d9bd7f922e98c -> 
  custom:container-muxer-webm: aa71ff27fc2769a1b78a27578f13a17b -> 
  custom:video-decoder-webm-vp8: 9c59270c3fd7afecdb556c50c9e8de78 -> 
  custom:SearchIndexIgnoredProperties: e643bd26f0fe6173181afceb89e7c659 -> 
  custom:AudioImporter_EditorPlatform: 3918e3fc78b5a79bad01e8451be0beb8 -> 
  custom:scripting/monoscript/fileName/ToggleDocAttributeDrawer.cs: e106f856849e4750d3809a4f241b1be2 -> 
  custom:scripting/monoscript/fileName/TextEffectEditor.cs: d3d8a1e5c2004b60d32f761eb093cf1b -> 
  custom:scripting/monoscript/fileName/MyColor.cs: 11671538b011fd3f337af43bc02e0c13 -> 
  custom:scripting/monoscript/fileName/AttributeBase.cs: d4cbb11724ea712d431b5cd07124907e -> 
  custom:scripting/monoscript/fileName/FoldBoxAttributeDrawer.cs: 7cddfc9687649703e6a68527865794bc -> 
  custom:scripting/monoscript/fileName/ConditionalFieldAttribute.cs: e6d9fd24956977713db9ec59b2642d84 -> 
  custom:scripting/monoscript/fileName/Effect_Move.cs: ef5516b861ddd6742709a32c4d74ed0d -> 
  custom:framework-osx-AVFoundation: e770b220cccbd017edd2c1fefb359320 -> 
  custom:scripting/monoscript/fileName/MyAlgorithms.cs: af94dca5879ebeadb102964fe2ba4c2c -> 
  custom:scripting/monoscript/fileName/TagEffectsPreset.cs: 7660331b4e5025a0b81c1733075d5b78 -> 
  custom:scripting/monoscript/fileName/Effect_Rotate.cs: ffdcc32648b4f2ece65aebb867cbbb0e -> 
  custom:video-encoder-webm-vp8: eb34c28f22e8b96e1ab97ce403110664 -> 
  custom:audio-decoder-ogg-vorbis: bf7c407c2cedff20999df2af8eb42d56 -> 
  custom:scripting/monoscript/fileName/WarningsPool.cs: fe4fa1866c40657be6a51b3604c9b41a -> 
  custom:scripting/monoscript/fileName/MyString.cs: 37ddb2560db549b377c16ed27598cb79 -> 
  custom:scripting/monoscript/fileName/TextEffectStatus.cs: 0d9a417212ada6670935a5511afc12b9 -> 
  custom:scripting/monoscript/fileName/TextEffect.cs: b3399054379a13f493415819f2b26d02 -> 
  custom:scripting/monoscript/fileName/MinMaxRangeAttribute.cs: 290170215b5b7bdd3fb5340a79339fb0 -> 
  custom:scripting/monoscript/fileName/AttributeBaseDrawer.cs: 26c86ce1d32ef473ff54fac3b3f34384 -> 
  custom:scripting/monoscript/fileName/ConditionalData.cs: 31d8359f80de1f6456e27c8f052f735f -> 
  custom:scripting/monoscript/fileName/CollectionWrapper.cs: 1d692121383b052bc3c42bd312cb03d9 -> 
  custom:audio-encoder-webm-vorbis: bf7c407c2cedff20999df2af8eb42d56 -> 
  custom:scripting/monoscript/fileName/TimeUtil.cs: f1db10614389fe8436f67f4138e33eab -> 
  custom:scripting/monoscript/fileName/MyCollections.cs: 1573b6e8eec6809de8e4f734cd42ac53 -> 
  custom:scripting/monoscript/fileName/PerVertexEffectEditor.cs: 0e08baf525303c472bfaf41752a7f457 -> 
  custom:scripting/monoscript/fileName/MyReflection.cs: 912dd491c7847901aa49939904b2f1dd -> 
========================================================================
Received Prepare
Begin MonoManager ReloadAssembly
Thread 0x30bd93000 may have been prematurely finalized
- Loaded All Assemblies, in  0.439 seconds
Refreshing native plugins compatible for Editor in 1.23 ms, found 2 plugins.
Native extension for WindowsStandalone target not found
Native extension for AppleTV target not found
Native extension for iOS target not found
Native extension for OSXStandalone target not found
Native extension for WebGL target not found
Mono: successfully reloaded assembly
- Finished resetting the current domain, in  0.888 seconds
Domain Reload Profiling: 1330ms
	BeginReloadAssembly (141ms)
		ExecutionOrderSort (0ms)
		DisableScriptedObjects (5ms)
		BackupInstance (0ms)
		ReleaseScriptingObjects (0ms)
		CreateAndSetChildDomain (53ms)
	RebuildCommonClasses (48ms)
	RebuildNativeTypeToScriptingClass (15ms)
	initialDomainReloadingComplete (25ms)
	LoadAllAssembliesAndSetupDomain (211ms)
		LoadAssemblies (237ms)
		RebuildTransferFunctionScriptingTraits (0ms)
		AnalyzeDomain (25ms)
			TypeCache.Refresh (15ms)
				TypeCache.ScanAssembly (0ms)
			ScanForSourceGeneratedMonoScriptInfo (0ms)
			ResolveRequiredComponents (9ms)
	FinalizeReload (889ms)
		ReleaseScriptCaches (0ms)
		RebuildScriptCaches (0ms)
		SetupLoadedEditorAssemblies (371ms)
			LogAssemblyErrors (0ms)
			InitializePlatformSupportModulesInManaged (24ms)
			SetLoadedEditorAssemblies (5ms)
			RefreshPlugins (0ms)
			BeforeProcessingInitializeOnLoad (55ms)
			ProcessInitializeOnLoadAttributes (265ms)
			ProcessInitializeOnLoadMethodAttributes (21ms)
			AfterProcessingInitializeOnLoad (1ms)
			EditorAssembliesLoaded (0ms)
		ExecutionOrderSort2 (0ms)
		AwakeInstancesAfterBackupRestoration (5ms)
Refreshing native plugins compatible for Editor in 1.12 ms, found 2 plugins.
Preloading 0 native plugins for Editor in 0.00 ms.
Unloading 3153 Unused Serialized files (Serialized files now loaded: 0)
Unloading 21 unused Assets / (31.1 KB). Loaded Objects now: 3716.
Memory consumption went from 313.9 MB to 313.9 MB.
Total: 3.133917 ms (FindLiveObjects: 0.134833 ms CreateObjectMapping: 0.058125 ms MarkObjects: 2.888708 ms  DeleteObjects: 0.051542 ms)

Prepare: number of updated asset objects reloaded= 0
AssetImportParameters requested are different than current active one (requested -> active):
  custom:scripting/monoscript/fileName/GlobalTextEffectEntry.cs: c33c6024380cd43b3456fe6aea6f41ce -> 
  custom:scripting/monoscript/fileName/FoldBoxAttribute.cs: 66ff91a3485d06d36b8511fad6212f92 -> 
  custom:container-demuxer-ogg: 62fdf1f143b41e24485cea50d1cbac27 -> 
  custom:scripting/monoscript/fileName/MyDebug.cs: f3faef2d00c537158ab87ca513b25292 -> 
  custom:scripting/monoscript/fileName/MinMax.cs: 1c24b444ecff0bdeaf87d2edcb9d5029 -> 
  custom:scripting/monoscript/fileName/EditorDocumentation.cs: 934fb06e6a0b5b2798793a45828d3d5f -> 
  custom:scripting/monoscript/fileName/Effect_PerVertex.cs: 3f70f7fc3d4f9bfb1e10cd5e53684ee7 -> 
  custom:video-decoder-ogg-theora: a1e56fd34408186e4bbccfd4996cb3dc -> 
  custom:scripting/monoscript/fileName/MySerializedProperty.cs: 782cc9e912ef11023f0b93b5cae175e2 -> 
  custom:scripting/monoscript/fileName/CompositeEffectEditor.cs: 271d2f481fc4dff6734c055f2943e5d2 -> 
  custom:scripting/monoscript/fileName/TextEffect_Base.cs: 1b9a39eb3f7eb4d420cb56ed888ca97e -> 
  custom:scripting/monoscript/fileName/Effect_Scale.cs: 24350027199be1e1c520c27be9f8fbb9 -> 
  custom:scripting/monoscript/fileName/Effect_Color.cs: f5bc93c86b81ba37fa611632e3ecfb7f -> 
  custom:scripting/monoscript/fileName/Effect_Composite.cs: f3f7d32be82537fa78159e8943c1f1a7 -> 
  custom:CustomObjectIndexerAttribute: 756ad292c208cfabdd7b50bc23989ffe -> 
  custom:scripting/monoscript/fileName/TextEffectInstance.cs: 8d710191666e5c8cce9c6d33f66fafeb -> 
  custom:container-demuxer-webm: 4f35f7cbe854078d1ac9338744f61a02 -> 
  custom:scripting/monoscript/fileName/ButtonMethodAttribute.cs: cf389342635f998ab935cfcb5ae933df -> 
  custom:scripting/monoscript/fileName/ToggleDocAttribute.cs: d3c69a3f433376abbde86a297f4193a9 -> 
  custom:scripting/monoscript/fileName/MyHandles.cs: cc579ce2a9f371e54e4420275e0ac078 -> 
  custom:scripting/monoscript/fileName/ConditionalUtility.cs: 1205d2bd05e1eefe510065c234dd0f0e -> 
  custom:scripting/monoscript/fileName/MyCommonConstants.cs: afab7efaf9564dc9a7324c32dd196775 -> 
  custom:scripting/monoscript/fileName/CustomDrawerUtility.cs: 4fd84f09df56fbc0319d9bd7f922e98c -> 
  custom:container-muxer-webm: aa71ff27fc2769a1b78a27578f13a17b -> 
  custom:video-decoder-webm-vp8: 9c59270c3fd7afecdb556c50c9e8de78 -> 
  custom:SearchIndexIgnoredProperties: e643bd26f0fe6173181afceb89e7c659 -> 
  custom:AudioImporter_EditorPlatform: 3918e3fc78b5a79bad01e8451be0beb8 -> 
  custom:scripting/monoscript/fileName/ToggleDocAttributeDrawer.cs: e106f856849e4750d3809a4f241b1be2 -> 
  custom:scripting/monoscript/fileName/TextEffectEditor.cs: d3d8a1e5c2004b60d32f761eb093cf1b -> 
  custom:scripting/monoscript/fileName/MyColor.cs: 11671538b011fd3f337af43bc02e0c13 -> 
  custom:scripting/monoscript/fileName/AttributeBase.cs: d4cbb11724ea712d431b5cd07124907e -> 
  custom:scripting/monoscript/fileName/FoldBoxAttributeDrawer.cs: 7cddfc9687649703e6a68527865794bc -> 
  custom:scripting/monoscript/fileName/ConditionalFieldAttribute.cs: e6d9fd24956977713db9ec59b2642d84 -> 
  custom:scripting/monoscript/fileName/Effect_Move.cs: ef5516b861ddd6742709a32c4d74ed0d -> 
  custom:framework-osx-AVFoundation: e770b220cccbd017edd2c1fefb359320 -> 
  custom:scripting/monoscript/fileName/MyAlgorithms.cs: af94dca5879ebeadb102964fe2ba4c2c -> 
  custom:scripting/monoscript/fileName/TagEffectsPreset.cs: 7660331b4e5025a0b81c1733075d5b78 -> 
  custom:scripting/monoscript/fileName/Effect_Rotate.cs: ffdcc32648b4f2ece65aebb867cbbb0e -> 
  custom:video-encoder-webm-vp8: eb34c28f22e8b96e1ab97ce403110664 -> 
  custom:audio-decoder-ogg-vorbis: bf7c407c2cedff20999df2af8eb42d56 -> 
  custom:scripting/monoscript/fileName/WarningsPool.cs: fe4fa1866c40657be6a51b3604c9b41a -> 
  custom:scripting/monoscript/fileName/MyString.cs: 37ddb2560db549b377c16ed27598cb79 -> 
  custom:scripting/monoscript/fileName/TextEffectStatus.cs: 0d9a417212ada6670935a5511afc12b9 -> 
  custom:scripting/monoscript/fileName/TextEffect.cs: b3399054379a13f493415819f2b26d02 -> 
  custom:scripting/monoscript/fileName/MinMaxRangeAttribute.cs: 290170215b5b7bdd3fb5340a79339fb0 -> 
  custom:scripting/monoscript/fileName/AttributeBaseDrawer.cs: 26c86ce1d32ef473ff54fac3b3f34384 -> 
  custom:scripting/monoscript/fileName/ConditionalData.cs: 31d8359f80de1f6456e27c8f052f735f -> 
  custom:scripting/monoscript/fileName/CollectionWrapper.cs: 1d692121383b052bc3c42bd312cb03d9 -> 
  custom:audio-encoder-webm-vorbis: bf7c407c2cedff20999df2af8eb42d56 -> 
  custom:scripting/monoscript/fileName/TimeUtil.cs: f1db10614389fe8436f67f4138e33eab -> 
  custom:scripting/monoscript/fileName/MyCollections.cs: 1573b6e8eec6809de8e4f734cd42ac53 -> 
  custom:scripting/monoscript/fileName/PerVertexEffectEditor.cs: 0e08baf525303c472bfaf41752a7f457 -> 
  custom:scripting/monoscript/fileName/MyReflection.cs: 912dd491c7847901aa49939904b2f1dd -> 
========================================================================
Received Prepare
Begin MonoManager ReloadAssembly
Thread 0x30bd93000 may have been prematurely finalized
- Loaded All Assemblies, in  0.517 seconds
Refreshing native plugins compatible for Editor in 1.39 ms, found 2 plugins.
Native extension for WindowsStandalone target not found
Native extension for AppleTV target not found
Native extension for iOS target not found
Native extension for OSXStandalone target not found
Native extension for WebGL target not found
Mono: successfully reloaded assembly
- Finished resetting the current domain, in  0.857 seconds
Domain Reload Profiling: 1375ms
	BeginReloadAssembly (171ms)
		ExecutionOrderSort (0ms)
		DisableScriptedObjects (6ms)
		BackupInstance (0ms)
		ReleaseScriptingObjects (0ms)
		CreateAndSetChildDomain (65ms)
	RebuildCommonClasses (51ms)
	RebuildNativeTypeToScriptingClass (18ms)
	initialDomainReloadingComplete (28ms)
	LoadAllAssembliesAndSetupDomain (249ms)
		LoadAssemblies (277ms)
		RebuildTransferFunctionScriptingTraits (0ms)
		AnalyzeDomain (38ms)
			TypeCache.Refresh (16ms)
				TypeCache.ScanAssembly (1ms)
			ScanForSourceGeneratedMonoScriptInfo (10ms)
			ResolveRequiredComponents (8ms)
	FinalizeReload (858ms)
		ReleaseScriptCaches (0ms)
		RebuildScriptCaches (0ms)
		SetupLoadedEditorAssemblies (368ms)
			LogAssemblyErrors (0ms)
			InitializePlatformSupportModulesInManaged (23ms)
			SetLoadedEditorAssemblies (5ms)
			RefreshPlugins (0ms)
			BeforeProcessingInitializeOnLoad (54ms)
			ProcessInitializeOnLoadAttributes (265ms)
			ProcessInitializeOnLoadMethodAttributes (20ms)
			AfterProcessingInitializeOnLoad (1ms)
			EditorAssembliesLoaded (0ms)
		ExecutionOrderSort2 (0ms)
		AwakeInstancesAfterBackupRestoration (4ms)
Refreshing native plugins compatible for Editor in 1.63 ms, found 2 plugins.
Preloading 0 native plugins for Editor in 0.00 ms.
Unloading 3153 Unused Serialized files (Serialized files now loaded: 0)
Unloading 21 unused Assets / (31.1 KB). Loaded Objects now: 3719.
Memory consumption went from 320.8 MB to 320.8 MB.
Total: 4.840667 ms (FindLiveObjects: 0.178125 ms CreateObjectMapping: 0.076500 ms MarkObjects: 4.499542 ms  DeleteObjects: 0.085417 ms)

Prepare: number of updated asset objects reloaded= 0
AssetImportParameters requested are different than current active one (requested -> active):
  custom:scripting/monoscript/fileName/GlobalTextEffectEntry.cs: c33c6024380cd43b3456fe6aea6f41ce -> 
  custom:scripting/monoscript/fileName/FoldBoxAttribute.cs: 66ff91a3485d06d36b8511fad6212f92 -> 
  custom:container-demuxer-ogg: 62fdf1f143b41e24485cea50d1cbac27 -> 
  custom:scripting/monoscript/fileName/MyDebug.cs: f3faef2d00c537158ab87ca513b25292 -> 
  custom:scripting/monoscript/fileName/MinMax.cs: 1c24b444ecff0bdeaf87d2edcb9d5029 -> 
  custom:scripting/monoscript/fileName/EditorDocumentation.cs: 934fb06e6a0b5b2798793a45828d3d5f -> 
  custom:scripting/monoscript/fileName/Effect_PerVertex.cs: 3f70f7fc3d4f9bfb1e10cd5e53684ee7 -> 
  custom:video-decoder-ogg-theora: a1e56fd34408186e4bbccfd4996cb3dc -> 
  custom:scripting/monoscript/fileName/MySerializedProperty.cs: 782cc9e912ef11023f0b93b5cae175e2 -> 
  custom:scripting/monoscript/fileName/CompositeEffectEditor.cs: 271d2f481fc4dff6734c055f2943e5d2 -> 
  custom:scripting/monoscript/fileName/TextEffect_Base.cs: 1b9a39eb3f7eb4d420cb56ed888ca97e -> 
  custom:scripting/monoscript/fileName/Effect_Scale.cs: 24350027199be1e1c520c27be9f8fbb9 -> 
  custom:scripting/monoscript/fileName/Effect_Color.cs: f5bc93c86b81ba37fa611632e3ecfb7f -> 
  custom:scripting/monoscript/fileName/Effect_Composite.cs: f3f7d32be82537fa78159e8943c1f1a7 -> 
  custom:CustomObjectIndexerAttribute: 756ad292c208cfabdd7b50bc23989ffe -> 
  custom:scripting/monoscript/fileName/TextEffectInstance.cs: 8d710191666e5c8cce9c6d33f66fafeb -> 
  custom:container-demuxer-webm: 4f35f7cbe854078d1ac9338744f61a02 -> 
  custom:scripting/monoscript/fileName/ButtonMethodAttribute.cs: cf389342635f998ab935cfcb5ae933df -> 
  custom:scripting/monoscript/fileName/ToggleDocAttribute.cs: d3c69a3f433376abbde86a297f4193a9 -> 
  custom:scripting/monoscript/fileName/MyHandles.cs: cc579ce2a9f371e54e4420275e0ac078 -> 
  custom:scripting/monoscript/fileName/ConditionalUtility.cs: 1205d2bd05e1eefe510065c234dd0f0e -> 
  custom:scripting/monoscript/fileName/MyCommonConstants.cs: afab7efaf9564dc9a7324c32dd196775 -> 
  custom:scripting/monoscript/fileName/CustomDrawerUtility.cs: 4fd84f09df56fbc0319d9bd7f922e98c -> 
  custom:container-muxer-webm: aa71ff27fc2769a1b78a27578f13a17b -> 
  custom:video-decoder-webm-vp8: 9c59270c3fd7afecdb556c50c9e8de78 -> 
  custom:SearchIndexIgnoredProperties: e643bd26f0fe6173181afceb89e7c659 -> 
  custom:AudioImporter_EditorPlatform: 3918e3fc78b5a79bad01e8451be0beb8 -> 
  custom:scripting/monoscript/fileName/ToggleDocAttributeDrawer.cs: e106f856849e4750d3809a4f241b1be2 -> 
  custom:scripting/monoscript/fileName/TextEffectEditor.cs: d3d8a1e5c2004b60d32f761eb093cf1b -> 
  custom:scripting/monoscript/fileName/MyColor.cs: 11671538b011fd3f337af43bc02e0c13 -> 
  custom:scripting/monoscript/fileName/AttributeBase.cs: d4cbb11724ea712d431b5cd07124907e -> 
  custom:scripting/monoscript/fileName/FoldBoxAttributeDrawer.cs: 7cddfc9687649703e6a68527865794bc -> 
  custom:scripting/monoscript/fileName/ConditionalFieldAttribute.cs: e6d9fd24956977713db9ec59b2642d84 -> 
  custom:scripting/monoscript/fileName/Effect_Move.cs: ef5516b861ddd6742709a32c4d74ed0d -> 
  custom:framework-osx-AVFoundation: e770b220cccbd017edd2c1fefb359320 -> 
  custom:scripting/monoscript/fileName/MyAlgorithms.cs: af94dca5879ebeadb102964fe2ba4c2c -> 
  custom:scripting/monoscript/fileName/TagEffectsPreset.cs: 7660331b4e5025a0b81c1733075d5b78 -> 
  custom:scripting/monoscript/fileName/Effect_Rotate.cs: ffdcc32648b4f2ece65aebb867cbbb0e -> 
  custom:video-encoder-webm-vp8: eb34c28f22e8b96e1ab97ce403110664 -> 
  custom:audio-decoder-ogg-vorbis: bf7c407c2cedff20999df2af8eb42d56 -> 
  custom:scripting/monoscript/fileName/WarningsPool.cs: fe4fa1866c40657be6a51b3604c9b41a -> 
  custom:scripting/monoscript/fileName/MyString.cs: 37ddb2560db549b377c16ed27598cb79 -> 
  custom:scripting/monoscript/fileName/TextEffectStatus.cs: 0d9a417212ada6670935a5511afc12b9 -> 
  custom:scripting/monoscript/fileName/TextEffect.cs: b3399054379a13f493415819f2b26d02 -> 
  custom:scripting/monoscript/fileName/MinMaxRangeAttribute.cs: 290170215b5b7bdd3fb5340a79339fb0 -> 
  custom:scripting/monoscript/fileName/AttributeBaseDrawer.cs: 26c86ce1d32ef473ff54fac3b3f34384 -> 
  custom:scripting/monoscript/fileName/ConditionalData.cs: 31d8359f80de1f6456e27c8f052f735f -> 
  custom:scripting/monoscript/fileName/CollectionWrapper.cs: 1d692121383b052bc3c42bd312cb03d9 -> 
  custom:audio-encoder-webm-vorbis: bf7c407c2cedff20999df2af8eb42d56 -> 
  custom:scripting/monoscript/fileName/TimeUtil.cs: f1db10614389fe8436f67f4138e33eab -> 
  custom:scripting/monoscript/fileName/MyCollections.cs: 1573b6e8eec6809de8e4f734cd42ac53 -> 
  custom:scripting/monoscript/fileName/PerVertexEffectEditor.cs: 0e08baf525303c472bfaf41752a7f457 -> 
  custom:scripting/monoscript/fileName/MyReflection.cs: 912dd491c7847901aa49939904b2f1dd -> 
========================================================================
Received Prepare
Begin MonoManager ReloadAssembly
Thread 0x30bd93000 may have been prematurely finalized
- Loaded All Assemblies, in  0.382 seconds
Refreshing native plugins compatible for Editor in 1.20 ms, found 2 plugins.
Native extension for WindowsStandalone target not found
Native extension for AppleTV target not found
Native extension for iOS target not found
Native extension for OSXStandalone target not found
Native extension for WebGL target not found
Mono: successfully reloaded assembly
- Finished resetting the current domain, in  0.832 seconds
Domain Reload Profiling: 1215ms
	BeginReloadAssembly (118ms)
		ExecutionOrderSort (0ms)
		DisableScriptedObjects (4ms)
		BackupInstance (0ms)
		ReleaseScriptingObjects (0ms)
		CreateAndSetChildDomain (39ms)
	RebuildCommonClasses (47ms)
	RebuildNativeTypeToScriptingClass (15ms)
	initialDomainReloadingComplete (23ms)
	LoadAllAssembliesAndSetupDomain (179ms)
		LoadAssemblies (207ms)
		RebuildTransferFunctionScriptingTraits (0ms)
		AnalyzeDomain (17ms)
			TypeCache.Refresh (10ms)
				TypeCache.ScanAssembly (0ms)
			ScanForSourceGeneratedMonoScriptInfo (0ms)
			ResolveRequiredComponents (6ms)
	FinalizeReload (833ms)
		ReleaseScriptCaches (0ms)
		RebuildScriptCaches (0ms)
		SetupLoadedEditorAssemblies (370ms)
			LogAssemblyErrors (0ms)
			InitializePlatformSupportModulesInManaged (23ms)
			SetLoadedEditorAssemblies (5ms)
			RefreshPlugins (0ms)
			BeforeProcessingInitializeOnLoad (54ms)
			ProcessInitializeOnLoadAttributes (266ms)
			ProcessInitializeOnLoadMethodAttributes (21ms)
			AfterProcessingInitializeOnLoad (1ms)
			EditorAssembliesLoaded (0ms)
		ExecutionOrderSort2 (0ms)
		AwakeInstancesAfterBackupRestoration (5ms)
Refreshing native plugins compatible for Editor in 1.11 ms, found 2 plugins.
Preloading 0 native plugins for Editor in 0.00 ms.
Unloading 3153 Unused Serialized files (Serialized files now loaded: 0)
Unloading 21 unused Assets / (31.2 KB). Loaded Objects now: 3722.
Memory consumption went from 327.7 MB to 327.7 MB.
Total: 2.950458 ms (FindLiveObjects: 0.156917 ms CreateObjectMapping: 0.061542 ms MarkObjects: 2.693125 ms  DeleteObjects: 0.038125 ms)

Prepare: number of updated asset objects reloaded= 0
AssetImportParameters requested are different than current active one (requested -> active):
  custom:scripting/monoscript/fileName/GlobalTextEffectEntry.cs: c33c6024380cd43b3456fe6aea6f41ce -> 
  custom:scripting/monoscript/fileName/FoldBoxAttribute.cs: 66ff91a3485d06d36b8511fad6212f92 -> 
  custom:container-demuxer-ogg: 62fdf1f143b41e24485cea50d1cbac27 -> 
  custom:scripting/monoscript/fileName/MyDebug.cs: f3faef2d00c537158ab87ca513b25292 -> 
  custom:scripting/monoscript/fileName/MinMax.cs: 1c24b444ecff0bdeaf87d2edcb9d5029 -> 
  custom:scripting/monoscript/fileName/EditorDocumentation.cs: 934fb06e6a0b5b2798793a45828d3d5f -> 
  custom:scripting/monoscript/fileName/Effect_PerVertex.cs: 3f70f7fc3d4f9bfb1e10cd5e53684ee7 -> 
  custom:video-decoder-ogg-theora: a1e56fd34408186e4bbccfd4996cb3dc -> 
  custom:scripting/monoscript/fileName/MySerializedProperty.cs: 782cc9e912ef11023f0b93b5cae175e2 -> 
  custom:scripting/monoscript/fileName/CompositeEffectEditor.cs: 271d2f481fc4dff6734c055f2943e5d2 -> 
  custom:scripting/monoscript/fileName/TextEffect_Base.cs: 1b9a39eb3f7eb4d420cb56ed888ca97e -> 
  custom:scripting/monoscript/fileName/Effect_Scale.cs: 24350027199be1e1c520c27be9f8fbb9 -> 
  custom:scripting/monoscript/fileName/Effect_Color.cs: f5bc93c86b81ba37fa611632e3ecfb7f -> 
  custom:scripting/monoscript/fileName/Effect_Composite.cs: f3f7d32be82537fa78159e8943c1f1a7 -> 
  custom:CustomObjectIndexerAttribute: 756ad292c208cfabdd7b50bc23989ffe -> 
  custom:scripting/monoscript/fileName/TextEffectInstance.cs: 8d710191666e5c8cce9c6d33f66fafeb -> 
  custom:container-demuxer-webm: 4f35f7cbe854078d1ac9338744f61a02 -> 
  custom:scripting/monoscript/fileName/ButtonMethodAttribute.cs: cf389342635f998ab935cfcb5ae933df -> 
  custom:scripting/monoscript/fileName/ToggleDocAttribute.cs: d3c69a3f433376abbde86a297f4193a9 -> 
  custom:scripting/monoscript/fileName/MyHandles.cs: cc579ce2a9f371e54e4420275e0ac078 -> 
  custom:scripting/monoscript/fileName/ConditionalUtility.cs: 1205d2bd05e1eefe510065c234dd0f0e -> 
  custom:scripting/monoscript/fileName/MyCommonConstants.cs: afab7efaf9564dc9a7324c32dd196775 -> 
  custom:scripting/monoscript/fileName/CustomDrawerUtility.cs: 4fd84f09df56fbc0319d9bd7f922e98c -> 
  custom:container-muxer-webm: aa71ff27fc2769a1b78a27578f13a17b -> 
  custom:video-decoder-webm-vp8: 9c59270c3fd7afecdb556c50c9e8de78 -> 
  custom:SearchIndexIgnoredProperties: e643bd26f0fe6173181afceb89e7c659 -> 
  custom:AudioImporter_EditorPlatform: 3918e3fc78b5a79bad01e8451be0beb8 -> 
  custom:scripting/monoscript/fileName/ToggleDocAttributeDrawer.cs: e106f856849e4750d3809a4f241b1be2 -> 
  custom:scripting/monoscript/fileName/TextEffectEditor.cs: d3d8a1e5c2004b60d32f761eb093cf1b -> 
  custom:scripting/monoscript/fileName/MyColor.cs: 11671538b011fd3f337af43bc02e0c13 -> 
  custom:scripting/monoscript/fileName/AttributeBase.cs: d4cbb11724ea712d431b5cd07124907e -> 
  custom:scripting/monoscript/fileName/FoldBoxAttributeDrawer.cs: 7cddfc9687649703e6a68527865794bc -> 
  custom:scripting/monoscript/fileName/ConditionalFieldAttribute.cs: e6d9fd24956977713db9ec59b2642d84 -> 
  custom:scripting/monoscript/fileName/Effect_Move.cs: ef5516b861ddd6742709a32c4d74ed0d -> 
  custom:framework-osx-AVFoundation: e770b220cccbd017edd2c1fefb359320 -> 
  custom:scripting/monoscript/fileName/MyAlgorithms.cs: af94dca5879ebeadb102964fe2ba4c2c -> 
  custom:scripting/monoscript/fileName/TagEffectsPreset.cs: 7660331b4e5025a0b81c1733075d5b78 -> 
  custom:scripting/monoscript/fileName/Effect_Rotate.cs: ffdcc32648b4f2ece65aebb867cbbb0e -> 
  custom:video-encoder-webm-vp8: eb34c28f22e8b96e1ab97ce403110664 -> 
  custom:audio-decoder-ogg-vorbis: bf7c407c2cedff20999df2af8eb42d56 -> 
  custom:scripting/monoscript/fileName/WarningsPool.cs: fe4fa1866c40657be6a51b3604c9b41a -> 
  custom:scripting/monoscript/fileName/MyString.cs: 37ddb2560db549b377c16ed27598cb79 -> 
  custom:scripting/monoscript/fileName/TextEffectStatus.cs: 0d9a417212ada6670935a5511afc12b9 -> 
  custom:scripting/monoscript/fileName/TextEffect.cs: b3399054379a13f493415819f2b26d02 -> 
  custom:scripting/monoscript/fileName/MinMaxRangeAttribute.cs: 290170215b5b7bdd3fb5340a79339fb0 -> 
  custom:scripting/monoscript/fileName/AttributeBaseDrawer.cs: 26c86ce1d32ef473ff54fac3b3f34384 -> 
  custom:scripting/monoscript/fileName/ConditionalData.cs: 31d8359f80de1f6456e27c8f052f735f -> 
  custom:scripting/monoscript/fileName/CollectionWrapper.cs: 1d692121383b052bc3c42bd312cb03d9 -> 
  custom:audio-encoder-webm-vorbis: bf7c407c2cedff20999df2af8eb42d56 -> 
  custom:scripting/monoscript/fileName/TimeUtil.cs: f1db10614389fe8436f67f4138e33eab -> 
  custom:scripting/monoscript/fileName/MyCollections.cs: 1573b6e8eec6809de8e4f734cd42ac53 -> 
  custom:scripting/monoscript/fileName/PerVertexEffectEditor.cs: 0e08baf525303c472bfaf41752a7f457 -> 
  custom:scripting/monoscript/fileName/MyReflection.cs: 912dd491c7847901aa49939904b2f1dd -> 
========================================================================
Received Prepare
Begin MonoManager ReloadAssembly
Thread 0x30bd93000 may have been prematurely finalized
- Loaded All Assemblies, in  0.431 seconds
Refreshing native plugins compatible for Editor in 1.19 ms, found 2 plugins.
Native extension for WindowsStandalone target not found
Native extension for AppleTV target not found
Native extension for iOS target not found
Native extension for OSXStandalone target not found
Native extension for WebGL target not found
Mono: successfully reloaded assembly
- Finished resetting the current domain, in  0.840 seconds
Domain Reload Profiling: 1273ms
	BeginReloadAssembly (143ms)
		ExecutionOrderSort (0ms)
		DisableScriptedObjects (5ms)
		BackupInstance (0ms)
		ReleaseScriptingObjects (0ms)
		CreateAndSetChildDomain (57ms)
	RebuildCommonClasses (47ms)
	RebuildNativeTypeToScriptingClass (15ms)
	initialDomainReloadingComplete (25ms)
	LoadAllAssembliesAndSetupDomain (200ms)
		LoadAssemblies (233ms)
		RebuildTransferFunctionScriptingTraits (0ms)
		AnalyzeDomain (18ms)
			TypeCache.Refresh (10ms)
				TypeCache.ScanAssembly (0ms)
			ScanForSourceGeneratedMonoScriptInfo (0ms)
			ResolveRequiredComponents (7ms)
	FinalizeReload (841ms)
		ReleaseScriptCaches (0ms)
		RebuildScriptCaches (0ms)
		SetupLoadedEditorAssemblies (377ms)
			LogAssemblyErrors (0ms)
			InitializePlatformSupportModulesInManaged (24ms)
			SetLoadedEditorAssemblies (5ms)
			RefreshPlugins (0ms)
			BeforeProcessingInitializeOnLoad (53ms)
			ProcessInitializeOnLoadAttributes (272ms)
			ProcessInitializeOnLoadMethodAttributes (22ms)
			AfterProcessingInitializeOnLoad (1ms)
			EditorAssembliesLoaded (0ms)
		ExecutionOrderSort2 (0ms)
		AwakeInstancesAfterBackupRestoration (5ms)
Refreshing native plugins compatible for Editor in 1.16 ms, found 2 plugins.
Preloading 0 native plugins for Editor in 0.00 ms.
Unloading 3153 Unused Serialized files (Serialized files now loaded: 0)
Unloading 21 unused Assets / (31.2 KB). Loaded Objects now: 3725.
Memory consumption went from 334.6 MB to 334.6 MB.
Total: 3.098667 ms (FindLiveObjects: 0.139625 ms CreateObjectMapping: 0.057250 ms MarkObjects: 2.853625 ms  DeleteObjects: 0.047375 ms)

Prepare: number of updated asset objects reloaded= 0
AssetImportParameters requested are different than current active one (requested -> active):
  custom:scripting/monoscript/fileName/GlobalTextEffectEntry.cs: c33c6024380cd43b3456fe6aea6f41ce -> 
  custom:scripting/monoscript/fileName/FoldBoxAttribute.cs: 66ff91a3485d06d36b8511fad6212f92 -> 
  custom:container-demuxer-ogg: 62fdf1f143b41e24485cea50d1cbac27 -> 
  custom:scripting/monoscript/fileName/MyDebug.cs: f3faef2d00c537158ab87ca513b25292 -> 
  custom:scripting/monoscript/fileName/MinMax.cs: 1c24b444ecff0bdeaf87d2edcb9d5029 -> 
  custom:scripting/monoscript/fileName/EditorDocumentation.cs: 934fb06e6a0b5b2798793a45828d3d5f -> 
  custom:scripting/monoscript/fileName/Effect_PerVertex.cs: 3f70f7fc3d4f9bfb1e10cd5e53684ee7 -> 
  custom:video-decoder-ogg-theora: a1e56fd34408186e4bbccfd4996cb3dc -> 
  custom:scripting/monoscript/fileName/MySerializedProperty.cs: 782cc9e912ef11023f0b93b5cae175e2 -> 
  custom:scripting/monoscript/fileName/CompositeEffectEditor.cs: 271d2f481fc4dff6734c055f2943e5d2 -> 
  custom:scripting/monoscript/fileName/TextEffect_Base.cs: 1b9a39eb3f7eb4d420cb56ed888ca97e -> 
  custom:scripting/monoscript/fileName/Effect_Scale.cs: 24350027199be1e1c520c27be9f8fbb9 -> 
  custom:scripting/monoscript/fileName/Effect_Color.cs: f5bc93c86b81ba37fa611632e3ecfb7f -> 
  custom:scripting/monoscript/fileName/Effect_Composite.cs: f3f7d32be82537fa78159e8943c1f1a7 -> 
  custom:CustomObjectIndexerAttribute: 756ad292c208cfabdd7b50bc23989ffe -> 
  custom:scripting/monoscript/fileName/TextEffectInstance.cs: 8d710191666e5c8cce9c6d33f66fafeb -> 
  custom:container-demuxer-webm: 4f35f7cbe854078d1ac9338744f61a02 -> 
  custom:scripting/monoscript/fileName/ButtonMethodAttribute.cs: cf389342635f998ab935cfcb5ae933df -> 
  custom:scripting/monoscript/fileName/ToggleDocAttribute.cs: d3c69a3f433376abbde86a297f4193a9 -> 
  custom:scripting/monoscript/fileName/MyHandles.cs: cc579ce2a9f371e54e4420275e0ac078 -> 
  custom:scripting/monoscript/fileName/ConditionalUtility.cs: 1205d2bd05e1eefe510065c234dd0f0e -> 
  custom:scripting/monoscript/fileName/MyCommonConstants.cs: afab7efaf9564dc9a7324c32dd196775 -> 
  custom:scripting/monoscript/fileName/CustomDrawerUtility.cs: 4fd84f09df56fbc0319d9bd7f922e98c -> 
  custom:container-muxer-webm: aa71ff27fc2769a1b78a27578f13a17b -> 
  custom:video-decoder-webm-vp8: 9c59270c3fd7afecdb556c50c9e8de78 -> 
  custom:SearchIndexIgnoredProperties: e643bd26f0fe6173181afceb89e7c659 -> 
  custom:AudioImporter_EditorPlatform: 3918e3fc78b5a79bad01e8451be0beb8 -> 
  custom:scripting/monoscript/fileName/ToggleDocAttributeDrawer.cs: e106f856849e4750d3809a4f241b1be2 -> 
  custom:scripting/monoscript/fileName/TextEffectEditor.cs: d3d8a1e5c2004b60d32f761eb093cf1b -> 
  custom:scripting/monoscript/fileName/MyColor.cs: 11671538b011fd3f337af43bc02e0c13 -> 
  custom:scripting/monoscript/fileName/AttributeBase.cs: d4cbb11724ea712d431b5cd07124907e -> 
  custom:scripting/monoscript/fileName/FoldBoxAttributeDrawer.cs: 7cddfc9687649703e6a68527865794bc -> 
  custom:scripting/monoscript/fileName/ConditionalFieldAttribute.cs: e6d9fd24956977713db9ec59b2642d84 -> 
  custom:scripting/monoscript/fileName/Effect_Move.cs: ef5516b861ddd6742709a32c4d74ed0d -> 
  custom:framework-osx-AVFoundation: e770b220cccbd017edd2c1fefb359320 -> 
  custom:scripting/monoscript/fileName/MyAlgorithms.cs: af94dca5879ebeadb102964fe2ba4c2c -> 
  custom:scripting/monoscript/fileName/TagEffectsPreset.cs: 7660331b4e5025a0b81c1733075d5b78 -> 
  custom:scripting/monoscript/fileName/Effect_Rotate.cs: ffdcc32648b4f2ece65aebb867cbbb0e -> 
  custom:video-encoder-webm-vp8: eb34c28f22e8b96e1ab97ce403110664 -> 
  custom:audio-decoder-ogg-vorbis: bf7c407c2cedff20999df2af8eb42d56 -> 
  custom:scripting/monoscript/fileName/WarningsPool.cs: fe4fa1866c40657be6a51b3604c9b41a -> 
  custom:scripting/monoscript/fileName/MyString.cs: 37ddb2560db549b377c16ed27598cb79 -> 
  custom:scripting/monoscript/fileName/TextEffectStatus.cs: 0d9a417212ada6670935a5511afc12b9 -> 
  custom:scripting/monoscript/fileName/TextEffect.cs: b3399054379a13f493415819f2b26d02 -> 
  custom:scripting/monoscript/fileName/MinMaxRangeAttribute.cs: 290170215b5b7bdd3fb5340a79339fb0 -> 
  custom:scripting/monoscript/fileName/AttributeBaseDrawer.cs: 26c86ce1d32ef473ff54fac3b3f34384 -> 
  custom:scripting/monoscript/fileName/ConditionalData.cs: 31d8359f80de1f6456e27c8f052f735f -> 
  custom:scripting/monoscript/fileName/CollectionWrapper.cs: 1d692121383b052bc3c42bd312cb03d9 -> 
  custom:audio-encoder-webm-vorbis: bf7c407c2cedff20999df2af8eb42d56 -> 
  custom:scripting/monoscript/fileName/TimeUtil.cs: f1db10614389fe8436f67f4138e33eab -> 
  custom:scripting/monoscript/fileName/MyCollections.cs: 1573b6e8eec6809de8e4f734cd42ac53 -> 
  custom:scripting/monoscript/fileName/PerVertexEffectEditor.cs: 0e08baf525303c472bfaf41752a7f457 -> 
  custom:scripting/monoscript/fileName/MyReflection.cs: 912dd491c7847901aa49939904b2f1dd -> 
========================================================================
Received Prepare
Begin MonoManager ReloadAssembly
Thread 0x30bd93000 may have been prematurely finalized
- Loaded All Assemblies, in  0.462 seconds
Refreshing native plugins compatible for Editor in 1.32 ms, found 2 plugins.
Native extension for WindowsStandalone target not found
Native extension for AppleTV target not found
Native extension for iOS target not found
Native extension for OSXStandalone target not found
Native extension for WebGL target not found
Mono: successfully reloaded assembly
- Finished resetting the current domain, in  0.864 seconds
Domain Reload Profiling: 1327ms
	BeginReloadAssembly (149ms)
		ExecutionOrderSort (0ms)
		DisableScriptedObjects (6ms)
		BackupInstance (0ms)
		ReleaseScriptingObjects (0ms)
		CreateAndSetChildDomain (57ms)
	RebuildCommonClasses (51ms)
	RebuildNativeTypeToScriptingClass (16ms)
	initialDomainReloadingComplete (31ms)
	LoadAllAssembliesAndSetupDomain (215ms)
		LoadAssemblies (231ms)
		RebuildTransferFunctionScriptingTraits (0ms)
		AnalyzeDomain (37ms)
			TypeCache.Refresh (15ms)
				TypeCache.ScanAssembly (1ms)
			ScanForSourceGeneratedMonoScriptInfo (11ms)
			ResolveRequiredComponents (9ms)
	FinalizeReload (865ms)
		ReleaseScriptCaches (0ms)
		RebuildScriptCaches (0ms)
		SetupLoadedEditorAssemblies (352ms)
			LogAssemblyErrors (0ms)
			InitializePlatformSupportModulesInManaged (23ms)
			SetLoadedEditorAssemblies (5ms)
			RefreshPlugins (0ms)
			BeforeProcessingInitializeOnLoad (53ms)
			ProcessInitializeOnLoadAttributes (253ms)
			ProcessInitializeOnLoadMethodAttributes (17ms)
			AfterProcessingInitializeOnLoad (1ms)
			EditorAssembliesLoaded (0ms)
		ExecutionOrderSort2 (0ms)
		AwakeInstancesAfterBackupRestoration (3ms)
Refreshing native plugins compatible for Editor in 1.06 ms, found 2 plugins.
Preloading 0 native plugins for Editor in 0.00 ms.
Unloading 3153 Unused Serialized files (Serialized files now loaded: 0)
Unloading 21 unused Assets / (31.2 KB). Loaded Objects now: 3728.
Memory consumption went from 341.6 MB to 341.5 MB.
Total: 3.061125 ms (FindLiveObjects: 0.152042 ms CreateObjectMapping: 0.059875 ms MarkObjects: 2.795791 ms  DeleteObjects: 0.052667 ms)

Prepare: number of updated asset objects reloaded= 0
AssetImportParameters requested are different than current active one (requested -> active):
  custom:scripting/monoscript/fileName/GlobalTextEffectEntry.cs: c33c6024380cd43b3456fe6aea6f41ce -> 
  custom:scripting/monoscript/fileName/FoldBoxAttribute.cs: 66ff91a3485d06d36b8511fad6212f92 -> 
  custom:container-demuxer-ogg: 62fdf1f143b41e24485cea50d1cbac27 -> 
  custom:scripting/monoscript/fileName/MyDebug.cs: f3faef2d00c537158ab87ca513b25292 -> 
  custom:scripting/monoscript/fileName/MinMax.cs: 1c24b444ecff0bdeaf87d2edcb9d5029 -> 
  custom:scripting/monoscript/fileName/EditorDocumentation.cs: 934fb06e6a0b5b2798793a45828d3d5f -> 
  custom:scripting/monoscript/fileName/Effect_PerVertex.cs: 3f70f7fc3d4f9bfb1e10cd5e53684ee7 -> 
  custom:video-decoder-ogg-theora: a1e56fd34408186e4bbccfd4996cb3dc -> 
  custom:scripting/monoscript/fileName/MySerializedProperty.cs: 782cc9e912ef11023f0b93b5cae175e2 -> 
  custom:scripting/monoscript/fileName/CompositeEffectEditor.cs: 271d2f481fc4dff6734c055f2943e5d2 -> 
  custom:scripting/monoscript/fileName/TextEffect_Base.cs: 1b9a39eb3f7eb4d420cb56ed888ca97e -> 
  custom:scripting/monoscript/fileName/Effect_Scale.cs: 24350027199be1e1c520c27be9f8fbb9 -> 
  custom:scripting/monoscript/fileName/Effect_Color.cs: f5bc93c86b81ba37fa611632e3ecfb7f -> 
  custom:scripting/monoscript/fileName/Effect_Composite.cs: f3f7d32be82537fa78159e8943c1f1a7 -> 
  custom:CustomObjectIndexerAttribute: 756ad292c208cfabdd7b50bc23989ffe -> 
  custom:scripting/monoscript/fileName/TextEffectInstance.cs: 8d710191666e5c8cce9c6d33f66fafeb -> 
  custom:container-demuxer-webm: 4f35f7cbe854078d1ac9338744f61a02 -> 
  custom:scripting/monoscript/fileName/ButtonMethodAttribute.cs: cf389342635f998ab935cfcb5ae933df -> 
  custom:scripting/monoscript/fileName/ToggleDocAttribute.cs: d3c69a3f433376abbde86a297f4193a9 -> 
  custom:scripting/monoscript/fileName/MyHandles.cs: cc579ce2a9f371e54e4420275e0ac078 -> 
  custom:scripting/monoscript/fileName/ConditionalUtility.cs: 1205d2bd05e1eefe510065c234dd0f0e -> 
  custom:scripting/monoscript/fileName/MyCommonConstants.cs: afab7efaf9564dc9a7324c32dd196775 -> 
  custom:scripting/monoscript/fileName/CustomDrawerUtility.cs: 4fd84f09df56fbc0319d9bd7f922e98c -> 
  custom:container-muxer-webm: aa71ff27fc2769a1b78a27578f13a17b -> 
  custom:video-decoder-webm-vp8: 9c59270c3fd7afecdb556c50c9e8de78 -> 
  custom:SearchIndexIgnoredProperties: e643bd26f0fe6173181afceb89e7c659 -> 
  custom:AudioImporter_EditorPlatform: 3918e3fc78b5a79bad01e8451be0beb8 -> 
  custom:scripting/monoscript/fileName/ToggleDocAttributeDrawer.cs: e106f856849e4750d3809a4f241b1be2 -> 
  custom:scripting/monoscript/fileName/TextEffectEditor.cs: d3d8a1e5c2004b60d32f761eb093cf1b -> 
  custom:scripting/monoscript/fileName/MyColor.cs: 11671538b011fd3f337af43bc02e0c13 -> 
  custom:scripting/monoscript/fileName/AttributeBase.cs: d4cbb11724ea712d431b5cd07124907e -> 
  custom:scripting/monoscript/fileName/FoldBoxAttributeDrawer.cs: 7cddfc9687649703e6a68527865794bc -> 
  custom:scripting/monoscript/fileName/ConditionalFieldAttribute.cs: e6d9fd24956977713db9ec59b2642d84 -> 
  custom:scripting/monoscript/fileName/Effect_Move.cs: ef5516b861ddd6742709a32c4d74ed0d -> 
  custom:framework-osx-AVFoundation: e770b220cccbd017edd2c1fefb359320 -> 
  custom:scripting/monoscript/fileName/MyAlgorithms.cs: af94dca5879ebeadb102964fe2ba4c2c -> 
  custom:scripting/monoscript/fileName/TagEffectsPreset.cs: 7660331b4e5025a0b81c1733075d5b78 -> 
  custom:scripting/monoscript/fileName/Effect_Rotate.cs: ffdcc32648b4f2ece65aebb867cbbb0e -> 
  custom:video-encoder-webm-vp8: eb34c28f22e8b96e1ab97ce403110664 -> 
  custom:audio-decoder-ogg-vorbis: bf7c407c2cedff20999df2af8eb42d56 -> 
  custom:scripting/monoscript/fileName/WarningsPool.cs: fe4fa1866c40657be6a51b3604c9b41a -> 
  custom:scripting/monoscript/fileName/MyString.cs: 37ddb2560db549b377c16ed27598cb79 -> 
  custom:scripting/monoscript/fileName/TextEffectStatus.cs: 0d9a417212ada6670935a5511afc12b9 -> 
  custom:scripting/monoscript/fileName/TextEffect.cs: b3399054379a13f493415819f2b26d02 -> 
  custom:scripting/monoscript/fileName/MinMaxRangeAttribute.cs: 290170215b5b7bdd3fb5340a79339fb0 -> 
  custom:scripting/monoscript/fileName/AttributeBaseDrawer.cs: 26c86ce1d32ef473ff54fac3b3f34384 -> 
  custom:scripting/monoscript/fileName/ConditionalData.cs: 31d8359f80de1f6456e27c8f052f735f -> 
  custom:scripting/monoscript/fileName/CollectionWrapper.cs: 1d692121383b052bc3c42bd312cb03d9 -> 
  custom:audio-encoder-webm-vorbis: bf7c407c2cedff20999df2af8eb42d56 -> 
  custom:scripting/monoscript/fileName/TimeUtil.cs: f1db10614389fe8436f67f4138e33eab -> 
  custom:scripting/monoscript/fileName/MyCollections.cs: 1573b6e8eec6809de8e4f734cd42ac53 -> 
  custom:scripting/monoscript/fileName/PerVertexEffectEditor.cs: 0e08baf525303c472bfaf41752a7f457 -> 
  custom:scripting/monoscript/fileName/MyReflection.cs: 912dd491c7847901aa49939904b2f1dd -> 
========================================================================
Received Prepare
Begin MonoManager ReloadAssembly
Thread 0x30bd93000 may have been prematurely finalized
- Loaded All Assemblies, in  0.388 seconds
Refreshing native plugins compatible for Editor in 1.20 ms, found 2 plugins.
Native extension for WindowsStandalone target not found
Native extension for AppleTV target not found
Native extension for iOS target not found
Native extension for OSXStandalone target not found
Native extension for WebGL target not found
Mono: successfully reloaded assembly
- Finished resetting the current domain, in  0.818 seconds
Domain Reload Profiling: 1206ms
	BeginReloadAssembly (119ms)
		ExecutionOrderSort (0ms)
		DisableScriptedObjects (5ms)
		BackupInstance (0ms)
		ReleaseScriptingObjects (0ms)
		CreateAndSetChildDomain (41ms)
	RebuildCommonClasses (47ms)
	RebuildNativeTypeToScriptingClass (16ms)
	initialDomainReloadingComplete (23ms)
	LoadAllAssembliesAndSetupDomain (183ms)
		LoadAssemblies (210ms)
		RebuildTransferFunctionScriptingTraits (0ms)
		AnalyzeDomain (18ms)
			TypeCache.Refresh (10ms)
				TypeCache.ScanAssembly (0ms)
			ScanForSourceGeneratedMonoScriptInfo (0ms)
			ResolveRequiredComponents (6ms)
	FinalizeReload (819ms)
		ReleaseScriptCaches (0ms)
		RebuildScriptCaches (0ms)
		SetupLoadedEditorAssemblies (519ms)
			LogAssemblyErrors (0ms)
			InitializePlatformSupportModulesInManaged (25ms)
			SetLoadedEditorAssemblies (5ms)
			RefreshPlugins (0ms)
			BeforeProcessingInitializeOnLoad (60ms)
			ProcessInitializeOnLoadAttributes (396ms)
			ProcessInitializeOnLoadMethodAttributes (30ms)
			AfterProcessingInitializeOnLoad (1ms)
			EditorAssembliesLoaded (0ms)
		ExecutionOrderSort2 (0ms)
		AwakeInstancesAfterBackupRestoration (6ms)
Refreshing native plugins compatible for Editor in 2.46 ms, found 2 plugins.
Preloading 0 native plugins for Editor in 0.00 ms.
Unloading 3153 Unused Serialized files (Serialized files now loaded: 0)
Unloading 21 unused Assets / (31.2 KB). Loaded Objects now: 3731.
Memory consumption went from 348.5 MB to 348.4 MB.
Total: 6.544459 ms (FindLiveObjects: 0.270500 ms CreateObjectMapping: 0.133917 ms MarkObjects: 6.065542 ms  DeleteObjects: 0.073125 ms)

Prepare: number of updated asset objects reloaded= 0
AssetImportParameters requested are different than current active one (requested -> active):
  custom:scripting/monoscript/fileName/GlobalTextEffectEntry.cs: c33c6024380cd43b3456fe6aea6f41ce -> 
  custom:scripting/monoscript/fileName/FoldBoxAttribute.cs: 66ff91a3485d06d36b8511fad6212f92 -> 
  custom:container-demuxer-ogg: 62fdf1f143b41e24485cea50d1cbac27 -> 
  custom:scripting/monoscript/fileName/MyDebug.cs: f3faef2d00c537158ab87ca513b25292 -> 
  custom:scripting/monoscript/fileName/MinMax.cs: 1c24b444ecff0bdeaf87d2edcb9d5029 -> 
  custom:scripting/monoscript/fileName/EditorDocumentation.cs: 934fb06e6a0b5b2798793a45828d3d5f -> 
  custom:scripting/monoscript/fileName/Effect_PerVertex.cs: 3f70f7fc3d4f9bfb1e10cd5e53684ee7 -> 
  custom:video-decoder-ogg-theora: a1e56fd34408186e4bbccfd4996cb3dc -> 
  custom:scripting/monoscript/fileName/MySerializedProperty.cs: 782cc9e912ef11023f0b93b5cae175e2 -> 
  custom:scripting/monoscript/fileName/CompositeEffectEditor.cs: 271d2f481fc4dff6734c055f2943e5d2 -> 
  custom:scripting/monoscript/fileName/TextEffect_Base.cs: 1b9a39eb3f7eb4d420cb56ed888ca97e -> 
  custom:scripting/monoscript/fileName/Effect_Scale.cs: 24350027199be1e1c520c27be9f8fbb9 -> 
  custom:scripting/monoscript/fileName/Effect_Color.cs: f5bc93c86b81ba37fa611632e3ecfb7f -> 
  custom:scripting/monoscript/fileName/Effect_Composite.cs: f3f7d32be82537fa78159e8943c1f1a7 -> 
  custom:CustomObjectIndexerAttribute: 756ad292c208cfabdd7b50bc23989ffe -> 
  custom:scripting/monoscript/fileName/TextEffectInstance.cs: 8d710191666e5c8cce9c6d33f66fafeb -> 
  custom:container-demuxer-webm: 4f35f7cbe854078d1ac9338744f61a02 -> 
  custom:scripting/monoscript/fileName/ButtonMethodAttribute.cs: cf389342635f998ab935cfcb5ae933df -> 
  custom:scripting/monoscript/fileName/ToggleDocAttribute.cs: d3c69a3f433376abbde86a297f4193a9 -> 
  custom:scripting/monoscript/fileName/MyHandles.cs: cc579ce2a9f371e54e4420275e0ac078 -> 
  custom:scripting/monoscript/fileName/ConditionalUtility.cs: 1205d2bd05e1eefe510065c234dd0f0e -> 
  custom:scripting/monoscript/fileName/MyCommonConstants.cs: afab7efaf9564dc9a7324c32dd196775 -> 
  custom:scripting/monoscript/fileName/CustomDrawerUtility.cs: 4fd84f09df56fbc0319d9bd7f922e98c -> 
  custom:container-muxer-webm: aa71ff27fc2769a1b78a27578f13a17b -> 
  custom:video-decoder-webm-vp8: 9c59270c3fd7afecdb556c50c9e8de78 -> 
  custom:SearchIndexIgnoredProperties: e643bd26f0fe6173181afceb89e7c659 -> 
  custom:AudioImporter_EditorPlatform: 3918e3fc78b5a79bad01e8451be0beb8 -> 
  custom:scripting/monoscript/fileName/ToggleDocAttributeDrawer.cs: e106f856849e4750d3809a4f241b1be2 -> 
  custom:scripting/monoscript/fileName/TextEffectEditor.cs: d3d8a1e5c2004b60d32f761eb093cf1b -> 
  custom:scripting/monoscript/fileName/MyColor.cs: 11671538b011fd3f337af43bc02e0c13 -> 
  custom:scripting/monoscript/fileName/AttributeBase.cs: d4cbb11724ea712d431b5cd07124907e -> 
  custom:scripting/monoscript/fileName/FoldBoxAttributeDrawer.cs: 7cddfc9687649703e6a68527865794bc -> 
  custom:scripting/monoscript/fileName/ConditionalFieldAttribute.cs: e6d9fd24956977713db9ec59b2642d84 -> 
  custom:scripting/monoscript/fileName/Effect_Move.cs: ef5516b861ddd6742709a32c4d74ed0d -> 
  custom:framework-osx-AVFoundation: e770b220cccbd017edd2c1fefb359320 -> 
  custom:scripting/monoscript/fileName/MyAlgorithms.cs: af94dca5879ebeadb102964fe2ba4c2c -> 
  custom:scripting/monoscript/fileName/TagEffectsPreset.cs: 7660331b4e5025a0b81c1733075d5b78 -> 
  custom:scripting/monoscript/fileName/Effect_Rotate.cs: ffdcc32648b4f2ece65aebb867cbbb0e -> 
  custom:video-encoder-webm-vp8: eb34c28f22e8b96e1ab97ce403110664 -> 
  custom:audio-decoder-ogg-vorbis: bf7c407c2cedff20999df2af8eb42d56 -> 
  custom:scripting/monoscript/fileName/WarningsPool.cs: fe4fa1866c40657be6a51b3604c9b41a -> 
  custom:scripting/monoscript/fileName/MyString.cs: 37ddb2560db549b377c16ed27598cb79 -> 
  custom:scripting/monoscript/fileName/TextEffectStatus.cs: 0d9a417212ada6670935a5511afc12b9 -> 
  custom:scripting/monoscript/fileName/TextEffect.cs: b3399054379a13f493415819f2b26d02 -> 
  custom:scripting/monoscript/fileName/MinMaxRangeAttribute.cs: 290170215b5b7bdd3fb5340a79339fb0 -> 
  custom:scripting/monoscript/fileName/AttributeBaseDrawer.cs: 26c86ce1d32ef473ff54fac3b3f34384 -> 
  custom:scripting/monoscript/fileName/ConditionalData.cs: 31d8359f80de1f6456e27c8f052f735f -> 
  custom:scripting/monoscript/fileName/CollectionWrapper.cs: 1d692121383b052bc3c42bd312cb03d9 -> 
  custom:audio-encoder-webm-vorbis: bf7c407c2cedff20999df2af8eb42d56 -> 
  custom:scripting/monoscript/fileName/TimeUtil.cs: f1db10614389fe8436f67f4138e33eab -> 
  custom:scripting/monoscript/fileName/MyCollections.cs: 1573b6e8eec6809de8e4f734cd42ac53 -> 
  custom:scripting/monoscript/fileName/PerVertexEffectEditor.cs: 0e08baf525303c472bfaf41752a7f457 -> 
  custom:scripting/monoscript/fileName/MyReflection.cs: 912dd491c7847901aa49939904b2f1dd -> 
========================================================================
Received Prepare
Begin MonoManager ReloadAssembly
Thread 0x30bd93000 may have been prematurely finalized
- Loaded All Assemblies, in  0.440 seconds
Refreshing native plugins compatible for Editor in 1.66 ms, found 2 plugins.
Native extension for WindowsStandalone target not found
Native extension for AppleTV target not found
Native extension for iOS target not found
Native extension for OSXStandalone target not found
Native extension for WebGL target not found
Mono: successfully reloaded assembly
- Finished resetting the current domain, in  1.182 seconds
Domain Reload Profiling: 1623ms
	BeginReloadAssembly (151ms)
		ExecutionOrderSort (0ms)
		DisableScriptedObjects (6ms)
		BackupInstance (0ms)
		ReleaseScriptingObjects (0ms)
		CreateAndSetChildDomain (61ms)
	RebuildCommonClasses (48ms)
	RebuildNativeTypeToScriptingClass (16ms)
	initialDomainReloadingComplete (26ms)
	LoadAllAssembliesAndSetupDomain (200ms)
		LoadAssemblies (228ms)
		RebuildTransferFunctionScriptingTraits (0ms)
		AnalyzeDomain (23ms)
			TypeCache.Refresh (12ms)
				TypeCache.ScanAssembly (0ms)
			ScanForSourceGeneratedMonoScriptInfo (0ms)
			ResolveRequiredComponents (10ms)
	FinalizeReload (1183ms)
		ReleaseScriptCaches (0ms)
		RebuildScriptCaches (0ms)
		SetupLoadedEditorAssemblies (525ms)
			LogAssemblyErrors (0ms)
			InitializePlatformSupportModulesInManaged (36ms)
			SetLoadedEditorAssemblies (7ms)
			RefreshPlugins (0ms)
			BeforeProcessingInitializeOnLoad (79ms)
			ProcessInitializeOnLoadAttributes (374ms)
			ProcessInitializeOnLoadMethodAttributes (27ms)
			AfterProcessingInitializeOnLoad (2ms)
			EditorAssembliesLoaded (0ms)
		ExecutionOrderSort2 (0ms)
		AwakeInstancesAfterBackupRestoration (6ms)
Refreshing native plugins compatible for Editor in 1.31 ms, found 2 plugins.
Preloading 0 native plugins for Editor in 0.00 ms.
Unloading 3153 Unused Serialized files (Serialized files now loaded: 0)
Unloading 21 unused Assets / (31.3 KB). Loaded Objects now: 3734.
Memory consumption went from 355.4 MB to 355.4 MB.
Total: 3.820375 ms (FindLiveObjects: 0.161166 ms CreateObjectMapping: 0.066000 ms MarkObjects: 3.516667 ms  DeleteObjects: 0.074917 ms)

Prepare: number of updated asset objects reloaded= 0
AssetImportParameters requested are different than current active one (requested -> active):
  custom:scripting/monoscript/fileName/GlobalTextEffectEntry.cs: c33c6024380cd43b3456fe6aea6f41ce -> 
  custom:scripting/monoscript/fileName/FoldBoxAttribute.cs: 66ff91a3485d06d36b8511fad6212f92 -> 
  custom:container-demuxer-ogg: 62fdf1f143b41e24485cea50d1cbac27 -> 
  custom:scripting/monoscript/fileName/MyDebug.cs: f3faef2d00c537158ab87ca513b25292 -> 
  custom:scripting/monoscript/fileName/MinMax.cs: 1c24b444ecff0bdeaf87d2edcb9d5029 -> 
  custom:scripting/monoscript/fileName/EditorDocumentation.cs: 934fb06e6a0b5b2798793a45828d3d5f -> 
  custom:scripting/monoscript/fileName/Effect_PerVertex.cs: 3f70f7fc3d4f9bfb1e10cd5e53684ee7 -> 
  custom:video-decoder-ogg-theora: a1e56fd34408186e4bbccfd4996cb3dc -> 
  custom:scripting/monoscript/fileName/MySerializedProperty.cs: 782cc9e912ef11023f0b93b5cae175e2 -> 
  custom:scripting/monoscript/fileName/CompositeEffectEditor.cs: 271d2f481fc4dff6734c055f2943e5d2 -> 
  custom:scripting/monoscript/fileName/TextEffect_Base.cs: 1b9a39eb3f7eb4d420cb56ed888ca97e -> 
  custom:scripting/monoscript/fileName/Effect_Scale.cs: 24350027199be1e1c520c27be9f8fbb9 -> 
  custom:scripting/monoscript/fileName/Effect_Color.cs: f5bc93c86b81ba37fa611632e3ecfb7f -> 
  custom:scripting/monoscript/fileName/Effect_Composite.cs: f3f7d32be82537fa78159e8943c1f1a7 -> 
  custom:CustomObjectIndexerAttribute: 756ad292c208cfabdd7b50bc23989ffe -> 
  custom:scripting/monoscript/fileName/TextEffectInstance.cs: 8d710191666e5c8cce9c6d33f66fafeb -> 
  custom:container-demuxer-webm: 4f35f7cbe854078d1ac9338744f61a02 -> 
  custom:scripting/monoscript/fileName/ButtonMethodAttribute.cs: cf389342635f998ab935cfcb5ae933df -> 
  custom:scripting/monoscript/fileName/ToggleDocAttribute.cs: d3c69a3f433376abbde86a297f4193a9 -> 
  custom:scripting/monoscript/fileName/MyHandles.cs: cc579ce2a9f371e54e4420275e0ac078 -> 
  custom:scripting/monoscript/fileName/ConditionalUtility.cs: 1205d2bd05e1eefe510065c234dd0f0e -> 
  custom:scripting/monoscript/fileName/MyCommonConstants.cs: afab7efaf9564dc9a7324c32dd196775 -> 
  custom:scripting/monoscript/fileName/CustomDrawerUtility.cs: 4fd84f09df56fbc0319d9bd7f922e98c -> 
  custom:container-muxer-webm: aa71ff27fc2769a1b78a27578f13a17b -> 
  custom:video-decoder-webm-vp8: 9c59270c3fd7afecdb556c50c9e8de78 -> 
  custom:SearchIndexIgnoredProperties: e643bd26f0fe6173181afceb89e7c659 -> 
  custom:AudioImporter_EditorPlatform: 3918e3fc78b5a79bad01e8451be0beb8 -> 
  custom:scripting/monoscript/fileName/ToggleDocAttributeDrawer.cs: e106f856849e4750d3809a4f241b1be2 -> 
  custom:scripting/monoscript/fileName/TextEffectEditor.cs: d3d8a1e5c2004b60d32f761eb093cf1b -> 
  custom:scripting/monoscript/fileName/MyColor.cs: 11671538b011fd3f337af43bc02e0c13 -> 
  custom:scripting/monoscript/fileName/AttributeBase.cs: d4cbb11724ea712d431b5cd07124907e -> 
  custom:scripting/monoscript/fileName/FoldBoxAttributeDrawer.cs: 7cddfc9687649703e6a68527865794bc -> 
  custom:scripting/monoscript/fileName/ConditionalFieldAttribute.cs: e6d9fd24956977713db9ec59b2642d84 -> 
  custom:scripting/monoscript/fileName/Effect_Move.cs: ef5516b861ddd6742709a32c4d74ed0d -> 
  custom:framework-osx-AVFoundation: e770b220cccbd017edd2c1fefb359320 -> 
  custom:scripting/monoscript/fileName/MyAlgorithms.cs: af94dca5879ebeadb102964fe2ba4c2c -> 
  custom:scripting/monoscript/fileName/TagEffectsPreset.cs: 7660331b4e5025a0b81c1733075d5b78 -> 
  custom:scripting/monoscript/fileName/Effect_Rotate.cs: ffdcc32648b4f2ece65aebb867cbbb0e -> 
  custom:video-encoder-webm-vp8: eb34c28f22e8b96e1ab97ce403110664 -> 
  custom:audio-decoder-ogg-vorbis: bf7c407c2cedff20999df2af8eb42d56 -> 
  custom:scripting/monoscript/fileName/WarningsPool.cs: fe4fa1866c40657be6a51b3604c9b41a -> 
  custom:scripting/monoscript/fileName/MyString.cs: 37ddb2560db549b377c16ed27598cb79 -> 
  custom:scripting/monoscript/fileName/TextEffectStatus.cs: 0d9a417212ada6670935a5511afc12b9 -> 
  custom:scripting/monoscript/fileName/TextEffect.cs: b3399054379a13f493415819f2b26d02 -> 
  custom:scripting/monoscript/fileName/MinMaxRangeAttribute.cs: 290170215b5b7bdd3fb5340a79339fb0 -> 
  custom:scripting/monoscript/fileName/AttributeBaseDrawer.cs: 26c86ce1d32ef473ff54fac3b3f34384 -> 
  custom:scripting/monoscript/fileName/ConditionalData.cs: 31d8359f80de1f6456e27c8f052f735f -> 
  custom:scripting/monoscript/fileName/CollectionWrapper.cs: 1d692121383b052bc3c42bd312cb03d9 -> 
  custom:audio-encoder-webm-vorbis: bf7c407c2cedff20999df2af8eb42d56 -> 
  custom:scripting/monoscript/fileName/TimeUtil.cs: f1db10614389fe8436f67f4138e33eab -> 
  custom:scripting/monoscript/fileName/MyCollections.cs: 1573b6e8eec6809de8e4f734cd42ac53 -> 
  custom:scripting/monoscript/fileName/PerVertexEffectEditor.cs: 0e08baf525303c472bfaf41752a7f457 -> 
  custom:scripting/monoscript/fileName/MyReflection.cs: 912dd491c7847901aa49939904b2f1dd -> 
========================================================================
Received Prepare
Begin MonoManager ReloadAssembly
Thread 0x30bd93000 may have been prematurely finalized
- Loaded All Assemblies, in  0.440 seconds
Refreshing native plugins compatible for Editor in 1.05 ms, found 2 plugins.
Native extension for WindowsStandalone target not found
Native extension for AppleTV target not found
Native extension for iOS target not found
Native extension for OSXStandalone target not found
Native extension for WebGL target not found
Mono: successfully reloaded assembly
- Finished resetting the current domain, in  0.824 seconds
Domain Reload Profiling: 1265ms
	BeginReloadAssembly (150ms)
		ExecutionOrderSort (0ms)
		DisableScriptedObjects (8ms)
		BackupInstance (0ms)
		ReleaseScriptingObjects (0ms)
		CreateAndSetChildDomain (63ms)
	RebuildCommonClasses (46ms)
	RebuildNativeTypeToScriptingClass (14ms)
	initialDomainReloadingComplete (22ms)
	LoadAllAssembliesAndSetupDomain (208ms)
		LoadAssemblies (226ms)
		RebuildTransferFunctionScriptingTraits (0ms)
		AnalyzeDomain (29ms)
			TypeCache.Refresh (15ms)
				TypeCache.ScanAssembly (1ms)
			ScanForSourceGeneratedMonoScriptInfo (8ms)
			ResolveRequiredComponents (6ms)
	FinalizeReload (825ms)
		ReleaseScriptCaches (0ms)
		RebuildScriptCaches (0ms)
		SetupLoadedEditorAssemblies (356ms)
			LogAssemblyErrors (0ms)
			InitializePlatformSupportModulesInManaged (24ms)
			SetLoadedEditorAssemblies (5ms)
			RefreshPlugins (0ms)
			BeforeProcessingInitializeOnLoad (54ms)
			ProcessInitializeOnLoadAttributes (254ms)
			ProcessInitializeOnLoadMethodAttributes (17ms)
			AfterProcessingInitializeOnLoad (1ms)
			EditorAssembliesLoaded (0ms)
		ExecutionOrderSort2 (0ms)
		AwakeInstancesAfterBackupRestoration (3ms)
Refreshing native plugins compatible for Editor in 1.21 ms, found 2 plugins.
Preloading 0 native plugins for Editor in 0.00 ms.
Unloading 3153 Unused Serialized files (Serialized files now loaded: 0)
Unloading 21 unused Assets / (31.3 KB). Loaded Objects now: 3737.
Memory consumption went from 362.3 MB to 362.3 MB.
Total: 3.223083 ms (FindLiveObjects: 0.142667 ms CreateObjectMapping: 0.057416 ms MarkObjects: 2.962542 ms  DeleteObjects: 0.059917 ms)

Prepare: number of updated asset objects reloaded= 0
AssetImportParameters requested are different than current active one (requested -> active):
  custom:scripting/monoscript/fileName/GlobalTextEffectEntry.cs: c33c6024380cd43b3456fe6aea6f41ce -> 
  custom:scripting/monoscript/fileName/FoldBoxAttribute.cs: 66ff91a3485d06d36b8511fad6212f92 -> 
  custom:container-demuxer-ogg: 62fdf1f143b41e24485cea50d1cbac27 -> 
  custom:scripting/monoscript/fileName/MyDebug.cs: f3faef2d00c537158ab87ca513b25292 -> 
  custom:scripting/monoscript/fileName/MinMax.cs: 1c24b444ecff0bdeaf87d2edcb9d5029 -> 
  custom:scripting/monoscript/fileName/EditorDocumentation.cs: 934fb06e6a0b5b2798793a45828d3d5f -> 
  custom:scripting/monoscript/fileName/Effect_PerVertex.cs: 3f70f7fc3d4f9bfb1e10cd5e53684ee7 -> 
  custom:video-decoder-ogg-theora: a1e56fd34408186e4bbccfd4996cb3dc -> 
  custom:scripting/monoscript/fileName/MySerializedProperty.cs: 782cc9e912ef11023f0b93b5cae175e2 -> 
  custom:scripting/monoscript/fileName/CompositeEffectEditor.cs: 271d2f481fc4dff6734c055f2943e5d2 -> 
  custom:scripting/monoscript/fileName/TextEffect_Base.cs: 1b9a39eb3f7eb4d420cb56ed888ca97e -> 
  custom:scripting/monoscript/fileName/Effect_Scale.cs: 24350027199be1e1c520c27be9f8fbb9 -> 
  custom:scripting/monoscript/fileName/Effect_Color.cs: f5bc93c86b81ba37fa611632e3ecfb7f -> 
  custom:scripting/monoscript/fileName/Effect_Composite.cs: f3f7d32be82537fa78159e8943c1f1a7 -> 
  custom:CustomObjectIndexerAttribute: 756ad292c208cfabdd7b50bc23989ffe -> 
  custom:scripting/monoscript/fileName/TextEffectInstance.cs: 8d710191666e5c8cce9c6d33f66fafeb -> 
  custom:container-demuxer-webm: 4f35f7cbe854078d1ac9338744f61a02 -> 
  custom:scripting/monoscript/fileName/ButtonMethodAttribute.cs: cf389342635f998ab935cfcb5ae933df -> 
  custom:scripting/monoscript/fileName/ToggleDocAttribute.cs: d3c69a3f433376abbde86a297f4193a9 -> 
  custom:scripting/monoscript/fileName/MyHandles.cs: cc579ce2a9f371e54e4420275e0ac078 -> 
  custom:scripting/monoscript/fileName/ConditionalUtility.cs: 1205d2bd05e1eefe510065c234dd0f0e -> 
  custom:scripting/monoscript/fileName/MyCommonConstants.cs: afab7efaf9564dc9a7324c32dd196775 -> 
  custom:scripting/monoscript/fileName/CustomDrawerUtility.cs: 4fd84f09df56fbc0319d9bd7f922e98c -> 
  custom:container-muxer-webm: aa71ff27fc2769a1b78a27578f13a17b -> 
  custom:video-decoder-webm-vp8: 9c59270c3fd7afecdb556c50c9e8de78 -> 
  custom:SearchIndexIgnoredProperties: e643bd26f0fe6173181afceb89e7c659 -> 
  custom:AudioImporter_EditorPlatform: 3918e3fc78b5a79bad01e8451be0beb8 -> 
  custom:scripting/monoscript/fileName/ToggleDocAttributeDrawer.cs: e106f856849e4750d3809a4f241b1be2 -> 
  custom:scripting/monoscript/fileName/TextEffectEditor.cs: d3d8a1e5c2004b60d32f761eb093cf1b -> 
  custom:scripting/monoscript/fileName/MyColor.cs: 11671538b011fd3f337af43bc02e0c13 -> 
  custom:scripting/monoscript/fileName/AttributeBase.cs: d4cbb11724ea712d431b5cd07124907e -> 
  custom:scripting/monoscript/fileName/FoldBoxAttributeDrawer.cs: 7cddfc9687649703e6a68527865794bc -> 
  custom:scripting/monoscript/fileName/ConditionalFieldAttribute.cs: e6d9fd24956977713db9ec59b2642d84 -> 
  custom:scripting/monoscript/fileName/Effect_Move.cs: ef5516b861ddd6742709a32c4d74ed0d -> 
  custom:framework-osx-AVFoundation: e770b220cccbd017edd2c1fefb359320 -> 
  custom:scripting/monoscript/fileName/MyAlgorithms.cs: af94dca5879ebeadb102964fe2ba4c2c -> 
  custom:scripting/monoscript/fileName/TagEffectsPreset.cs: 7660331b4e5025a0b81c1733075d5b78 -> 
  custom:scripting/monoscript/fileName/Effect_Rotate.cs: ffdcc32648b4f2ece65aebb867cbbb0e -> 
  custom:video-encoder-webm-vp8: eb34c28f22e8b96e1ab97ce403110664 -> 
  custom:audio-decoder-ogg-vorbis: bf7c407c2cedff20999df2af8eb42d56 -> 
  custom:scripting/monoscript/fileName/WarningsPool.cs: fe4fa1866c40657be6a51b3604c9b41a -> 
  custom:scripting/monoscript/fileName/MyString.cs: 37ddb2560db549b377c16ed27598cb79 -> 
  custom:scripting/monoscript/fileName/TextEffectStatus.cs: 0d9a417212ada6670935a5511afc12b9 -> 
  custom:scripting/monoscript/fileName/TextEffect.cs: b3399054379a13f493415819f2b26d02 -> 
  custom:scripting/monoscript/fileName/MinMaxRangeAttribute.cs: 290170215b5b7bdd3fb5340a79339fb0 -> 
  custom:scripting/monoscript/fileName/AttributeBaseDrawer.cs: 26c86ce1d32ef473ff54fac3b3f34384 -> 
  custom:scripting/monoscript/fileName/ConditionalData.cs: 31d8359f80de1f6456e27c8f052f735f -> 
  custom:scripting/monoscript/fileName/CollectionWrapper.cs: 1d692121383b052bc3c42bd312cb03d9 -> 
  custom:audio-encoder-webm-vorbis: bf7c407c2cedff20999df2af8eb42d56 -> 
  custom:scripting/monoscript/fileName/TimeUtil.cs: f1db10614389fe8436f67f4138e33eab -> 
  custom:scripting/monoscript/fileName/MyCollections.cs: 1573b6e8eec6809de8e4f734cd42ac53 -> 
  custom:scripting/monoscript/fileName/PerVertexEffectEditor.cs: 0e08baf525303c472bfaf41752a7f457 -> 
  custom:scripting/monoscript/fileName/MyReflection.cs: 912dd491c7847901aa49939904b2f1dd -> 
========================================================================
Received Prepare
Begin MonoManager ReloadAssembly
Thread 0x30bd93000 may have been prematurely finalized
- Loaded All Assemblies, in  0.915 seconds
Refreshing native plugins compatible for Editor in 2.19 ms, found 2 plugins.
Native extension for WindowsStandalone target not found
Native extension for AppleTV target not found
Native extension for iOS target not found
Native extension for OSXStandalone target not found
Native extension for WebGL target not found
Mono: successfully reloaded assembly
- Finished resetting the current domain, in  1.398 seconds
Domain Reload Profiling: 2316ms
	BeginReloadAssembly (128ms)
		ExecutionOrderSort (0ms)
		DisableScriptedObjects (5ms)
		BackupInstance (0ms)
		ReleaseScriptingObjects (0ms)
		CreateAndSetChildDomain (47ms)
	RebuildCommonClasses (47ms)
	RebuildNativeTypeToScriptingClass (15ms)
	initialDomainReloadingComplete (23ms)
	LoadAllAssembliesAndSetupDomain (704ms)
		LoadAssemblies (584ms)
		RebuildTransferFunctionScriptingTraits (0ms)
		AnalyzeDomain (144ms)
			TypeCache.Refresh (70ms)
				TypeCache.ScanAssembly (4ms)
			ScanForSourceGeneratedMonoScriptInfo (30ms)
			ResolveRequiredComponents (42ms)
	FinalizeReload (1398ms)
		ReleaseScriptCaches (0ms)
		RebuildScriptCaches (0ms)
		SetupLoadedEditorAssemblies (493ms)
			LogAssemblyErrors (0ms)
			InitializePlatformSupportModulesInManaged (36ms)
			SetLoadedEditorAssemblies (8ms)
			RefreshPlugins (0ms)
			BeforeProcessingInitializeOnLoad (79ms)
			ProcessInitializeOnLoadAttributes (349ms)
			ProcessInitializeOnLoadMethodAttributes (20ms)
			AfterProcessingInitializeOnLoad (1ms)
			EditorAssembliesLoaded (0ms)
		ExecutionOrderSort2 (0ms)
		AwakeInstancesAfterBackupRestoration (4ms)
Refreshing native plugins compatible for Editor in 1.10 ms, found 2 plugins.
Preloading 0 native plugins for Editor in 0.00 ms.
Unloading 3153 Unused Serialized files (Serialized files now loaded: 0)
Unloading 21 unused Assets / (31.2 KB). Loaded Objects now: 3740.
Memory consumption went from 369.2 MB to 369.2 MB.
Total: 3.420667 ms (FindLiveObjects: 0.220500 ms CreateObjectMapping: 0.062583 ms MarkObjects: 3.045792 ms  DeleteObjects: 0.090583 ms)

Prepare: number of updated asset objects reloaded= 0
AssetImportParameters requested are different than current active one (requested -> active):
  custom:scripting/monoscript/fileName/GlobalTextEffectEntry.cs: c33c6024380cd43b3456fe6aea6f41ce -> 
  custom:scripting/monoscript/fileName/FoldBoxAttribute.cs: 66ff91a3485d06d36b8511fad6212f92 -> 
  custom:container-demuxer-ogg: 62fdf1f143b41e24485cea50d1cbac27 -> 
  custom:scripting/monoscript/fileName/MyDebug.cs: f3faef2d00c537158ab87ca513b25292 -> 
  custom:scripting/monoscript/fileName/MinMax.cs: 1c24b444ecff0bdeaf87d2edcb9d5029 -> 
  custom:scripting/monoscript/fileName/EditorDocumentation.cs: 934fb06e6a0b5b2798793a45828d3d5f -> 
  custom:scripting/monoscript/fileName/Effect_PerVertex.cs: 3f70f7fc3d4f9bfb1e10cd5e53684ee7 -> 
  custom:video-decoder-ogg-theora: a1e56fd34408186e4bbccfd4996cb3dc -> 
  custom:scripting/monoscript/fileName/MySerializedProperty.cs: 782cc9e912ef11023f0b93b5cae175e2 -> 
  custom:scripting/monoscript/fileName/CompositeEffectEditor.cs: 271d2f481fc4dff6734c055f2943e5d2 -> 
  custom:scripting/monoscript/fileName/TextEffect_Base.cs: 1b9a39eb3f7eb4d420cb56ed888ca97e -> 
  custom:scripting/monoscript/fileName/Effect_Scale.cs: 24350027199be1e1c520c27be9f8fbb9 -> 
  custom:scripting/monoscript/fileName/Effect_Color.cs: f5bc93c86b81ba37fa611632e3ecfb7f -> 
  custom:scripting/monoscript/fileName/Effect_Composite.cs: f3f7d32be82537fa78159e8943c1f1a7 -> 
  custom:CustomObjectIndexerAttribute: 756ad292c208cfabdd7b50bc23989ffe -> 
  custom:scripting/monoscript/fileName/TextEffectInstance.cs: 8d710191666e5c8cce9c6d33f66fafeb -> 
  custom:container-demuxer-webm: 4f35f7cbe854078d1ac9338744f61a02 -> 
  custom:scripting/monoscript/fileName/ButtonMethodAttribute.cs: cf389342635f998ab935cfcb5ae933df -> 
  custom:scripting/monoscript/fileName/ToggleDocAttribute.cs: d3c69a3f433376abbde86a297f4193a9 -> 
  custom:scripting/monoscript/fileName/MyHandles.cs: cc579ce2a9f371e54e4420275e0ac078 -> 
  custom:scripting/monoscript/fileName/ConditionalUtility.cs: 1205d2bd05e1eefe510065c234dd0f0e -> 
  custom:scripting/monoscript/fileName/MyCommonConstants.cs: afab7efaf9564dc9a7324c32dd196775 -> 
  custom:scripting/monoscript/fileName/CustomDrawerUtility.cs: 4fd84f09df56fbc0319d9bd7f922e98c -> 
  custom:container-muxer-webm: aa71ff27fc2769a1b78a27578f13a17b -> 
  custom:video-decoder-webm-vp8: 9c59270c3fd7afecdb556c50c9e8de78 -> 
  custom:SearchIndexIgnoredProperties: e643bd26f0fe6173181afceb89e7c659 -> 
  custom:AudioImporter_EditorPlatform: 3918e3fc78b5a79bad01e8451be0beb8 -> 
  custom:scripting/monoscript/fileName/ToggleDocAttributeDrawer.cs: e106f856849e4750d3809a4f241b1be2 -> 
  custom:scripting/monoscript/fileName/TextEffectEditor.cs: d3d8a1e5c2004b60d32f761eb093cf1b -> 
  custom:scripting/monoscript/fileName/MyColor.cs: 11671538b011fd3f337af43bc02e0c13 -> 
  custom:scripting/monoscript/fileName/AttributeBase.cs: d4cbb11724ea712d431b5cd07124907e -> 
  custom:scripting/monoscript/fileName/FoldBoxAttributeDrawer.cs: 7cddfc9687649703e6a68527865794bc -> 
  custom:scripting/monoscript/fileName/ConditionalFieldAttribute.cs: e6d9fd24956977713db9ec59b2642d84 -> 
  custom:scripting/monoscript/fileName/Effect_Move.cs: ef5516b861ddd6742709a32c4d74ed0d -> 
  custom:framework-osx-AVFoundation: e770b220cccbd017edd2c1fefb359320 -> 
  custom:scripting/monoscript/fileName/MyAlgorithms.cs: af94dca5879ebeadb102964fe2ba4c2c -> 
  custom:scripting/monoscript/fileName/TagEffectsPreset.cs: 7660331b4e5025a0b81c1733075d5b78 -> 
  custom:scripting/monoscript/fileName/Effect_Rotate.cs: ffdcc32648b4f2ece65aebb867cbbb0e -> 
  custom:video-encoder-webm-vp8: eb34c28f22e8b96e1ab97ce403110664 -> 
  custom:audio-decoder-ogg-vorbis: bf7c407c2cedff20999df2af8eb42d56 -> 
  custom:scripting/monoscript/fileName/WarningsPool.cs: fe4fa1866c40657be6a51b3604c9b41a -> 
  custom:scripting/monoscript/fileName/MyString.cs: 37ddb2560db549b377c16ed27598cb79 -> 
  custom:scripting/monoscript/fileName/TextEffectStatus.cs: 0d9a417212ada6670935a5511afc12b9 -> 
  custom:scripting/monoscript/fileName/TextEffect.cs: b3399054379a13f493415819f2b26d02 -> 
  custom:scripting/monoscript/fileName/MinMaxRangeAttribute.cs: 290170215b5b7bdd3fb5340a79339fb0 -> 
  custom:scripting/monoscript/fileName/AttributeBaseDrawer.cs: 26c86ce1d32ef473ff54fac3b3f34384 -> 
  custom:scripting/monoscript/fileName/ConditionalData.cs: 31d8359f80de1f6456e27c8f052f735f -> 
  custom:scripting/monoscript/fileName/CollectionWrapper.cs: 1d692121383b052bc3c42bd312cb03d9 -> 
  custom:audio-encoder-webm-vorbis: bf7c407c2cedff20999df2af8eb42d56 -> 
  custom:scripting/monoscript/fileName/TimeUtil.cs: f1db10614389fe8436f67f4138e33eab -> 
  custom:scripting/monoscript/fileName/MyCollections.cs: 1573b6e8eec6809de8e4f734cd42ac53 -> 
  custom:scripting/monoscript/fileName/PerVertexEffectEditor.cs: 0e08baf525303c472bfaf41752a7f457 -> 
  custom:scripting/monoscript/fileName/MyReflection.cs: 912dd491c7847901aa49939904b2f1dd -> 
========================================================================
Received Prepare
Begin MonoManager ReloadAssembly
Thread 0x30bd93000 may have been prematurely finalized
- Loaded All Assemblies, in  0.364 seconds
Refreshing native plugins compatible for Editor in 1.08 ms, found 2 plugins.
Native extension for WindowsStandalone target not found
Native extension for AppleTV target not found
Native extension for iOS target not found
Native extension for OSXStandalone target not found
Native extension for WebGL target not found
Mono: successfully reloaded assembly
- Finished resetting the current domain, in  0.646 seconds
Domain Reload Profiling: 1011ms
	BeginReloadAssembly (123ms)
		ExecutionOrderSort (0ms)
		DisableScriptedObjects (4ms)
		BackupInstance (0ms)
		ReleaseScriptingObjects (0ms)
		CreateAndSetChildDomain (45ms)
	RebuildCommonClasses (42ms)
	RebuildNativeTypeToScriptingClass (14ms)
	initialDomainReloadingComplete (22ms)
	LoadAllAssembliesAndSetupDomain (164ms)
		LoadAssemblies (195ms)
		RebuildTransferFunctionScriptingTraits (0ms)
		AnalyzeDomain (14ms)
			TypeCache.Refresh (8ms)
				TypeCache.ScanAssembly (0ms)
			ScanForSourceGeneratedMonoScriptInfo (0ms)
			ResolveRequiredComponents (5ms)
	FinalizeReload (647ms)
		ReleaseScriptCaches (0ms)
		RebuildScriptCaches (0ms)
		SetupLoadedEditorAssemblies (386ms)
			LogAssemblyErrors (0ms)
			InitializePlatformSupportModulesInManaged (23ms)
			SetLoadedEditorAssemblies (5ms)
			RefreshPlugins (0ms)
			BeforeProcessingInitializeOnLoad (54ms)
			ProcessInitializeOnLoadAttributes (270ms)
			ProcessInitializeOnLoadMethodAttributes (33ms)
			AfterProcessingInitializeOnLoad (1ms)
			EditorAssembliesLoaded (0ms)
		ExecutionOrderSort2 (0ms)
		AwakeInstancesAfterBackupRestoration (4ms)
Refreshing native plugins compatible for Editor in 1.03 ms, found 2 plugins.
Preloading 0 native plugins for Editor in 0.00 ms.
Unloading 3153 Unused Serialized files (Serialized files now loaded: 0)
Unloading 21 unused Assets / (31.1 KB). Loaded Objects now: 3743.
Memory consumption went from 376.1 MB to 376.1 MB.
Total: 3.002083 ms (FindLiveObjects: 0.144000 ms CreateObjectMapping: 0.057458 ms MarkObjects: 2.725125 ms  DeleteObjects: 0.074209 ms)

Prepare: number of updated asset objects reloaded= 0
AssetImportParameters requested are different than current active one (requested -> active):
  custom:scripting/monoscript/fileName/GlobalTextEffectEntry.cs: c33c6024380cd43b3456fe6aea6f41ce -> 
  custom:scripting/monoscript/fileName/FoldBoxAttribute.cs: 66ff91a3485d06d36b8511fad6212f92 -> 
  custom:container-demuxer-ogg: 62fdf1f143b41e24485cea50d1cbac27 -> 
  custom:scripting/monoscript/fileName/MyDebug.cs: f3faef2d00c537158ab87ca513b25292 -> 
  custom:scripting/monoscript/fileName/MinMax.cs: 1c24b444ecff0bdeaf87d2edcb9d5029 -> 
  custom:scripting/monoscript/fileName/EditorDocumentation.cs: 934fb06e6a0b5b2798793a45828d3d5f -> 
  custom:scripting/monoscript/fileName/Effect_PerVertex.cs: 3f70f7fc3d4f9bfb1e10cd5e53684ee7 -> 
  custom:video-decoder-ogg-theora: a1e56fd34408186e4bbccfd4996cb3dc -> 
  custom:scripting/monoscript/fileName/MySerializedProperty.cs: 782cc9e912ef11023f0b93b5cae175e2 -> 
  custom:scripting/monoscript/fileName/CompositeEffectEditor.cs: 271d2f481fc4dff6734c055f2943e5d2 -> 
  custom:scripting/monoscript/fileName/TextEffect_Base.cs: 1b9a39eb3f7eb4d420cb56ed888ca97e -> 
  custom:scripting/monoscript/fileName/Effect_Scale.cs: 24350027199be1e1c520c27be9f8fbb9 -> 
  custom:scripting/monoscript/fileName/Effect_Color.cs: f5bc93c86b81ba37fa611632e3ecfb7f -> 
  custom:scripting/monoscript/fileName/Effect_Composite.cs: f3f7d32be82537fa78159e8943c1f1a7 -> 
  custom:CustomObjectIndexerAttribute: 756ad292c208cfabdd7b50bc23989ffe -> 
  custom:scripting/monoscript/fileName/TextEffectInstance.cs: 8d710191666e5c8cce9c6d33f66fafeb -> 
  custom:container-demuxer-webm: 4f35f7cbe854078d1ac9338744f61a02 -> 
  custom:scripting/monoscript/fileName/ButtonMethodAttribute.cs: cf389342635f998ab935cfcb5ae933df -> 
  custom:scripting/monoscript/fileName/ToggleDocAttribute.cs: d3c69a3f433376abbde86a297f4193a9 -> 
  custom:scripting/monoscript/fileName/MyHandles.cs: cc579ce2a9f371e54e4420275e0ac078 -> 
  custom:scripting/monoscript/fileName/ConditionalUtility.cs: 1205d2bd05e1eefe510065c234dd0f0e -> 
  custom:scripting/monoscript/fileName/MyCommonConstants.cs: afab7efaf9564dc9a7324c32dd196775 -> 
  custom:scripting/monoscript/fileName/CustomDrawerUtility.cs: 4fd84f09df56fbc0319d9bd7f922e98c -> 
  custom:container-muxer-webm: aa71ff27fc2769a1b78a27578f13a17b -> 
  custom:video-decoder-webm-vp8: 9c59270c3fd7afecdb556c50c9e8de78 -> 
  custom:SearchIndexIgnoredProperties: e643bd26f0fe6173181afceb89e7c659 -> 
  custom:AudioImporter_EditorPlatform: 3918e3fc78b5a79bad01e8451be0beb8 -> 
  custom:scripting/monoscript/fileName/ToggleDocAttributeDrawer.cs: e106f856849e4750d3809a4f241b1be2 -> 
  custom:scripting/monoscript/fileName/TextEffectEditor.cs: d3d8a1e5c2004b60d32f761eb093cf1b -> 
  custom:scripting/monoscript/fileName/MyColor.cs: 11671538b011fd3f337af43bc02e0c13 -> 
  custom:scripting/monoscript/fileName/AttributeBase.cs: d4cbb11724ea712d431b5cd07124907e -> 
  custom:scripting/monoscript/fileName/FoldBoxAttributeDrawer.cs: 7cddfc9687649703e6a68527865794bc -> 
  custom:scripting/monoscript/fileName/ConditionalFieldAttribute.cs: e6d9fd24956977713db9ec59b2642d84 -> 
  custom:scripting/monoscript/fileName/Effect_Move.cs: ef5516b861ddd6742709a32c4d74ed0d -> 
  custom:framework-osx-AVFoundation: e770b220cccbd017edd2c1fefb359320 -> 
  custom:scripting/monoscript/fileName/MyAlgorithms.cs: af94dca5879ebeadb102964fe2ba4c2c -> 
  custom:scripting/monoscript/fileName/TagEffectsPreset.cs: 7660331b4e5025a0b81c1733075d5b78 -> 
  custom:scripting/monoscript/fileName/Effect_Rotate.cs: ffdcc32648b4f2ece65aebb867cbbb0e -> 
  custom:video-encoder-webm-vp8: eb34c28f22e8b96e1ab97ce403110664 -> 
  custom:audio-decoder-ogg-vorbis: bf7c407c2cedff20999df2af8eb42d56 -> 
  custom:scripting/monoscript/fileName/WarningsPool.cs: fe4fa1866c40657be6a51b3604c9b41a -> 
  custom:scripting/monoscript/fileName/MyString.cs: 37ddb2560db549b377c16ed27598cb79 -> 
  custom:scripting/monoscript/fileName/TextEffectStatus.cs: 0d9a417212ada6670935a5511afc12b9 -> 
  custom:scripting/monoscript/fileName/TextEffect.cs: b3399054379a13f493415819f2b26d02 -> 
  custom:scripting/monoscript/fileName/MinMaxRangeAttribute.cs: 290170215b5b7bdd3fb5340a79339fb0 -> 
  custom:scripting/monoscript/fileName/AttributeBaseDrawer.cs: 26c86ce1d32ef473ff54fac3b3f34384 -> 
  custom:scripting/monoscript/fileName/ConditionalData.cs: 31d8359f80de1f6456e27c8f052f735f -> 
  custom:scripting/monoscript/fileName/CollectionWrapper.cs: 1d692121383b052bc3c42bd312cb03d9 -> 
  custom:audio-encoder-webm-vorbis: bf7c407c2cedff20999df2af8eb42d56 -> 
  custom:scripting/monoscript/fileName/TimeUtil.cs: f1db10614389fe8436f67f4138e33eab -> 
  custom:scripting/monoscript/fileName/MyCollections.cs: 1573b6e8eec6809de8e4f734cd42ac53 -> 
  custom:scripting/monoscript/fileName/PerVertexEffectEditor.cs: 0e08baf525303c472bfaf41752a7f457 -> 
  custom:scripting/monoscript/fileName/MyReflection.cs: 912dd491c7847901aa49939904b2f1dd -> 
========================================================================
Received Prepare
Begin MonoManager ReloadAssembly
Thread 0x30bd93000 may have been prematurely finalized
- Loaded All Assemblies, in  0.392 seconds
Refreshing native plugins compatible for Editor in 1.19 ms, found 2 plugins.
Native extension for WindowsStandalone target not found
Native extension for AppleTV target not found
Native extension for iOS target not found
Native extension for OSXStandalone target not found
Native extension for WebGL target not found
Mono: successfully reloaded assembly
- Finished resetting the current domain, in  0.843 seconds
Domain Reload Profiling: 1235ms
	BeginReloadAssembly (123ms)
		ExecutionOrderSort (0ms)
		DisableScriptedObjects (5ms)
		BackupInstance (0ms)
		ReleaseScriptingObjects (0ms)
		CreateAndSetChildDomain (46ms)
	RebuildCommonClasses (42ms)
	RebuildNativeTypeToScriptingClass (14ms)
	initialDomainReloadingComplete (23ms)
	LoadAllAssembliesAndSetupDomain (189ms)
		LoadAssemblies (216ms)
		RebuildTransferFunctionScriptingTraits (0ms)
		AnalyzeDomain (17ms)
			TypeCache.Refresh (9ms)
				TypeCache.ScanAssembly (0ms)
			ScanForSourceGeneratedMonoScriptInfo (0ms)
			ResolveRequiredComponents (6ms)
	FinalizeReload (843ms)
		ReleaseScriptCaches (0ms)
		RebuildScriptCaches (0ms)
		SetupLoadedEditorAssemblies (370ms)
			LogAssemblyErrors (0ms)
			InitializePlatformSupportModulesInManaged (25ms)
			SetLoadedEditorAssemblies (5ms)
			RefreshPlugins (0ms)
			BeforeProcessingInitializeOnLoad (55ms)
			ProcessInitializeOnLoadAttributes (263ms)
			ProcessInitializeOnLoadMethodAttributes (21ms)
			AfterProcessingInitializeOnLoad (1ms)
			EditorAssembliesLoaded (0ms)
		ExecutionOrderSort2 (0ms)
		AwakeInstancesAfterBackupRestoration (4ms)
Refreshing native plugins compatible for Editor in 1.23 ms, found 2 plugins.
Preloading 0 native plugins for Editor in 0.00 ms.
Unloading 3153 Unused Serialized files (Serialized files now loaded: 0)
Unloading 21 unused Assets / (31.1 KB). Loaded Objects now: 3746.
Memory consumption went from 383.1 MB to 383.0 MB.
Total: 3.392417 ms (FindLiveObjects: 0.165250 ms CreateObjectMapping: 0.065666 ms MarkObjects: 3.118042 ms  DeleteObjects: 0.042834 ms)

Prepare: number of updated asset objects reloaded= 0
AssetImportParameters requested are different than current active one (requested -> active):
  custom:scripting/monoscript/fileName/GlobalTextEffectEntry.cs: c33c6024380cd43b3456fe6aea6f41ce -> 
  custom:scripting/monoscript/fileName/FoldBoxAttribute.cs: 66ff91a3485d06d36b8511fad6212f92 -> 
  custom:container-demuxer-ogg: 62fdf1f143b41e24485cea50d1cbac27 -> 
  custom:scripting/monoscript/fileName/MyDebug.cs: f3faef2d00c537158ab87ca513b25292 -> 
  custom:scripting/monoscript/fileName/MinMax.cs: 1c24b444ecff0bdeaf87d2edcb9d5029 -> 
  custom:scripting/monoscript/fileName/EditorDocumentation.cs: 934fb06e6a0b5b2798793a45828d3d5f -> 
  custom:scripting/monoscript/fileName/Effect_PerVertex.cs: 3f70f7fc3d4f9bfb1e10cd5e53684ee7 -> 
  custom:video-decoder-ogg-theora: a1e56fd34408186e4bbccfd4996cb3dc -> 
  custom:scripting/monoscript/fileName/MySerializedProperty.cs: 782cc9e912ef11023f0b93b5cae175e2 -> 
  custom:scripting/monoscript/fileName/CompositeEffectEditor.cs: 271d2f481fc4dff6734c055f2943e5d2 -> 
  custom:scripting/monoscript/fileName/TextEffect_Base.cs: 1b9a39eb3f7eb4d420cb56ed888ca97e -> 
  custom:scripting/monoscript/fileName/Effect_Scale.cs: 24350027199be1e1c520c27be9f8fbb9 -> 
  custom:scripting/monoscript/fileName/Effect_Color.cs: f5bc93c86b81ba37fa611632e3ecfb7f -> 
  custom:scripting/monoscript/fileName/Effect_Composite.cs: f3f7d32be82537fa78159e8943c1f1a7 -> 
  custom:CustomObjectIndexerAttribute: 756ad292c208cfabdd7b50bc23989ffe -> 
  custom:scripting/monoscript/fileName/TextEffectInstance.cs: 8d710191666e5c8cce9c6d33f66fafeb -> 
  custom:container-demuxer-webm: 4f35f7cbe854078d1ac9338744f61a02 -> 
  custom:scripting/monoscript/fileName/ButtonMethodAttribute.cs: cf389342635f998ab935cfcb5ae933df -> 
  custom:scripting/monoscript/fileName/ToggleDocAttribute.cs: d3c69a3f433376abbde86a297f4193a9 -> 
  custom:scripting/monoscript/fileName/MyHandles.cs: cc579ce2a9f371e54e4420275e0ac078 -> 
  custom:scripting/monoscript/fileName/ConditionalUtility.cs: 1205d2bd05e1eefe510065c234dd0f0e -> 
  custom:scripting/monoscript/fileName/MyCommonConstants.cs: afab7efaf9564dc9a7324c32dd196775 -> 
  custom:scripting/monoscript/fileName/CustomDrawerUtility.cs: 4fd84f09df56fbc0319d9bd7f922e98c -> 
  custom:container-muxer-webm: aa71ff27fc2769a1b78a27578f13a17b -> 
  custom:video-decoder-webm-vp8: 9c59270c3fd7afecdb556c50c9e8de78 -> 
  custom:SearchIndexIgnoredProperties: e643bd26f0fe6173181afceb89e7c659 -> 
  custom:AudioImporter_EditorPlatform: 3918e3fc78b5a79bad01e8451be0beb8 -> 
  custom:scripting/monoscript/fileName/ToggleDocAttributeDrawer.cs: e106f856849e4750d3809a4f241b1be2 -> 
  custom:scripting/monoscript/fileName/TextEffectEditor.cs: d3d8a1e5c2004b60d32f761eb093cf1b -> 
  custom:scripting/monoscript/fileName/MyColor.cs: 11671538b011fd3f337af43bc02e0c13 -> 
  custom:scripting/monoscript/fileName/AttributeBase.cs: d4cbb11724ea712d431b5cd07124907e -> 
  custom:scripting/monoscript/fileName/FoldBoxAttributeDrawer.cs: 7cddfc9687649703e6a68527865794bc -> 
  custom:scripting/monoscript/fileName/ConditionalFieldAttribute.cs: e6d9fd24956977713db9ec59b2642d84 -> 
  custom:scripting/monoscript/fileName/Effect_Move.cs: ef5516b861ddd6742709a32c4d74ed0d -> 
  custom:framework-osx-AVFoundation: e770b220cccbd017edd2c1fefb359320 -> 
  custom:scripting/monoscript/fileName/MyAlgorithms.cs: af94dca5879ebeadb102964fe2ba4c2c -> 
  custom:scripting/monoscript/fileName/TagEffectsPreset.cs: 7660331b4e5025a0b81c1733075d5b78 -> 
  custom:scripting/monoscript/fileName/Effect_Rotate.cs: ffdcc32648b4f2ece65aebb867cbbb0e -> 
  custom:video-encoder-webm-vp8: eb34c28f22e8b96e1ab97ce403110664 -> 
  custom:audio-decoder-ogg-vorbis: bf7c407c2cedff20999df2af8eb42d56 -> 
  custom:scripting/monoscript/fileName/WarningsPool.cs: fe4fa1866c40657be6a51b3604c9b41a -> 
  custom:scripting/monoscript/fileName/MyString.cs: 37ddb2560db549b377c16ed27598cb79 -> 
  custom:scripting/monoscript/fileName/TextEffectStatus.cs: 0d9a417212ada6670935a5511afc12b9 -> 
  custom:scripting/monoscript/fileName/TextEffect.cs: b3399054379a13f493415819f2b26d02 -> 
  custom:scripting/monoscript/fileName/MinMaxRangeAttribute.cs: 290170215b5b7bdd3fb5340a79339fb0 -> 
  custom:scripting/monoscript/fileName/AttributeBaseDrawer.cs: 26c86ce1d32ef473ff54fac3b3f34384 -> 
  custom:scripting/monoscript/fileName/ConditionalData.cs: 31d8359f80de1f6456e27c8f052f735f -> 
  custom:scripting/monoscript/fileName/CollectionWrapper.cs: 1d692121383b052bc3c42bd312cb03d9 -> 
  custom:audio-encoder-webm-vorbis: bf7c407c2cedff20999df2af8eb42d56 -> 
  custom:scripting/monoscript/fileName/TimeUtil.cs: f1db10614389fe8436f67f4138e33eab -> 
  custom:scripting/monoscript/fileName/MyCollections.cs: 1573b6e8eec6809de8e4f734cd42ac53 -> 
  custom:scripting/monoscript/fileName/PerVertexEffectEditor.cs: 0e08baf525303c472bfaf41752a7f457 -> 
  custom:scripting/monoscript/fileName/MyReflection.cs: 912dd491c7847901aa49939904b2f1dd -> 
========================================================================
Received Prepare
Begin MonoManager ReloadAssembly
Thread 0x30bd93000 may have been prematurely finalized
- Loaded All Assemblies, in  0.471 seconds
Refreshing native plugins compatible for Editor in 1.35 ms, found 2 plugins.
Native extension for WindowsStandalone target not found
Native extension for AppleTV target not found
Native extension for iOS target not found
Native extension for OSXStandalone target not found
Native extension for WebGL target not found
Mono: successfully reloaded assembly
- Finished resetting the current domain, in  0.883 seconds
Domain Reload Profiling: 1355ms
	BeginReloadAssembly (142ms)
		ExecutionOrderSort (0ms)
		DisableScriptedObjects (5ms)
		BackupInstance (0ms)
		ReleaseScriptingObjects (0ms)
		CreateAndSetChildDomain (54ms)
	RebuildCommonClasses (48ms)
	RebuildNativeTypeToScriptingClass (15ms)
	initialDomainReloadingComplete (32ms)
	LoadAllAssembliesAndSetupDomain (234ms)
		LoadAssemblies (252ms)
		RebuildTransferFunctionScriptingTraits (0ms)
		AnalyzeDomain (34ms)
			TypeCache.Refresh (15ms)
				TypeCache.ScanAssembly (1ms)
			ScanForSourceGeneratedMonoScriptInfo (11ms)
			ResolveRequiredComponents (7ms)
	FinalizeReload (883ms)
		ReleaseScriptCaches (0ms)
		RebuildScriptCaches (0ms)
		SetupLoadedEditorAssemblies (356ms)
			LogAssemblyErrors (0ms)
			InitializePlatformSupportModulesInManaged (23ms)
			SetLoadedEditorAssemblies (5ms)
			RefreshPlugins (0ms)
			BeforeProcessingInitializeOnLoad (54ms)
			ProcessInitializeOnLoadAttributes (255ms)
			ProcessInitializeOnLoadMethodAttributes (18ms)
			AfterProcessingInitializeOnLoad (1ms)
			EditorAssembliesLoaded (0ms)
		ExecutionOrderSort2 (0ms)
		AwakeInstancesAfterBackupRestoration (3ms)
Refreshing native plugins compatible for Editor in 1.14 ms, found 2 plugins.
Preloading 0 native plugins for Editor in 0.00 ms.
Unloading 3153 Unused Serialized files (Serialized files now loaded: 0)
Unloading 21 unused Assets / (31.1 KB). Loaded Objects now: 3749.
Memory consumption went from 390.0 MB to 389.9 MB.
Total: 3.218792 ms (FindLiveObjects: 0.145959 ms CreateObjectMapping: 0.057625 ms MarkObjects: 2.954792 ms  DeleteObjects: 0.059667 ms)

Prepare: number of updated asset objects reloaded= 0
AssetImportParameters requested are different than current active one (requested -> active):
  custom:scripting/monoscript/fileName/GlobalTextEffectEntry.cs: c33c6024380cd43b3456fe6aea6f41ce -> 
  custom:scripting/monoscript/fileName/FoldBoxAttribute.cs: 66ff91a3485d06d36b8511fad6212f92 -> 
  custom:container-demuxer-ogg: 62fdf1f143b41e24485cea50d1cbac27 -> 
  custom:scripting/monoscript/fileName/MyDebug.cs: f3faef2d00c537158ab87ca513b25292 -> 
  custom:scripting/monoscript/fileName/MinMax.cs: 1c24b444ecff0bdeaf87d2edcb9d5029 -> 
  custom:scripting/monoscript/fileName/EditorDocumentation.cs: 934fb06e6a0b5b2798793a45828d3d5f -> 
  custom:scripting/monoscript/fileName/Effect_PerVertex.cs: 3f70f7fc3d4f9bfb1e10cd5e53684ee7 -> 
  custom:video-decoder-ogg-theora: a1e56fd34408186e4bbccfd4996cb3dc -> 
  custom:scripting/monoscript/fileName/MySerializedProperty.cs: 782cc9e912ef11023f0b93b5cae175e2 -> 
  custom:scripting/monoscript/fileName/CompositeEffectEditor.cs: 271d2f481fc4dff6734c055f2943e5d2 -> 
  custom:scripting/monoscript/fileName/TextEffect_Base.cs: 1b9a39eb3f7eb4d420cb56ed888ca97e -> 
  custom:scripting/monoscript/fileName/Effect_Scale.cs: 24350027199be1e1c520c27be9f8fbb9 -> 
  custom:scripting/monoscript/fileName/Effect_Color.cs: f5bc93c86b81ba37fa611632e3ecfb7f -> 
  custom:scripting/monoscript/fileName/Effect_Composite.cs: f3f7d32be82537fa78159e8943c1f1a7 -> 
  custom:CustomObjectIndexerAttribute: 756ad292c208cfabdd7b50bc23989ffe -> 
  custom:scripting/monoscript/fileName/TextEffectInstance.cs: 8d710191666e5c8cce9c6d33f66fafeb -> 
  custom:container-demuxer-webm: 4f35f7cbe854078d1ac9338744f61a02 -> 
  custom:scripting/monoscript/fileName/ButtonMethodAttribute.cs: cf389342635f998ab935cfcb5ae933df -> 
  custom:scripting/monoscript/fileName/ToggleDocAttribute.cs: d3c69a3f433376abbde86a297f4193a9 -> 
  custom:scripting/monoscript/fileName/MyHandles.cs: cc579ce2a9f371e54e4420275e0ac078 -> 
  custom:scripting/monoscript/fileName/ConditionalUtility.cs: 1205d2bd05e1eefe510065c234dd0f0e -> 
  custom:scripting/monoscript/fileName/MyCommonConstants.cs: afab7efaf9564dc9a7324c32dd196775 -> 
  custom:scripting/monoscript/fileName/CustomDrawerUtility.cs: 4fd84f09df56fbc0319d9bd7f922e98c -> 
  custom:container-muxer-webm: aa71ff27fc2769a1b78a27578f13a17b -> 
  custom:video-decoder-webm-vp8: 9c59270c3fd7afecdb556c50c9e8de78 -> 
  custom:SearchIndexIgnoredProperties: e643bd26f0fe6173181afceb89e7c659 -> 
  custom:AudioImporter_EditorPlatform: 3918e3fc78b5a79bad01e8451be0beb8 -> 
  custom:scripting/monoscript/fileName/ToggleDocAttributeDrawer.cs: e106f856849e4750d3809a4f241b1be2 -> 
  custom:scripting/monoscript/fileName/TextEffectEditor.cs: d3d8a1e5c2004b60d32f761eb093cf1b -> 
  custom:scripting/monoscript/fileName/MyColor.cs: 11671538b011fd3f337af43bc02e0c13 -> 
  custom:scripting/monoscript/fileName/AttributeBase.cs: d4cbb11724ea712d431b5cd07124907e -> 
  custom:scripting/monoscript/fileName/FoldBoxAttributeDrawer.cs: 7cddfc9687649703e6a68527865794bc -> 
  custom:scripting/monoscript/fileName/ConditionalFieldAttribute.cs: e6d9fd24956977713db9ec59b2642d84 -> 
  custom:scripting/monoscript/fileName/Effect_Move.cs: ef5516b861ddd6742709a32c4d74ed0d -> 
  custom:framework-osx-AVFoundation: e770b220cccbd017edd2c1fefb359320 -> 
  custom:scripting/monoscript/fileName/MyAlgorithms.cs: af94dca5879ebeadb102964fe2ba4c2c -> 
  custom:scripting/monoscript/fileName/TagEffectsPreset.cs: 7660331b4e5025a0b81c1733075d5b78 -> 
  custom:scripting/monoscript/fileName/Effect_Rotate.cs: ffdcc32648b4f2ece65aebb867cbbb0e -> 
  custom:video-encoder-webm-vp8: eb34c28f22e8b96e1ab97ce403110664 -> 
  custom:audio-decoder-ogg-vorbis: bf7c407c2cedff20999df2af8eb42d56 -> 
  custom:scripting/monoscript/fileName/WarningsPool.cs: fe4fa1866c40657be6a51b3604c9b41a -> 
  custom:scripting/monoscript/fileName/MyString.cs: 37ddb2560db549b377c16ed27598cb79 -> 
  custom:scripting/monoscript/fileName/TextEffectStatus.cs: 0d9a417212ada6670935a5511afc12b9 -> 
  custom:scripting/monoscript/fileName/TextEffect.cs: b3399054379a13f493415819f2b26d02 -> 
  custom:scripting/monoscript/fileName/MinMaxRangeAttribute.cs: 290170215b5b7bdd3fb5340a79339fb0 -> 
  custom:scripting/monoscript/fileName/AttributeBaseDrawer.cs: 26c86ce1d32ef473ff54fac3b3f34384 -> 
  custom:scripting/monoscript/fileName/ConditionalData.cs: 31d8359f80de1f6456e27c8f052f735f -> 
  custom:scripting/monoscript/fileName/CollectionWrapper.cs: 1d692121383b052bc3c42bd312cb03d9 -> 
  custom:audio-encoder-webm-vorbis: bf7c407c2cedff20999df2af8eb42d56 -> 
  custom:scripting/monoscript/fileName/TimeUtil.cs: f1db10614389fe8436f67f4138e33eab -> 
  custom:scripting/monoscript/fileName/MyCollections.cs: 1573b6e8eec6809de8e4f734cd42ac53 -> 
  custom:scripting/monoscript/fileName/PerVertexEffectEditor.cs: 0e08baf525303c472bfaf41752a7f457 -> 
  custom:scripting/monoscript/fileName/MyReflection.cs: 912dd491c7847901aa49939904b2f1dd -> 
========================================================================
Received Prepare
Begin MonoManager ReloadAssembly
Thread 0x30bd93000 may have been prematurely finalized
- Loaded All Assemblies, in  0.398 seconds
Refreshing native plugins compatible for Editor in 1.14 ms, found 2 plugins.
Native extension for WindowsStandalone target not found
Native extension for AppleTV target not found
Native extension for iOS target not found
Native extension for OSXStandalone target not found
Native extension for WebGL target not found
Mono: successfully reloaded assembly
- Finished resetting the current domain, in  1.008 seconds
Domain Reload Profiling: 1407ms
	BeginReloadAssembly (114ms)
		ExecutionOrderSort (0ms)
		DisableScriptedObjects (4ms)
		BackupInstance (0ms)
		ReleaseScriptingObjects (0ms)
		CreateAndSetChildDomain (40ms)
	RebuildCommonClasses (42ms)
	RebuildNativeTypeToScriptingClass (14ms)
	initialDomainReloadingComplete (21ms)
	LoadAllAssembliesAndSetupDomain (207ms)
		LoadAssemblies (232ms)
		RebuildTransferFunctionScriptingTraits (0ms)
		AnalyzeDomain (18ms)
			TypeCache.Refresh (10ms)
				TypeCache.ScanAssembly (0ms)
			ScanForSourceGeneratedMonoScriptInfo (0ms)
			ResolveRequiredComponents (6ms)
	FinalizeReload (1009ms)
		ReleaseScriptCaches (0ms)
		RebuildScriptCaches (0ms)
		SetupLoadedEditorAssemblies (499ms)
			LogAssemblyErrors (0ms)
			InitializePlatformSupportModulesInManaged (38ms)
			SetLoadedEditorAssemblies (8ms)
			RefreshPlugins (0ms)
			BeforeProcessingInitializeOnLoad (99ms)
			ProcessInitializeOnLoadAttributes (332ms)
			ProcessInitializeOnLoadMethodAttributes (20ms)
			AfterProcessingInitializeOnLoad (1ms)
			EditorAssembliesLoaded (0ms)
		ExecutionOrderSort2 (0ms)
		AwakeInstancesAfterBackupRestoration (4ms)
Refreshing native plugins compatible for Editor in 1.29 ms, found 2 plugins.
Preloading 0 native plugins for Editor in 0.00 ms.
Unloading 3153 Unused Serialized files (Serialized files now loaded: 0)
Unloading 21 unused Assets / (31.3 KB). Loaded Objects now: 3752.
Memory consumption went from 396.9 MB to 396.9 MB.
Total: 3.666708 ms (FindLiveObjects: 0.164417 ms CreateObjectMapping: 0.065166 ms MarkObjects: 3.389167 ms  DeleteObjects: 0.046125 ms)

Prepare: number of updated asset objects reloaded= 0
AssetImportParameters requested are different than current active one (requested -> active):
  custom:scripting/monoscript/fileName/GlobalTextEffectEntry.cs: c33c6024380cd43b3456fe6aea6f41ce -> 
  custom:scripting/monoscript/fileName/FoldBoxAttribute.cs: 66ff91a3485d06d36b8511fad6212f92 -> 
  custom:container-demuxer-ogg: 62fdf1f143b41e24485cea50d1cbac27 -> 
  custom:scripting/monoscript/fileName/MyDebug.cs: f3faef2d00c537158ab87ca513b25292 -> 
  custom:scripting/monoscript/fileName/MinMax.cs: 1c24b444ecff0bdeaf87d2edcb9d5029 -> 
  custom:scripting/monoscript/fileName/EditorDocumentation.cs: 934fb06e6a0b5b2798793a45828d3d5f -> 
  custom:scripting/monoscript/fileName/Effect_PerVertex.cs: 3f70f7fc3d4f9bfb1e10cd5e53684ee7 -> 
  custom:video-decoder-ogg-theora: a1e56fd34408186e4bbccfd4996cb3dc -> 
  custom:scripting/monoscript/fileName/MySerializedProperty.cs: 782cc9e912ef11023f0b93b5cae175e2 -> 
  custom:scripting/monoscript/fileName/CompositeEffectEditor.cs: 271d2f481fc4dff6734c055f2943e5d2 -> 
  custom:scripting/monoscript/fileName/TextEffect_Base.cs: 1b9a39eb3f7eb4d420cb56ed888ca97e -> 
  custom:scripting/monoscript/fileName/Effect_Scale.cs: 24350027199be1e1c520c27be9f8fbb9 -> 
  custom:scripting/monoscript/fileName/Effect_Color.cs: f5bc93c86b81ba37fa611632e3ecfb7f -> 
  custom:scripting/monoscript/fileName/Effect_Composite.cs: f3f7d32be82537fa78159e8943c1f1a7 -> 
  custom:CustomObjectIndexerAttribute: 756ad292c208cfabdd7b50bc23989ffe -> 
  custom:scripting/monoscript/fileName/TextEffectInstance.cs: 8d710191666e5c8cce9c6d33f66fafeb -> 
  custom:container-demuxer-webm: 4f35f7cbe854078d1ac9338744f61a02 -> 
  custom:scripting/monoscript/fileName/ButtonMethodAttribute.cs: cf389342635f998ab935cfcb5ae933df -> 
  custom:scripting/monoscript/fileName/ToggleDocAttribute.cs: d3c69a3f433376abbde86a297f4193a9 -> 
  custom:scripting/monoscript/fileName/MyHandles.cs: cc579ce2a9f371e54e4420275e0ac078 -> 
  custom:scripting/monoscript/fileName/ConditionalUtility.cs: 1205d2bd05e1eefe510065c234dd0f0e -> 
  custom:scripting/monoscript/fileName/MyCommonConstants.cs: afab7efaf9564dc9a7324c32dd196775 -> 
  custom:scripting/monoscript/fileName/CustomDrawerUtility.cs: 4fd84f09df56fbc0319d9bd7f922e98c -> 
  custom:container-muxer-webm: aa71ff27fc2769a1b78a27578f13a17b -> 
  custom:video-decoder-webm-vp8: 9c59270c3fd7afecdb556c50c9e8de78 -> 
  custom:SearchIndexIgnoredProperties: e643bd26f0fe6173181afceb89e7c659 -> 
  custom:AudioImporter_EditorPlatform: 3918e3fc78b5a79bad01e8451be0beb8 -> 
  custom:scripting/monoscript/fileName/ToggleDocAttributeDrawer.cs: e106f856849e4750d3809a4f241b1be2 -> 
  custom:scripting/monoscript/fileName/TextEffectEditor.cs: d3d8a1e5c2004b60d32f761eb093cf1b -> 
  custom:scripting/monoscript/fileName/MyColor.cs: 11671538b011fd3f337af43bc02e0c13 -> 
  custom:scripting/monoscript/fileName/AttributeBase.cs: d4cbb11724ea712d431b5cd07124907e -> 
  custom:scripting/monoscript/fileName/FoldBoxAttributeDrawer.cs: 7cddfc9687649703e6a68527865794bc -> 
  custom:scripting/monoscript/fileName/ConditionalFieldAttribute.cs: e6d9fd24956977713db9ec59b2642d84 -> 
  custom:scripting/monoscript/fileName/Effect_Move.cs: ef5516b861ddd6742709a32c4d74ed0d -> 
  custom:framework-osx-AVFoundation: e770b220cccbd017edd2c1fefb359320 -> 
  custom:scripting/monoscript/fileName/MyAlgorithms.cs: af94dca5879ebeadb102964fe2ba4c2c -> 
  custom:scripting/monoscript/fileName/TagEffectsPreset.cs: 7660331b4e5025a0b81c1733075d5b78 -> 
  custom:scripting/monoscript/fileName/Effect_Rotate.cs: ffdcc32648b4f2ece65aebb867cbbb0e -> 
  custom:video-encoder-webm-vp8: eb34c28f22e8b96e1ab97ce403110664 -> 
  custom:audio-decoder-ogg-vorbis: bf7c407c2cedff20999df2af8eb42d56 -> 
  custom:scripting/monoscript/fileName/WarningsPool.cs: fe4fa1866c40657be6a51b3604c9b41a -> 
  custom:scripting/monoscript/fileName/MyString.cs: 37ddb2560db549b377c16ed27598cb79 -> 
  custom:scripting/monoscript/fileName/TextEffectStatus.cs: 0d9a417212ada6670935a5511afc12b9 -> 
  custom:scripting/monoscript/fileName/TextEffect.cs: b3399054379a13f493415819f2b26d02 -> 
  custom:scripting/monoscript/fileName/MinMaxRangeAttribute.cs: 290170215b5b7bdd3fb5340a79339fb0 -> 
  custom:scripting/monoscript/fileName/AttributeBaseDrawer.cs: 26c86ce1d32ef473ff54fac3b3f34384 -> 
  custom:scripting/monoscript/fileName/ConditionalData.cs: 31d8359f80de1f6456e27c8f052f735f -> 
  custom:scripting/monoscript/fileName/CollectionWrapper.cs: 1d692121383b052bc3c42bd312cb03d9 -> 
  custom:audio-encoder-webm-vorbis: bf7c407c2cedff20999df2af8eb42d56 -> 
  custom:scripting/monoscript/fileName/TimeUtil.cs: f1db10614389fe8436f67f4138e33eab -> 
  custom:scripting/monoscript/fileName/MyCollections.cs: 1573b6e8eec6809de8e4f734cd42ac53 -> 
  custom:scripting/monoscript/fileName/PerVertexEffectEditor.cs: 0e08baf525303c472bfaf41752a7f457 -> 
  custom:scripting/monoscript/fileName/MyReflection.cs: 912dd491c7847901aa49939904b2f1dd -> 
========================================================================
Received Prepare
Begin MonoManager ReloadAssembly
Thread 0x30bd93000 may have been prematurely finalized
- Loaded All Assemblies, in  0.514 seconds
Refreshing native plugins compatible for Editor in 1.19 ms, found 2 plugins.
Native extension for WindowsStandalone target not found
Native extension for AppleTV target not found
Native extension for iOS target not found
Native extension for OSXStandalone target not found
Native extension for WebGL target not found
Mono: successfully reloaded assembly
- Finished resetting the current domain, in  0.839 seconds
Domain Reload Profiling: 1353ms
	BeginReloadAssembly (198ms)
		ExecutionOrderSort (0ms)
		DisableScriptedObjects (9ms)
		BackupInstance (0ms)
		ReleaseScriptingObjects (0ms)
		CreateAndSetChildDomain (82ms)
	RebuildCommonClasses (56ms)
	RebuildNativeTypeToScriptingClass (18ms)
	initialDomainReloadingComplete (30ms)
	LoadAllAssembliesAndSetupDomain (211ms)
		LoadAssemblies (250ms)
		RebuildTransferFunctionScriptingTraits (0ms)
		AnalyzeDomain (30ms)
			TypeCache.Refresh (14ms)
				TypeCache.ScanAssembly (1ms)
			ScanForSourceGeneratedMonoScriptInfo (10ms)
			ResolveRequiredComponents (6ms)
	FinalizeReload (839ms)
		ReleaseScriptCaches (0ms)
		RebuildScriptCaches (0ms)
		SetupLoadedEditorAssemblies (349ms)
			LogAssemblyErrors (0ms)
			InitializePlatformSupportModulesInManaged (23ms)
			SetLoadedEditorAssemblies (5ms)
			RefreshPlugins (0ms)
			BeforeProcessingInitializeOnLoad (53ms)
			ProcessInitializeOnLoadAttributes (250ms)
			ProcessInitializeOnLoadMethodAttributes (17ms)
			AfterProcessingInitializeOnLoad (1ms)
			EditorAssembliesLoaded (0ms)
		ExecutionOrderSort2 (0ms)
		AwakeInstancesAfterBackupRestoration (3ms)
Refreshing native plugins compatible for Editor in 1.15 ms, found 2 plugins.
Preloading 0 native plugins for Editor in 0.00 ms.
Unloading 3153 Unused Serialized files (Serialized files now loaded: 0)
Unloading 21 unused Assets / (31.2 KB). Loaded Objects now: 3755.
Memory consumption went from 403.8 MB to 403.8 MB.
Total: 3.117583 ms (FindLiveObjects: 0.134542 ms CreateObjectMapping: 0.057875 ms MarkObjects: 2.874833 ms  DeleteObjects: 0.049583 ms)

Prepare: number of updated asset objects reloaded= 0
AssetImportParameters requested are different than current active one (requested -> active):
  custom:scripting/monoscript/fileName/GlobalTextEffectEntry.cs: c33c6024380cd43b3456fe6aea6f41ce -> 
  custom:scripting/monoscript/fileName/FoldBoxAttribute.cs: 66ff91a3485d06d36b8511fad6212f92 -> 
  custom:container-demuxer-ogg: 62fdf1f143b41e24485cea50d1cbac27 -> 
  custom:scripting/monoscript/fileName/MyDebug.cs: f3faef2d00c537158ab87ca513b25292 -> 
  custom:scripting/monoscript/fileName/MinMax.cs: 1c24b444ecff0bdeaf87d2edcb9d5029 -> 
  custom:scripting/monoscript/fileName/EditorDocumentation.cs: 934fb06e6a0b5b2798793a45828d3d5f -> 
  custom:scripting/monoscript/fileName/Effect_PerVertex.cs: 3f70f7fc3d4f9bfb1e10cd5e53684ee7 -> 
  custom:video-decoder-ogg-theora: a1e56fd34408186e4bbccfd4996cb3dc -> 
  custom:scripting/monoscript/fileName/MySerializedProperty.cs: 782cc9e912ef11023f0b93b5cae175e2 -> 
  custom:scripting/monoscript/fileName/CompositeEffectEditor.cs: 271d2f481fc4dff6734c055f2943e5d2 -> 
  custom:scripting/monoscript/fileName/TextEffect_Base.cs: 1b9a39eb3f7eb4d420cb56ed888ca97e -> 
  custom:scripting/monoscript/fileName/Effect_Scale.cs: 24350027199be1e1c520c27be9f8fbb9 -> 
  custom:scripting/monoscript/fileName/Effect_Color.cs: f5bc93c86b81ba37fa611632e3ecfb7f -> 
  custom:scripting/monoscript/fileName/Effect_Composite.cs: f3f7d32be82537fa78159e8943c1f1a7 -> 
  custom:CustomObjectIndexerAttribute: 756ad292c208cfabdd7b50bc23989ffe -> 
  custom:scripting/monoscript/fileName/TextEffectInstance.cs: 8d710191666e5c8cce9c6d33f66fafeb -> 
  custom:container-demuxer-webm: 4f35f7cbe854078d1ac9338744f61a02 -> 
  custom:scripting/monoscript/fileName/ButtonMethodAttribute.cs: cf389342635f998ab935cfcb5ae933df -> 
  custom:scripting/monoscript/fileName/ToggleDocAttribute.cs: d3c69a3f433376abbde86a297f4193a9 -> 
  custom:scripting/monoscript/fileName/MyHandles.cs: cc579ce2a9f371e54e4420275e0ac078 -> 
  custom:scripting/monoscript/fileName/ConditionalUtility.cs: 1205d2bd05e1eefe510065c234dd0f0e -> 
  custom:scripting/monoscript/fileName/MyCommonConstants.cs: afab7efaf9564dc9a7324c32dd196775 -> 
  custom:scripting/monoscript/fileName/CustomDrawerUtility.cs: 4fd84f09df56fbc0319d9bd7f922e98c -> 
  custom:container-muxer-webm: aa71ff27fc2769a1b78a27578f13a17b -> 
  custom:video-decoder-webm-vp8: 9c59270c3fd7afecdb556c50c9e8de78 -> 
  custom:SearchIndexIgnoredProperties: e643bd26f0fe6173181afceb89e7c659 -> 
  custom:AudioImporter_EditorPlatform: 3918e3fc78b5a79bad01e8451be0beb8 -> 
  custom:scripting/monoscript/fileName/ToggleDocAttributeDrawer.cs: e106f856849e4750d3809a4f241b1be2 -> 
  custom:scripting/monoscript/fileName/TextEffectEditor.cs: d3d8a1e5c2004b60d32f761eb093cf1b -> 
  custom:scripting/monoscript/fileName/MyColor.cs: 11671538b011fd3f337af43bc02e0c13 -> 
  custom:scripting/monoscript/fileName/AttributeBase.cs: d4cbb11724ea712d431b5cd07124907e -> 
  custom:scripting/monoscript/fileName/FoldBoxAttributeDrawer.cs: 7cddfc9687649703e6a68527865794bc -> 
  custom:scripting/monoscript/fileName/ConditionalFieldAttribute.cs: e6d9fd24956977713db9ec59b2642d84 -> 
  custom:scripting/monoscript/fileName/Effect_Move.cs: ef5516b861ddd6742709a32c4d74ed0d -> 
  custom:framework-osx-AVFoundation: e770b220cccbd017edd2c1fefb359320 -> 
  custom:scripting/monoscript/fileName/MyAlgorithms.cs: af94dca5879ebeadb102964fe2ba4c2c -> 
  custom:scripting/monoscript/fileName/TagEffectsPreset.cs: 7660331b4e5025a0b81c1733075d5b78 -> 
  custom:scripting/monoscript/fileName/Effect_Rotate.cs: ffdcc32648b4f2ece65aebb867cbbb0e -> 
  custom:video-encoder-webm-vp8: eb34c28f22e8b96e1ab97ce403110664 -> 
  custom:audio-decoder-ogg-vorbis: bf7c407c2cedff20999df2af8eb42d56 -> 
  custom:scripting/monoscript/fileName/WarningsPool.cs: fe4fa1866c40657be6a51b3604c9b41a -> 
  custom:scripting/monoscript/fileName/MyString.cs: 37ddb2560db549b377c16ed27598cb79 -> 
  custom:scripting/monoscript/fileName/TextEffectStatus.cs: 0d9a417212ada6670935a5511afc12b9 -> 
  custom:scripting/monoscript/fileName/TextEffect.cs: b3399054379a13f493415819f2b26d02 -> 
  custom:scripting/monoscript/fileName/MinMaxRangeAttribute.cs: 290170215b5b7bdd3fb5340a79339fb0 -> 
  custom:scripting/monoscript/fileName/AttributeBaseDrawer.cs: 26c86ce1d32ef473ff54fac3b3f34384 -> 
  custom:scripting/monoscript/fileName/ConditionalData.cs: 31d8359f80de1f6456e27c8f052f735f -> 
  custom:scripting/monoscript/fileName/CollectionWrapper.cs: 1d692121383b052bc3c42bd312cb03d9 -> 
  custom:audio-encoder-webm-vorbis: bf7c407c2cedff20999df2af8eb42d56 -> 
  custom:scripting/monoscript/fileName/TimeUtil.cs: f1db10614389fe8436f67f4138e33eab -> 
  custom:scripting/monoscript/fileName/MyCollections.cs: 1573b6e8eec6809de8e4f734cd42ac53 -> 
  custom:scripting/monoscript/fileName/PerVertexEffectEditor.cs: 0e08baf525303c472bfaf41752a7f457 -> 
  custom:scripting/monoscript/fileName/MyReflection.cs: 912dd491c7847901aa49939904b2f1dd -> 
========================================================================
Received Prepare
Begin MonoManager ReloadAssembly
Thread 0x30bd93000 may have been prematurely finalized
- Loaded All Assemblies, in  0.403 seconds
Refreshing native plugins compatible for Editor in 1.18 ms, found 2 plugins.
Native extension for WindowsStandalone target not found
Native extension for AppleTV target not found
Native extension for iOS target not found
Native extension for OSXStandalone target not found
Native extension for WebGL target not found
Mono: successfully reloaded assembly
- Finished resetting the current domain, in  0.955 seconds
Domain Reload Profiling: 1358ms
	BeginReloadAssembly (119ms)
		ExecutionOrderSort (0ms)
		DisableScriptedObjects (5ms)
		BackupInstance (0ms)
		ReleaseScriptingObjects (0ms)
		CreateAndSetChildDomain (40ms)
	RebuildCommonClasses (48ms)
	RebuildNativeTypeToScriptingClass (15ms)
	initialDomainReloadingComplete (23ms)
	LoadAllAssembliesAndSetupDomain (197ms)
		LoadAssemblies (226ms)
		RebuildTransferFunctionScriptingTraits (0ms)
		AnalyzeDomain (16ms)
			TypeCache.Refresh (9ms)
				TypeCache.ScanAssembly (0ms)
			ScanForSourceGeneratedMonoScriptInfo (0ms)
			ResolveRequiredComponents (6ms)
	FinalizeReload (956ms)
		ReleaseScriptCaches (0ms)
		RebuildScriptCaches (0ms)
		SetupLoadedEditorAssemblies (575ms)
			LogAssemblyErrors (0ms)
			InitializePlatformSupportModulesInManaged (49ms)
			SetLoadedEditorAssemblies (11ms)
			RefreshPlugins (0ms)
			BeforeProcessingInitializeOnLoad (125ms)
			ProcessInitializeOnLoadAttributes (369ms)
			ProcessInitializeOnLoadMethodAttributes (20ms)
			AfterProcessingInitializeOnLoad (1ms)
			EditorAssembliesLoaded (0ms)
		ExecutionOrderSort2 (0ms)
		AwakeInstancesAfterBackupRestoration (4ms)
Refreshing native plugins compatible for Editor in 1.13 ms, found 2 plugins.
Preloading 0 native plugins for Editor in 0.00 ms.
Unloading 3153 Unused Serialized files (Serialized files now loaded: 0)
Unloading 21 unused Assets / (31.1 KB). Loaded Objects now: 3758.
Memory consumption went from 410.7 MB to 410.7 MB.
Total: 3.516375 ms (FindLiveObjects: 0.157666 ms CreateObjectMapping: 0.071167 ms MarkObjects: 3.219541 ms  DeleteObjects: 0.067042 ms)

Prepare: number of updated asset objects reloaded= 0
AssetImportParameters requested are different than current active one (requested -> active):
  custom:scripting/monoscript/fileName/GlobalTextEffectEntry.cs: c33c6024380cd43b3456fe6aea6f41ce -> 
  custom:scripting/monoscript/fileName/FoldBoxAttribute.cs: 66ff91a3485d06d36b8511fad6212f92 -> 
  custom:container-demuxer-ogg: 62fdf1f143b41e24485cea50d1cbac27 -> 
  custom:scripting/monoscript/fileName/MyDebug.cs: f3faef2d00c537158ab87ca513b25292 -> 
  custom:scripting/monoscript/fileName/MinMax.cs: 1c24b444ecff0bdeaf87d2edcb9d5029 -> 
  custom:scripting/monoscript/fileName/EditorDocumentation.cs: 934fb06e6a0b5b2798793a45828d3d5f -> 
  custom:scripting/monoscript/fileName/Effect_PerVertex.cs: 3f70f7fc3d4f9bfb1e10cd5e53684ee7 -> 
  custom:video-decoder-ogg-theora: a1e56fd34408186e4bbccfd4996cb3dc -> 
  custom:scripting/monoscript/fileName/MySerializedProperty.cs: 782cc9e912ef11023f0b93b5cae175e2 -> 
  custom:scripting/monoscript/fileName/CompositeEffectEditor.cs: 271d2f481fc4dff6734c055f2943e5d2 -> 
  custom:scripting/monoscript/fileName/TextEffect_Base.cs: 1b9a39eb3f7eb4d420cb56ed888ca97e -> 
  custom:scripting/monoscript/fileName/Effect_Scale.cs: 24350027199be1e1c520c27be9f8fbb9 -> 
  custom:scripting/monoscript/fileName/Effect_Color.cs: f5bc93c86b81ba37fa611632e3ecfb7f -> 
  custom:scripting/monoscript/fileName/Effect_Composite.cs: f3f7d32be82537fa78159e8943c1f1a7 -> 
  custom:CustomObjectIndexerAttribute: 756ad292c208cfabdd7b50bc23989ffe -> 
  custom:scripting/monoscript/fileName/TextEffectInstance.cs: 8d710191666e5c8cce9c6d33f66fafeb -> 
  custom:container-demuxer-webm: 4f35f7cbe854078d1ac9338744f61a02 -> 
  custom:scripting/monoscript/fileName/ButtonMethodAttribute.cs: cf389342635f998ab935cfcb5ae933df -> 
  custom:scripting/monoscript/fileName/ToggleDocAttribute.cs: d3c69a3f433376abbde86a297f4193a9 -> 
  custom:scripting/monoscript/fileName/MyHandles.cs: cc579ce2a9f371e54e4420275e0ac078 -> 
  custom:scripting/monoscript/fileName/ConditionalUtility.cs: 1205d2bd05e1eefe510065c234dd0f0e -> 
  custom:scripting/monoscript/fileName/MyCommonConstants.cs: afab7efaf9564dc9a7324c32dd196775 -> 
  custom:scripting/monoscript/fileName/CustomDrawerUtility.cs: 4fd84f09df56fbc0319d9bd7f922e98c -> 
  custom:container-muxer-webm: aa71ff27fc2769a1b78a27578f13a17b -> 
  custom:video-decoder-webm-vp8: 9c59270c3fd7afecdb556c50c9e8de78 -> 
  custom:SearchIndexIgnoredProperties: e643bd26f0fe6173181afceb89e7c659 -> 
  custom:AudioImporter_EditorPlatform: 3918e3fc78b5a79bad01e8451be0beb8 -> 
  custom:scripting/monoscript/fileName/ToggleDocAttributeDrawer.cs: e106f856849e4750d3809a4f241b1be2 -> 
  custom:scripting/monoscript/fileName/TextEffectEditor.cs: d3d8a1e5c2004b60d32f761eb093cf1b -> 
  custom:scripting/monoscript/fileName/MyColor.cs: 11671538b011fd3f337af43bc02e0c13 -> 
  custom:scripting/monoscript/fileName/AttributeBase.cs: d4cbb11724ea712d431b5cd07124907e -> 
  custom:scripting/monoscript/fileName/FoldBoxAttributeDrawer.cs: 7cddfc9687649703e6a68527865794bc -> 
  custom:scripting/monoscript/fileName/ConditionalFieldAttribute.cs: e6d9fd24956977713db9ec59b2642d84 -> 
  custom:scripting/monoscript/fileName/Effect_Move.cs: ef5516b861ddd6742709a32c4d74ed0d -> 
  custom:framework-osx-AVFoundation: e770b220cccbd017edd2c1fefb359320 -> 
  custom:scripting/monoscript/fileName/MyAlgorithms.cs: af94dca5879ebeadb102964fe2ba4c2c -> 
  custom:scripting/monoscript/fileName/TagEffectsPreset.cs: 7660331b4e5025a0b81c1733075d5b78 -> 
  custom:scripting/monoscript/fileName/Effect_Rotate.cs: ffdcc32648b4f2ece65aebb867cbbb0e -> 
  custom:video-encoder-webm-vp8: eb34c28f22e8b96e1ab97ce403110664 -> 
  custom:audio-decoder-ogg-vorbis: bf7c407c2cedff20999df2af8eb42d56 -> 
  custom:scripting/monoscript/fileName/WarningsPool.cs: fe4fa1866c40657be6a51b3604c9b41a -> 
  custom:scripting/monoscript/fileName/MyString.cs: 37ddb2560db549b377c16ed27598cb79 -> 
  custom:scripting/monoscript/fileName/TextEffectStatus.cs: 0d9a417212ada6670935a5511afc12b9 -> 
  custom:scripting/monoscript/fileName/TextEffect.cs: b3399054379a13f493415819f2b26d02 -> 
  custom:scripting/monoscript/fileName/MinMaxRangeAttribute.cs: 290170215b5b7bdd3fb5340a79339fb0 -> 
  custom:scripting/monoscript/fileName/AttributeBaseDrawer.cs: 26c86ce1d32ef473ff54fac3b3f34384 -> 
  custom:scripting/monoscript/fileName/ConditionalData.cs: 31d8359f80de1f6456e27c8f052f735f -> 
  custom:scripting/monoscript/fileName/CollectionWrapper.cs: 1d692121383b052bc3c42bd312cb03d9 -> 
  custom:audio-encoder-webm-vorbis: bf7c407c2cedff20999df2af8eb42d56 -> 
  custom:scripting/monoscript/fileName/TimeUtil.cs: f1db10614389fe8436f67f4138e33eab -> 
  custom:scripting/monoscript/fileName/MyCollections.cs: 1573b6e8eec6809de8e4f734cd42ac53 -> 
  custom:scripting/monoscript/fileName/PerVertexEffectEditor.cs: 0e08baf525303c472bfaf41752a7f457 -> 
  custom:scripting/monoscript/fileName/MyReflection.cs: 912dd491c7847901aa49939904b2f1dd -> 
========================================================================
Received Prepare
Begin MonoManager ReloadAssembly
Thread 0x30bd93000 may have been prematurely finalized
- Loaded All Assemblies, in  0.406 seconds
Refreshing native plugins compatible for Editor in 1.08 ms, found 2 plugins.
Native extension for WindowsStandalone target not found
Native extension for AppleTV target not found
Native extension for iOS target not found
Native extension for OSXStandalone target not found
Native extension for WebGL target not found
Mono: successfully reloaded assembly
- Finished resetting the current domain, in  1.100 seconds
Domain Reload Profiling: 1506ms
	BeginReloadAssembly (116ms)
		ExecutionOrderSort (0ms)
		DisableScriptedObjects (4ms)
		BackupInstance (0ms)
		ReleaseScriptingObjects (0ms)
		CreateAndSetChildDomain (41ms)
	RebuildCommonClasses (47ms)
	RebuildNativeTypeToScriptingClass (15ms)
	initialDomainReloadingComplete (23ms)
	LoadAllAssembliesAndSetupDomain (204ms)
		LoadAssemblies (231ms)
		RebuildTransferFunctionScriptingTraits (0ms)
		AnalyzeDomain (16ms)
			TypeCache.Refresh (9ms)
				TypeCache.ScanAssembly (0ms)
			ScanForSourceGeneratedMonoScriptInfo (0ms)
			ResolveRequiredComponents (5ms)
	FinalizeReload (1100ms)
		ReleaseScriptCaches (0ms)
		RebuildScriptCaches (0ms)
		SetupLoadedEditorAssemblies (608ms)
			LogAssemblyErrors (0ms)
			InitializePlatformSupportModulesInManaged (34ms)
			SetLoadedEditorAssemblies (7ms)
			RefreshPlugins (0ms)
			BeforeProcessingInitializeOnLoad (99ms)
			ProcessInitializeOnLoadAttributes (444ms)
			ProcessInitializeOnLoadMethodAttributes (22ms)
			AfterProcessingInitializeOnLoad (1ms)
			EditorAssembliesLoaded (0ms)
		ExecutionOrderSort2 (0ms)
		AwakeInstancesAfterBackupRestoration (4ms)
Refreshing native plugins compatible for Editor in 1.28 ms, found 2 plugins.
Preloading 0 native plugins for Editor in 0.00 ms.
Unloading 3153 Unused Serialized files (Serialized files now loaded: 0)
Unloading 21 unused Assets / (31.1 KB). Loaded Objects now: 3761.
Memory consumption went from 417.6 MB to 417.6 MB.
Total: 3.314834 ms (FindLiveObjects: 0.151834 ms CreateObjectMapping: 0.060209 ms MarkObjects: 3.059084 ms  DeleteObjects: 0.042833 ms)

Prepare: number of updated asset objects reloaded= 0
AssetImportParameters requested are different than current active one (requested -> active):
  custom:scripting/monoscript/fileName/GlobalTextEffectEntry.cs: c33c6024380cd43b3456fe6aea6f41ce -> 
  custom:scripting/monoscript/fileName/FoldBoxAttribute.cs: 66ff91a3485d06d36b8511fad6212f92 -> 
  custom:container-demuxer-ogg: 62fdf1f143b41e24485cea50d1cbac27 -> 
  custom:scripting/monoscript/fileName/MyDebug.cs: f3faef2d00c537158ab87ca513b25292 -> 
  custom:scripting/monoscript/fileName/MinMax.cs: 1c24b444ecff0bdeaf87d2edcb9d5029 -> 
  custom:scripting/monoscript/fileName/EditorDocumentation.cs: 934fb06e6a0b5b2798793a45828d3d5f -> 
  custom:scripting/monoscript/fileName/Effect_PerVertex.cs: 3f70f7fc3d4f9bfb1e10cd5e53684ee7 -> 
  custom:video-decoder-ogg-theora: a1e56fd34408186e4bbccfd4996cb3dc -> 
  custom:scripting/monoscript/fileName/MySerializedProperty.cs: 782cc9e912ef11023f0b93b5cae175e2 -> 
  custom:scripting/monoscript/fileName/CompositeEffectEditor.cs: 271d2f481fc4dff6734c055f2943e5d2 -> 
  custom:scripting/monoscript/fileName/TextEffect_Base.cs: 1b9a39eb3f7eb4d420cb56ed888ca97e -> 
  custom:scripting/monoscript/fileName/Effect_Scale.cs: 24350027199be1e1c520c27be9f8fbb9 -> 
  custom:scripting/monoscript/fileName/Effect_Color.cs: f5bc93c86b81ba37fa611632e3ecfb7f -> 
  custom:scripting/monoscript/fileName/Effect_Composite.cs: f3f7d32be82537fa78159e8943c1f1a7 -> 
  custom:CustomObjectIndexerAttribute: 756ad292c208cfabdd7b50bc23989ffe -> 
  custom:scripting/monoscript/fileName/TextEffectInstance.cs: 8d710191666e5c8cce9c6d33f66fafeb -> 
  custom:container-demuxer-webm: 4f35f7cbe854078d1ac9338744f61a02 -> 
  custom:scripting/monoscript/fileName/ButtonMethodAttribute.cs: cf389342635f998ab935cfcb5ae933df -> 
  custom:scripting/monoscript/fileName/ToggleDocAttribute.cs: d3c69a3f433376abbde86a297f4193a9 -> 
  custom:scripting/monoscript/fileName/MyHandles.cs: cc579ce2a9f371e54e4420275e0ac078 -> 
  custom:scripting/monoscript/fileName/ConditionalUtility.cs: 1205d2bd05e1eefe510065c234dd0f0e -> 
  custom:scripting/monoscript/fileName/MyCommonConstants.cs: afab7efaf9564dc9a7324c32dd196775 -> 
  custom:scripting/monoscript/fileName/CustomDrawerUtility.cs: 4fd84f09df56fbc0319d9bd7f922e98c -> 
  custom:container-muxer-webm: aa71ff27fc2769a1b78a27578f13a17b -> 
  custom:video-decoder-webm-vp8: 9c59270c3fd7afecdb556c50c9e8de78 -> 
  custom:SearchIndexIgnoredProperties: e643bd26f0fe6173181afceb89e7c659 -> 
  custom:AudioImporter_EditorPlatform: 3918e3fc78b5a79bad01e8451be0beb8 -> 
  custom:scripting/monoscript/fileName/ToggleDocAttributeDrawer.cs: e106f856849e4750d3809a4f241b1be2 -> 
  custom:scripting/monoscript/fileName/TextEffectEditor.cs: d3d8a1e5c2004b60d32f761eb093cf1b -> 
  custom:scripting/monoscript/fileName/MyColor.cs: 11671538b011fd3f337af43bc02e0c13 -> 
  custom:scripting/monoscript/fileName/AttributeBase.cs: d4cbb11724ea712d431b5cd07124907e -> 
  custom:scripting/monoscript/fileName/FoldBoxAttributeDrawer.cs: 7cddfc9687649703e6a68527865794bc -> 
  custom:scripting/monoscript/fileName/ConditionalFieldAttribute.cs: e6d9fd24956977713db9ec59b2642d84 -> 
  custom:scripting/monoscript/fileName/Effect_Move.cs: ef5516b861ddd6742709a32c4d74ed0d -> 
  custom:framework-osx-AVFoundation: e770b220cccbd017edd2c1fefb359320 -> 
  custom:scripting/monoscript/fileName/MyAlgorithms.cs: af94dca5879ebeadb102964fe2ba4c2c -> 
  custom:scripting/monoscript/fileName/TagEffectsPreset.cs: 7660331b4e5025a0b81c1733075d5b78 -> 
  custom:scripting/monoscript/fileName/Effect_Rotate.cs: ffdcc32648b4f2ece65aebb867cbbb0e -> 
  custom:video-encoder-webm-vp8: eb34c28f22e8b96e1ab97ce403110664 -> 
  custom:audio-decoder-ogg-vorbis: bf7c407c2cedff20999df2af8eb42d56 -> 
  custom:scripting/monoscript/fileName/WarningsPool.cs: fe4fa1866c40657be6a51b3604c9b41a -> 
  custom:scripting/monoscript/fileName/MyString.cs: 37ddb2560db549b377c16ed27598cb79 -> 
  custom:scripting/monoscript/fileName/TextEffectStatus.cs: 0d9a417212ada6670935a5511afc12b9 -> 
  custom:scripting/monoscript/fileName/TextEffect.cs: b3399054379a13f493415819f2b26d02 -> 
  custom:scripting/monoscript/fileName/MinMaxRangeAttribute.cs: 290170215b5b7bdd3fb5340a79339fb0 -> 
  custom:scripting/monoscript/fileName/AttributeBaseDrawer.cs: 26c86ce1d32ef473ff54fac3b3f34384 -> 
  custom:scripting/monoscript/fileName/ConditionalData.cs: 31d8359f80de1f6456e27c8f052f735f -> 
  custom:scripting/monoscript/fileName/CollectionWrapper.cs: 1d692121383b052bc3c42bd312cb03d9 -> 
  custom:audio-encoder-webm-vorbis: bf7c407c2cedff20999df2af8eb42d56 -> 
  custom:scripting/monoscript/fileName/TimeUtil.cs: f1db10614389fe8436f67f4138e33eab -> 
  custom:scripting/monoscript/fileName/MyCollections.cs: 1573b6e8eec6809de8e4f734cd42ac53 -> 
  custom:scripting/monoscript/fileName/PerVertexEffectEditor.cs: 0e08baf525303c472bfaf41752a7f457 -> 
  custom:scripting/monoscript/fileName/MyReflection.cs: 912dd491c7847901aa49939904b2f1dd -> 
========================================================================
Received Prepare
Begin MonoManager ReloadAssembly
Thread 0x30bd93000 may have been prematurely finalized
- Loaded All Assemblies, in  0.501 seconds
Refreshing native plugins compatible for Editor in 1.09 ms, found 2 plugins.
Native extension for WindowsStandalone target not found
Native extension for AppleTV target not found
Native extension for iOS target not found
Native extension for OSXStandalone target not found
Native extension for WebGL target not found
Mono: successfully reloaded assembly
- Finished resetting the current domain, in  0.825 seconds
Domain Reload Profiling: 1327ms
	BeginReloadAssembly (199ms)
		ExecutionOrderSort (0ms)
		DisableScriptedObjects (9ms)
		BackupInstance (0ms)
		ReleaseScriptingObjects (0ms)
		CreateAndSetChildDomain (85ms)
	RebuildCommonClasses (54ms)
	RebuildNativeTypeToScriptingClass (16ms)
	initialDomainReloadingComplete (25ms)
	LoadAllAssembliesAndSetupDomain (208ms)
		LoadAssemblies (234ms)
		RebuildTransferFunctionScriptingTraits (0ms)
		AnalyzeDomain (35ms)
			TypeCache.Refresh (13ms)
				TypeCache.ScanAssembly (1ms)
			ScanForSourceGeneratedMonoScriptInfo (13ms)
			ResolveRequiredComponents (8ms)
	FinalizeReload (825ms)
		ReleaseScriptCaches (0ms)
		RebuildScriptCaches (0ms)
		SetupLoadedEditorAssemblies (350ms)
			LogAssemblyErrors (0ms)
			InitializePlatformSupportModulesInManaged (23ms)
			SetLoadedEditorAssemblies (5ms)
			RefreshPlugins (0ms)
			BeforeProcessingInitializeOnLoad (53ms)
			ProcessInitializeOnLoadAttributes (250ms)
			ProcessInitializeOnLoadMethodAttributes (17ms)
			AfterProcessingInitializeOnLoad (1ms)
			EditorAssembliesLoaded (0ms)
		ExecutionOrderSort2 (0ms)
		AwakeInstancesAfterBackupRestoration (3ms)
Refreshing native plugins compatible for Editor in 1.17 ms, found 2 plugins.
Preloading 0 native plugins for Editor in 0.00 ms.
Unloading 3153 Unused Serialized files (Serialized files now loaded: 0)
Unloading 21 unused Assets / (31.1 KB). Loaded Objects now: 3764.
Memory consumption went from 424.6 MB to 424.5 MB.
Total: 3.070458 ms (FindLiveObjects: 0.143333 ms CreateObjectMapping: 0.060166 ms MarkObjects: 2.815375 ms  DeleteObjects: 0.051041 ms)

Prepare: number of updated asset objects reloaded= 0
AssetImportParameters requested are different than current active one (requested -> active):
  custom:scripting/monoscript/fileName/GlobalTextEffectEntry.cs: c33c6024380cd43b3456fe6aea6f41ce -> 
  custom:scripting/monoscript/fileName/FoldBoxAttribute.cs: 66ff91a3485d06d36b8511fad6212f92 -> 
  custom:container-demuxer-ogg: 62fdf1f143b41e24485cea50d1cbac27 -> 
  custom:scripting/monoscript/fileName/MyDebug.cs: f3faef2d00c537158ab87ca513b25292 -> 
  custom:scripting/monoscript/fileName/MinMax.cs: 1c24b444ecff0bdeaf87d2edcb9d5029 -> 
  custom:scripting/monoscript/fileName/EditorDocumentation.cs: 934fb06e6a0b5b2798793a45828d3d5f -> 
  custom:scripting/monoscript/fileName/Effect_PerVertex.cs: 3f70f7fc3d4f9bfb1e10cd5e53684ee7 -> 
  custom:video-decoder-ogg-theora: a1e56fd34408186e4bbccfd4996cb3dc -> 
  custom:scripting/monoscript/fileName/MySerializedProperty.cs: 782cc9e912ef11023f0b93b5cae175e2 -> 
  custom:scripting/monoscript/fileName/CompositeEffectEditor.cs: 271d2f481fc4dff6734c055f2943e5d2 -> 
  custom:scripting/monoscript/fileName/TextEffect_Base.cs: 1b9a39eb3f7eb4d420cb56ed888ca97e -> 
  custom:scripting/monoscript/fileName/Effect_Scale.cs: 24350027199be1e1c520c27be9f8fbb9 -> 
  custom:scripting/monoscript/fileName/Effect_Color.cs: f5bc93c86b81ba37fa611632e3ecfb7f -> 
  custom:scripting/monoscript/fileName/Effect_Composite.cs: f3f7d32be82537fa78159e8943c1f1a7 -> 
  custom:CustomObjectIndexerAttribute: 756ad292c208cfabdd7b50bc23989ffe -> 
  custom:scripting/monoscript/fileName/TextEffectInstance.cs: 8d710191666e5c8cce9c6d33f66fafeb -> 
  custom:container-demuxer-webm: 4f35f7cbe854078d1ac9338744f61a02 -> 
  custom:scripting/monoscript/fileName/ButtonMethodAttribute.cs: cf389342635f998ab935cfcb5ae933df -> 
  custom:scripting/monoscript/fileName/ToggleDocAttribute.cs: d3c69a3f433376abbde86a297f4193a9 -> 
  custom:scripting/monoscript/fileName/MyHandles.cs: cc579ce2a9f371e54e4420275e0ac078 -> 
  custom:scripting/monoscript/fileName/ConditionalUtility.cs: 1205d2bd05e1eefe510065c234dd0f0e -> 
  custom:scripting/monoscript/fileName/MyCommonConstants.cs: afab7efaf9564dc9a7324c32dd196775 -> 
  custom:scripting/monoscript/fileName/CustomDrawerUtility.cs: 4fd84f09df56fbc0319d9bd7f922e98c -> 
  custom:container-muxer-webm: aa71ff27fc2769a1b78a27578f13a17b -> 
  custom:video-decoder-webm-vp8: 9c59270c3fd7afecdb556c50c9e8de78 -> 
  custom:SearchIndexIgnoredProperties: e643bd26f0fe6173181afceb89e7c659 -> 
  custom:AudioImporter_EditorPlatform: 3918e3fc78b5a79bad01e8451be0beb8 -> 
  custom:scripting/monoscript/fileName/ToggleDocAttributeDrawer.cs: e106f856849e4750d3809a4f241b1be2 -> 
  custom:scripting/monoscript/fileName/TextEffectEditor.cs: d3d8a1e5c2004b60d32f761eb093cf1b -> 
  custom:scripting/monoscript/fileName/MyColor.cs: 11671538b011fd3f337af43bc02e0c13 -> 
  custom:scripting/monoscript/fileName/AttributeBase.cs: d4cbb11724ea712d431b5cd07124907e -> 
  custom:scripting/monoscript/fileName/FoldBoxAttributeDrawer.cs: 7cddfc9687649703e6a68527865794bc -> 
  custom:scripting/monoscript/fileName/ConditionalFieldAttribute.cs: e6d9fd24956977713db9ec59b2642d84 -> 
  custom:scripting/monoscript/fileName/Effect_Move.cs: ef5516b861ddd6742709a32c4d74ed0d -> 
  custom:framework-osx-AVFoundation: e770b220cccbd017edd2c1fefb359320 -> 
  custom:scripting/monoscript/fileName/MyAlgorithms.cs: af94dca5879ebeadb102964fe2ba4c2c -> 
  custom:scripting/monoscript/fileName/TagEffectsPreset.cs: 7660331b4e5025a0b81c1733075d5b78 -> 
  custom:scripting/monoscript/fileName/Effect_Rotate.cs: ffdcc32648b4f2ece65aebb867cbbb0e -> 
  custom:video-encoder-webm-vp8: eb34c28f22e8b96e1ab97ce403110664 -> 
  custom:audio-decoder-ogg-vorbis: bf7c407c2cedff20999df2af8eb42d56 -> 
  custom:scripting/monoscript/fileName/WarningsPool.cs: fe4fa1866c40657be6a51b3604c9b41a -> 
  custom:scripting/monoscript/fileName/MyString.cs: 37ddb2560db549b377c16ed27598cb79 -> 
  custom:scripting/monoscript/fileName/TextEffectStatus.cs: 0d9a417212ada6670935a5511afc12b9 -> 
  custom:scripting/monoscript/fileName/TextEffect.cs: b3399054379a13f493415819f2b26d02 -> 
  custom:scripting/monoscript/fileName/MinMaxRangeAttribute.cs: 290170215b5b7bdd3fb5340a79339fb0 -> 
  custom:scripting/monoscript/fileName/AttributeBaseDrawer.cs: 26c86ce1d32ef473ff54fac3b3f34384 -> 
  custom:scripting/monoscript/fileName/ConditionalData.cs: 31d8359f80de1f6456e27c8f052f735f -> 
  custom:scripting/monoscript/fileName/CollectionWrapper.cs: 1d692121383b052bc3c42bd312cb03d9 -> 
  custom:audio-encoder-webm-vorbis: bf7c407c2cedff20999df2af8eb42d56 -> 
  custom:scripting/monoscript/fileName/TimeUtil.cs: f1db10614389fe8436f67f4138e33eab -> 
  custom:scripting/monoscript/fileName/MyCollections.cs: 1573b6e8eec6809de8e4f734cd42ac53 -> 
  custom:scripting/monoscript/fileName/PerVertexEffectEditor.cs: 0e08baf525303c472bfaf41752a7f457 -> 
  custom:scripting/monoscript/fileName/MyReflection.cs: 912dd491c7847901aa49939904b2f1dd -> 
========================================================================
Received Prepare
Begin MonoManager ReloadAssembly
Thread 0x30bd93000 may have been prematurely finalized
- Loaded All Assemblies, in  0.397 seconds
Refreshing native plugins compatible for Editor in 1.18 ms, found 2 plugins.
Native extension for WindowsStandalone target not found
Native extension for AppleTV target not found
Native extension for iOS target not found
Native extension for OSXStandalone target not found
Native extension for WebGL target not found
Mono: successfully reloaded assembly
- Finished resetting the current domain, in  1.043 seconds
Domain Reload Profiling: 1441ms
	BeginReloadAssembly (125ms)
		ExecutionOrderSort (0ms)
		DisableScriptedObjects (5ms)
		BackupInstance (0ms)
		ReleaseScriptingObjects (0ms)
		CreateAndSetChildDomain (45ms)
	RebuildCommonClasses (48ms)
	RebuildNativeTypeToScriptingClass (15ms)
	initialDomainReloadingComplete (24ms)
	LoadAllAssembliesAndSetupDomain (185ms)
		LoadAssemblies (213ms)
		RebuildTransferFunctionScriptingTraits (0ms)
		AnalyzeDomain (18ms)
			TypeCache.Refresh (11ms)
				TypeCache.ScanAssembly (0ms)
			ScanForSourceGeneratedMonoScriptInfo (0ms)
			ResolveRequiredComponents (6ms)
	FinalizeReload (1044ms)
		ReleaseScriptCaches (0ms)
		RebuildScriptCaches (0ms)
		SetupLoadedEditorAssemblies (541ms)
			LogAssemblyErrors (0ms)
			InitializePlatformSupportModulesInManaged (25ms)
			SetLoadedEditorAssemblies (5ms)
			RefreshPlugins (0ms)
			BeforeProcessingInitializeOnLoad (60ms)
			ProcessInitializeOnLoadAttributes (428ms)
			ProcessInitializeOnLoadMethodAttributes (22ms)
			AfterProcessingInitializeOnLoad (1ms)
			EditorAssembliesLoaded (0ms)
		ExecutionOrderSort2 (0ms)
		AwakeInstancesAfterBackupRestoration (4ms)
Refreshing native plugins compatible for Editor in 1.11 ms, found 2 plugins.
Preloading 0 native plugins for Editor in 0.00 ms.
Unloading 3153 Unused Serialized files (Serialized files now loaded: 0)
Unloading 21 unused Assets / (31.2 KB). Loaded Objects now: 3767.
Memory consumption went from 431.5 MB to 431.4 MB.
Total: 3.364042 ms (FindLiveObjects: 0.163250 ms CreateObjectMapping: 0.065959 ms MarkObjects: 3.083458 ms  DeleteObjects: 0.050375 ms)

Prepare: number of updated asset objects reloaded= 0
AssetImportParameters requested are different than current active one (requested -> active):
  custom:scripting/monoscript/fileName/GlobalTextEffectEntry.cs: c33c6024380cd43b3456fe6aea6f41ce -> 
  custom:scripting/monoscript/fileName/FoldBoxAttribute.cs: 66ff91a3485d06d36b8511fad6212f92 -> 
  custom:container-demuxer-ogg: 62fdf1f143b41e24485cea50d1cbac27 -> 
  custom:scripting/monoscript/fileName/MyDebug.cs: f3faef2d00c537158ab87ca513b25292 -> 
  custom:scripting/monoscript/fileName/MinMax.cs: 1c24b444ecff0bdeaf87d2edcb9d5029 -> 
  custom:scripting/monoscript/fileName/EditorDocumentation.cs: 934fb06e6a0b5b2798793a45828d3d5f -> 
  custom:scripting/monoscript/fileName/Effect_PerVertex.cs: 3f70f7fc3d4f9bfb1e10cd5e53684ee7 -> 
  custom:video-decoder-ogg-theora: a1e56fd34408186e4bbccfd4996cb3dc -> 
  custom:scripting/monoscript/fileName/MySerializedProperty.cs: 782cc9e912ef11023f0b93b5cae175e2 -> 
  custom:scripting/monoscript/fileName/CompositeEffectEditor.cs: 271d2f481fc4dff6734c055f2943e5d2 -> 
  custom:scripting/monoscript/fileName/TextEffect_Base.cs: 1b9a39eb3f7eb4d420cb56ed888ca97e -> 
  custom:scripting/monoscript/fileName/Effect_Scale.cs: 24350027199be1e1c520c27be9f8fbb9 -> 
  custom:scripting/monoscript/fileName/Effect_Color.cs: f5bc93c86b81ba37fa611632e3ecfb7f -> 
  custom:scripting/monoscript/fileName/Effect_Composite.cs: f3f7d32be82537fa78159e8943c1f1a7 -> 
  custom:CustomObjectIndexerAttribute: 756ad292c208cfabdd7b50bc23989ffe -> 
  custom:scripting/monoscript/fileName/TextEffectInstance.cs: 8d710191666e5c8cce9c6d33f66fafeb -> 
  custom:container-demuxer-webm: 4f35f7cbe854078d1ac9338744f61a02 -> 
  custom:scripting/monoscript/fileName/ButtonMethodAttribute.cs: cf389342635f998ab935cfcb5ae933df -> 
  custom:scripting/monoscript/fileName/ToggleDocAttribute.cs: d3c69a3f433376abbde86a297f4193a9 -> 
  custom:scripting/monoscript/fileName/MyHandles.cs: cc579ce2a9f371e54e4420275e0ac078 -> 
  custom:scripting/monoscript/fileName/ConditionalUtility.cs: 1205d2bd05e1eefe510065c234dd0f0e -> 
  custom:scripting/monoscript/fileName/MyCommonConstants.cs: afab7efaf9564dc9a7324c32dd196775 -> 
  custom:scripting/monoscript/fileName/CustomDrawerUtility.cs: 4fd84f09df56fbc0319d9bd7f922e98c -> 
  custom:container-muxer-webm: aa71ff27fc2769a1b78a27578f13a17b -> 
  custom:video-decoder-webm-vp8: 9c59270c3fd7afecdb556c50c9e8de78 -> 
  custom:SearchIndexIgnoredProperties: e643bd26f0fe6173181afceb89e7c659 -> 
  custom:AudioImporter_EditorPlatform: 3918e3fc78b5a79bad01e8451be0beb8 -> 
  custom:scripting/monoscript/fileName/ToggleDocAttributeDrawer.cs: e106f856849e4750d3809a4f241b1be2 -> 
  custom:scripting/monoscript/fileName/TextEffectEditor.cs: d3d8a1e5c2004b60d32f761eb093cf1b -> 
  custom:scripting/monoscript/fileName/MyColor.cs: 11671538b011fd3f337af43bc02e0c13 -> 
  custom:scripting/monoscript/fileName/AttributeBase.cs: d4cbb11724ea712d431b5cd07124907e -> 
  custom:scripting/monoscript/fileName/FoldBoxAttributeDrawer.cs: 7cddfc9687649703e6a68527865794bc -> 
  custom:scripting/monoscript/fileName/ConditionalFieldAttribute.cs: e6d9fd24956977713db9ec59b2642d84 -> 
  custom:scripting/monoscript/fileName/Effect_Move.cs: ef5516b861ddd6742709a32c4d74ed0d -> 
  custom:framework-osx-AVFoundation: e770b220cccbd017edd2c1fefb359320 -> 
  custom:scripting/monoscript/fileName/MyAlgorithms.cs: af94dca5879ebeadb102964fe2ba4c2c -> 
  custom:scripting/monoscript/fileName/TagEffectsPreset.cs: 7660331b4e5025a0b81c1733075d5b78 -> 
  custom:scripting/monoscript/fileName/Effect_Rotate.cs: ffdcc32648b4f2ece65aebb867cbbb0e -> 
  custom:video-encoder-webm-vp8: eb34c28f22e8b96e1ab97ce403110664 -> 
  custom:audio-decoder-ogg-vorbis: bf7c407c2cedff20999df2af8eb42d56 -> 
  custom:scripting/monoscript/fileName/WarningsPool.cs: fe4fa1866c40657be6a51b3604c9b41a -> 
  custom:scripting/monoscript/fileName/MyString.cs: 37ddb2560db549b377c16ed27598cb79 -> 
  custom:scripting/monoscript/fileName/TextEffectStatus.cs: 0d9a417212ada6670935a5511afc12b9 -> 
  custom:scripting/monoscript/fileName/TextEffect.cs: b3399054379a13f493415819f2b26d02 -> 
  custom:scripting/monoscript/fileName/MinMaxRangeAttribute.cs: 290170215b5b7bdd3fb5340a79339fb0 -> 
  custom:scripting/monoscript/fileName/AttributeBaseDrawer.cs: 26c86ce1d32ef473ff54fac3b3f34384 -> 
  custom:scripting/monoscript/fileName/ConditionalData.cs: 31d8359f80de1f6456e27c8f052f735f -> 
  custom:scripting/monoscript/fileName/CollectionWrapper.cs: 1d692121383b052bc3c42bd312cb03d9 -> 
  custom:audio-encoder-webm-vorbis: bf7c407c2cedff20999df2af8eb42d56 -> 
  custom:scripting/monoscript/fileName/TimeUtil.cs: f1db10614389fe8436f67f4138e33eab -> 
  custom:scripting/monoscript/fileName/MyCollections.cs: 1573b6e8eec6809de8e4f734cd42ac53 -> 
  custom:scripting/monoscript/fileName/PerVertexEffectEditor.cs: 0e08baf525303c472bfaf41752a7f457 -> 
  custom:scripting/monoscript/fileName/MyReflection.cs: 912dd491c7847901aa49939904b2f1dd -> 
========================================================================
Received Prepare
Begin MonoManager ReloadAssembly
Thread 0x30bd93000 may have been prematurely finalized
- Loaded All Assemblies, in  0.613 seconds
Refreshing native plugins compatible for Editor in 1.39 ms, found 2 plugins.
Native extension for WindowsStandalone target not found
Native extension for AppleTV target not found
Native extension for iOS target not found
Native extension for OSXStandalone target not found
Native extension for WebGL target not found
Mono: successfully reloaded assembly
- Finished resetting the current domain, in  0.975 seconds
Domain Reload Profiling: 1589ms
	BeginReloadAssembly (259ms)
		ExecutionOrderSort (0ms)
		DisableScriptedObjects (13ms)
		BackupInstance (0ms)
		ReleaseScriptingObjects (0ms)
		CreateAndSetChildDomain (104ms)
	RebuildCommonClasses (67ms)
	RebuildNativeTypeToScriptingClass (21ms)
	initialDomainReloadingComplete (37ms)
	LoadAllAssembliesAndSetupDomain (229ms)
		LoadAssemblies (287ms)
		RebuildTransferFunctionScriptingTraits (0ms)
		AnalyzeDomain (27ms)
			TypeCache.Refresh (14ms)
				TypeCache.ScanAssembly (0ms)
			ScanForSourceGeneratedMonoScriptInfo (0ms)
			ResolveRequiredComponents (11ms)
	FinalizeReload (976ms)
		ReleaseScriptCaches (0ms)
		RebuildScriptCaches (0ms)
		SetupLoadedEditorAssemblies (413ms)
			LogAssemblyErrors (0ms)
			InitializePlatformSupportModulesInManaged (27ms)
			SetLoadedEditorAssemblies (5ms)
			RefreshPlugins (0ms)
			BeforeProcessingInitializeOnLoad (57ms)
			ProcessInitializeOnLoadAttributes (290ms)
			ProcessInitializeOnLoadMethodAttributes (32ms)
			AfterProcessingInitializeOnLoad (2ms)
			EditorAssembliesLoaded (0ms)
		ExecutionOrderSort2 (0ms)
		AwakeInstancesAfterBackupRestoration (8ms)
Refreshing native plugins compatible for Editor in 1.14 ms, found 2 plugins.
Preloading 0 native plugins for Editor in 0.00 ms.
Unloading 3153 Unused Serialized files (Serialized files now loaded: 0)
Unloading 21 unused Assets / (31.2 KB). Loaded Objects now: 3770.
Memory consumption went from 438.4 MB to 438.3 MB.
Total: 3.622583 ms (FindLiveObjects: 0.160000 ms CreateObjectMapping: 0.059292 ms MarkObjects: 3.325042 ms  DeleteObjects: 0.077166 ms)

Prepare: number of updated asset objects reloaded= 0
AssetImportParameters requested are different than current active one (requested -> active):
  custom:scripting/monoscript/fileName/GlobalTextEffectEntry.cs: c33c6024380cd43b3456fe6aea6f41ce -> 
  custom:scripting/monoscript/fileName/FoldBoxAttribute.cs: 66ff91a3485d06d36b8511fad6212f92 -> 
  custom:container-demuxer-ogg: 62fdf1f143b41e24485cea50d1cbac27 -> 
  custom:scripting/monoscript/fileName/MyDebug.cs: f3faef2d00c537158ab87ca513b25292 -> 
  custom:scripting/monoscript/fileName/MinMax.cs: 1c24b444ecff0bdeaf87d2edcb9d5029 -> 
  custom:scripting/monoscript/fileName/EditorDocumentation.cs: 934fb06e6a0b5b2798793a45828d3d5f -> 
  custom:scripting/monoscript/fileName/Effect_PerVertex.cs: 3f70f7fc3d4f9bfb1e10cd5e53684ee7 -> 
  custom:video-decoder-ogg-theora: a1e56fd34408186e4bbccfd4996cb3dc -> 
  custom:scripting/monoscript/fileName/MySerializedProperty.cs: 782cc9e912ef11023f0b93b5cae175e2 -> 
  custom:scripting/monoscript/fileName/CompositeEffectEditor.cs: 271d2f481fc4dff6734c055f2943e5d2 -> 
  custom:scripting/monoscript/fileName/TextEffect_Base.cs: 1b9a39eb3f7eb4d420cb56ed888ca97e -> 
  custom:scripting/monoscript/fileName/Effect_Scale.cs: 24350027199be1e1c520c27be9f8fbb9 -> 
  custom:scripting/monoscript/fileName/Effect_Color.cs: f5bc93c86b81ba37fa611632e3ecfb7f -> 
  custom:scripting/monoscript/fileName/Effect_Composite.cs: f3f7d32be82537fa78159e8943c1f1a7 -> 
  custom:CustomObjectIndexerAttribute: 756ad292c208cfabdd7b50bc23989ffe -> 
  custom:scripting/monoscript/fileName/TextEffectInstance.cs: 8d710191666e5c8cce9c6d33f66fafeb -> 
  custom:container-demuxer-webm: 4f35f7cbe854078d1ac9338744f61a02 -> 
  custom:scripting/monoscript/fileName/ButtonMethodAttribute.cs: cf389342635f998ab935cfcb5ae933df -> 
  custom:scripting/monoscript/fileName/ToggleDocAttribute.cs: d3c69a3f433376abbde86a297f4193a9 -> 
  custom:scripting/monoscript/fileName/MyHandles.cs: cc579ce2a9f371e54e4420275e0ac078 -> 
  custom:scripting/monoscript/fileName/ConditionalUtility.cs: 1205d2bd05e1eefe510065c234dd0f0e -> 
  custom:scripting/monoscript/fileName/MyCommonConstants.cs: afab7efaf9564dc9a7324c32dd196775 -> 
  custom:scripting/monoscript/fileName/CustomDrawerUtility.cs: 4fd84f09df56fbc0319d9bd7f922e98c -> 
  custom:container-muxer-webm: aa71ff27fc2769a1b78a27578f13a17b -> 
  custom:video-decoder-webm-vp8: 9c59270c3fd7afecdb556c50c9e8de78 -> 
  custom:SearchIndexIgnoredProperties: e643bd26f0fe6173181afceb89e7c659 -> 
  custom:AudioImporter_EditorPlatform: 3918e3fc78b5a79bad01e8451be0beb8 -> 
  custom:scripting/monoscript/fileName/ToggleDocAttributeDrawer.cs: e106f856849e4750d3809a4f241b1be2 -> 
  custom:scripting/monoscript/fileName/TextEffectEditor.cs: d3d8a1e5c2004b60d32f761eb093cf1b -> 
  custom:scripting/monoscript/fileName/MyColor.cs: 11671538b011fd3f337af43bc02e0c13 -> 
  custom:scripting/monoscript/fileName/AttributeBase.cs: d4cbb11724ea712d431b5cd07124907e -> 
  custom:scripting/monoscript/fileName/FoldBoxAttributeDrawer.cs: 7cddfc9687649703e6a68527865794bc -> 
  custom:scripting/monoscript/fileName/ConditionalFieldAttribute.cs: e6d9fd24956977713db9ec59b2642d84 -> 
  custom:scripting/monoscript/fileName/Effect_Move.cs: ef5516b861ddd6742709a32c4d74ed0d -> 
  custom:framework-osx-AVFoundation: e770b220cccbd017edd2c1fefb359320 -> 
  custom:scripting/monoscript/fileName/MyAlgorithms.cs: af94dca5879ebeadb102964fe2ba4c2c -> 
  custom:scripting/monoscript/fileName/TagEffectsPreset.cs: 7660331b4e5025a0b81c1733075d5b78 -> 
  custom:scripting/monoscript/fileName/Effect_Rotate.cs: ffdcc32648b4f2ece65aebb867cbbb0e -> 
  custom:video-encoder-webm-vp8: eb34c28f22e8b96e1ab97ce403110664 -> 
  custom:audio-decoder-ogg-vorbis: bf7c407c2cedff20999df2af8eb42d56 -> 
  custom:scripting/monoscript/fileName/WarningsPool.cs: fe4fa1866c40657be6a51b3604c9b41a -> 
  custom:scripting/monoscript/fileName/MyString.cs: 37ddb2560db549b377c16ed27598cb79 -> 
  custom:scripting/monoscript/fileName/TextEffectStatus.cs: 0d9a417212ada6670935a5511afc12b9 -> 
  custom:scripting/monoscript/fileName/TextEffect.cs: b3399054379a13f493415819f2b26d02 -> 
  custom:scripting/monoscript/fileName/MinMaxRangeAttribute.cs: 290170215b5b7bdd3fb5340a79339fb0 -> 
  custom:scripting/monoscript/fileName/AttributeBaseDrawer.cs: 26c86ce1d32ef473ff54fac3b3f34384 -> 
  custom:scripting/monoscript/fileName/ConditionalData.cs: 31d8359f80de1f6456e27c8f052f735f -> 
  custom:scripting/monoscript/fileName/CollectionWrapper.cs: 1d692121383b052bc3c42bd312cb03d9 -> 
  custom:audio-encoder-webm-vorbis: bf7c407c2cedff20999df2af8eb42d56 -> 
  custom:scripting/monoscript/fileName/TimeUtil.cs: f1db10614389fe8436f67f4138e33eab -> 
  custom:scripting/monoscript/fileName/MyCollections.cs: 1573b6e8eec6809de8e4f734cd42ac53 -> 
  custom:scripting/monoscript/fileName/PerVertexEffectEditor.cs: 0e08baf525303c472bfaf41752a7f457 -> 
  custom:scripting/monoscript/fileName/MyReflection.cs: 912dd491c7847901aa49939904b2f1dd -> 
========================================================================
Received Prepare
Begin MonoManager ReloadAssembly
Thread 0x30bd07000 may have been prematurely finalized
- Loaded All Assemblies, in  0.529 seconds
Refreshing native plugins compatible for Editor in 1.58 ms, found 2 plugins.
Native extension for WindowsStandalone target not found
Native extension for AppleTV target not found
Native extension for iOS target not found
Native extension for OSXStandalone target not found
Native extension for WebGL target not found
Mono: successfully reloaded assembly
- Finished resetting the current domain, in  1.043 seconds
Domain Reload Profiling: 1573ms
	BeginReloadAssembly (160ms)
		ExecutionOrderSort (0ms)
		DisableScriptedObjects (6ms)
		BackupInstance (0ms)
		ReleaseScriptingObjects (0ms)
		CreateAndSetChildDomain (65ms)
	RebuildCommonClasses (51ms)
	RebuildNativeTypeToScriptingClass (18ms)
	initialDomainReloadingComplete (68ms)
	LoadAllAssembliesAndSetupDomain (232ms)
		LoadAssemblies (266ms)
		RebuildTransferFunctionScriptingTraits (0ms)
		AnalyzeDomain (22ms)
			TypeCache.Refresh (11ms)
				TypeCache.ScanAssembly (0ms)
			ScanForSourceGeneratedMonoScriptInfo (0ms)
			ResolveRequiredComponents (9ms)
	FinalizeReload (1044ms)
		ReleaseScriptCaches (0ms)
		RebuildScriptCaches (0ms)
		SetupLoadedEditorAssemblies (413ms)
			LogAssemblyErrors (0ms)
			InitializePlatformSupportModulesInManaged (26ms)
			SetLoadedEditorAssemblies (5ms)
			RefreshPlugins (0ms)
			BeforeProcessingInitializeOnLoad (60ms)
			ProcessInitializeOnLoadAttributes (297ms)
			ProcessInitializeOnLoadMethodAttributes (24ms)
			AfterProcessingInitializeOnLoad (1ms)
			EditorAssembliesLoaded (0ms)
		ExecutionOrderSort2 (0ms)
		AwakeInstancesAfterBackupRestoration (5ms)
Refreshing native plugins compatible for Editor in 2.05 ms, found 2 plugins.
Preloading 0 native plugins for Editor in 0.00 ms.
Unloading 3153 Unused Serialized files (Serialized files now loaded: 0)
Unloading 21 unused Assets / (31.3 KB). Loaded Objects now: 3773.
Memory consumption went from 445.3 MB to 445.3 MB.
Total: 5.529000 ms (FindLiveObjects: 0.222708 ms CreateObjectMapping: 0.106875 ms MarkObjects: 5.117375 ms  DeleteObjects: 0.080417 ms)

Prepare: number of updated asset objects reloaded= 0
AssetImportParameters requested are different than current active one (requested -> active):
  custom:scripting/monoscript/fileName/GlobalTextEffectEntry.cs: c33c6024380cd43b3456fe6aea6f41ce -> 
  custom:scripting/monoscript/fileName/FoldBoxAttribute.cs: 66ff91a3485d06d36b8511fad6212f92 -> 
  custom:container-demuxer-ogg: 62fdf1f143b41e24485cea50d1cbac27 -> 
  custom:scripting/monoscript/fileName/MyDebug.cs: f3faef2d00c537158ab87ca513b25292 -> 
  custom:scripting/monoscript/fileName/MinMax.cs: 1c24b444ecff0bdeaf87d2edcb9d5029 -> 
  custom:scripting/monoscript/fileName/EditorDocumentation.cs: 934fb06e6a0b5b2798793a45828d3d5f -> 
  custom:scripting/monoscript/fileName/Effect_PerVertex.cs: 3f70f7fc3d4f9bfb1e10cd5e53684ee7 -> 
  custom:video-decoder-ogg-theora: a1e56fd34408186e4bbccfd4996cb3dc -> 
  custom:scripting/monoscript/fileName/MySerializedProperty.cs: 782cc9e912ef11023f0b93b5cae175e2 -> 
  custom:scripting/monoscript/fileName/CompositeEffectEditor.cs: 271d2f481fc4dff6734c055f2943e5d2 -> 
  custom:scripting/monoscript/fileName/TextEffect_Base.cs: 1b9a39eb3f7eb4d420cb56ed888ca97e -> 
  custom:scripting/monoscript/fileName/Effect_Scale.cs: 24350027199be1e1c520c27be9f8fbb9 -> 
  custom:scripting/monoscript/fileName/Effect_Color.cs: f5bc93c86b81ba37fa611632e3ecfb7f -> 
  custom:scripting/monoscript/fileName/Effect_Composite.cs: f3f7d32be82537fa78159e8943c1f1a7 -> 
  custom:CustomObjectIndexerAttribute: 756ad292c208cfabdd7b50bc23989ffe -> 
  custom:scripting/monoscript/fileName/TextEffectInstance.cs: 8d710191666e5c8cce9c6d33f66fafeb -> 
  custom:container-demuxer-webm: 4f35f7cbe854078d1ac9338744f61a02 -> 
  custom:scripting/monoscript/fileName/ButtonMethodAttribute.cs: cf389342635f998ab935cfcb5ae933df -> 
  custom:scripting/monoscript/fileName/ToggleDocAttribute.cs: d3c69a3f433376abbde86a297f4193a9 -> 
  custom:scripting/monoscript/fileName/MyHandles.cs: cc579ce2a9f371e54e4420275e0ac078 -> 
  custom:scripting/monoscript/fileName/ConditionalUtility.cs: 1205d2bd05e1eefe510065c234dd0f0e -> 
  custom:scripting/monoscript/fileName/MyCommonConstants.cs: afab7efaf9564dc9a7324c32dd196775 -> 
  custom:scripting/monoscript/fileName/CustomDrawerUtility.cs: 4fd84f09df56fbc0319d9bd7f922e98c -> 
  custom:container-muxer-webm: aa71ff27fc2769a1b78a27578f13a17b -> 
  custom:video-decoder-webm-vp8: 9c59270c3fd7afecdb556c50c9e8de78 -> 
  custom:SearchIndexIgnoredProperties: e643bd26f0fe6173181afceb89e7c659 -> 
  custom:AudioImporter_EditorPlatform: 3918e3fc78b5a79bad01e8451be0beb8 -> 
  custom:scripting/monoscript/fileName/ToggleDocAttributeDrawer.cs: e106f856849e4750d3809a4f241b1be2 -> 
  custom:scripting/monoscript/fileName/TextEffectEditor.cs: d3d8a1e5c2004b60d32f761eb093cf1b -> 
  custom:scripting/monoscript/fileName/MyColor.cs: 11671538b011fd3f337af43bc02e0c13 -> 
  custom:scripting/monoscript/fileName/AttributeBase.cs: d4cbb11724ea712d431b5cd07124907e -> 
  custom:scripting/monoscript/fileName/FoldBoxAttributeDrawer.cs: 7cddfc9687649703e6a68527865794bc -> 
  custom:scripting/monoscript/fileName/ConditionalFieldAttribute.cs: e6d9fd24956977713db9ec59b2642d84 -> 
  custom:scripting/monoscript/fileName/Effect_Move.cs: ef5516b861ddd6742709a32c4d74ed0d -> 
  custom:framework-osx-AVFoundation: e770b220cccbd017edd2c1fefb359320 -> 
  custom:scripting/monoscript/fileName/MyAlgorithms.cs: af94dca5879ebeadb102964fe2ba4c2c -> 
  custom:scripting/monoscript/fileName/TagEffectsPreset.cs: 7660331b4e5025a0b81c1733075d5b78 -> 
  custom:scripting/monoscript/fileName/Effect_Rotate.cs: ffdcc32648b4f2ece65aebb867cbbb0e -> 
  custom:video-encoder-webm-vp8: eb34c28f22e8b96e1ab97ce403110664 -> 
  custom:audio-decoder-ogg-vorbis: bf7c407c2cedff20999df2af8eb42d56 -> 
  custom:scripting/monoscript/fileName/WarningsPool.cs: fe4fa1866c40657be6a51b3604c9b41a -> 
  custom:scripting/monoscript/fileName/MyString.cs: 37ddb2560db549b377c16ed27598cb79 -> 
  custom:scripting/monoscript/fileName/TextEffectStatus.cs: 0d9a417212ada6670935a5511afc12b9 -> 
  custom:scripting/monoscript/fileName/TextEffect.cs: b3399054379a13f493415819f2b26d02 -> 
  custom:scripting/monoscript/fileName/MinMaxRangeAttribute.cs: 290170215b5b7bdd3fb5340a79339fb0 -> 
  custom:scripting/monoscript/fileName/AttributeBaseDrawer.cs: 26c86ce1d32ef473ff54fac3b3f34384 -> 
  custom:scripting/monoscript/fileName/ConditionalData.cs: 31d8359f80de1f6456e27c8f052f735f -> 
  custom:scripting/monoscript/fileName/CollectionWrapper.cs: 1d692121383b052bc3c42bd312cb03d9 -> 
  custom:audio-encoder-webm-vorbis: bf7c407c2cedff20999df2af8eb42d56 -> 
  custom:scripting/monoscript/fileName/TimeUtil.cs: f1db10614389fe8436f67f4138e33eab -> 
  custom:scripting/monoscript/fileName/MyCollections.cs: 1573b6e8eec6809de8e4f734cd42ac53 -> 
  custom:scripting/monoscript/fileName/PerVertexEffectEditor.cs: 0e08baf525303c472bfaf41752a7f457 -> 
  custom:scripting/monoscript/fileName/MyReflection.cs: 912dd491c7847901aa49939904b2f1dd -> 
========================================================================
Received Prepare
Begin MonoManager ReloadAssembly
Thread 0x30bd93000 may have been prematurely finalized
- Loaded All Assemblies, in  0.467 seconds
Refreshing native plugins compatible for Editor in 1.21 ms, found 2 plugins.
Native extension for WindowsStandalone target not found
Native extension for AppleTV target not found
Native extension for iOS target not found
Native extension for OSXStandalone target not found
Native extension for WebGL target not found
Mono: successfully reloaded assembly
- Finished resetting the current domain, in  1.205 seconds
Domain Reload Profiling: 1672ms
	BeginReloadAssembly (173ms)
		ExecutionOrderSort (0ms)
		DisableScriptedObjects (7ms)
		BackupInstance (0ms)
		ReleaseScriptingObjects (0ms)
		CreateAndSetChildDomain (72ms)
	RebuildCommonClasses (48ms)
	RebuildNativeTypeToScriptingClass (16ms)
	initialDomainReloadingComplete (25ms)
	LoadAllAssembliesAndSetupDomain (205ms)
		LoadAssemblies (242ms)
		RebuildTransferFunctionScriptingTraits (0ms)
		AnalyzeDomain (17ms)
			TypeCache.Refresh (10ms)
				TypeCache.ScanAssembly (0ms)
			ScanForSourceGeneratedMonoScriptInfo (0ms)
			ResolveRequiredComponents (6ms)
	FinalizeReload (1205ms)
		ReleaseScriptCaches (0ms)
		RebuildScriptCaches (0ms)
		SetupLoadedEditorAssemblies (608ms)
			LogAssemblyErrors (0ms)
			InitializePlatformSupportModulesInManaged (29ms)
			SetLoadedEditorAssemblies (6ms)
			RefreshPlugins (0ms)
			BeforeProcessingInitializeOnLoad (64ms)
			ProcessInitializeOnLoadAttributes (482ms)
			ProcessInitializeOnLoadMethodAttributes (27ms)
			AfterProcessingInitializeOnLoad (1ms)
			EditorAssembliesLoaded (0ms)
		ExecutionOrderSort2 (0ms)
		AwakeInstancesAfterBackupRestoration (5ms)
Refreshing native plugins compatible for Editor in 1.15 ms, found 2 plugins.
Preloading 0 native plugins for Editor in 0.00 ms.
Unloading 3153 Unused Serialized files (Serialized files now loaded: 0)
Unloading 21 unused Assets / (31.2 KB). Loaded Objects now: 3776.
Memory consumption went from 452.2 MB to 452.2 MB.
Total: 3.515459 ms (FindLiveObjects: 0.152875 ms CreateObjectMapping: 0.062500 ms MarkObjects: 3.250375 ms  DeleteObjects: 0.048625 ms)

Prepare: number of updated asset objects reloaded= 0
AssetImportParameters requested are different than current active one (requested -> active):
  custom:scripting/monoscript/fileName/GlobalTextEffectEntry.cs: c33c6024380cd43b3456fe6aea6f41ce -> 
  custom:scripting/monoscript/fileName/FoldBoxAttribute.cs: 66ff91a3485d06d36b8511fad6212f92 -> 
  custom:container-demuxer-ogg: 62fdf1f143b41e24485cea50d1cbac27 -> 
  custom:scripting/monoscript/fileName/MyDebug.cs: f3faef2d00c537158ab87ca513b25292 -> 
  custom:scripting/monoscript/fileName/MinMax.cs: 1c24b444ecff0bdeaf87d2edcb9d5029 -> 
  custom:scripting/monoscript/fileName/EditorDocumentation.cs: 934fb06e6a0b5b2798793a45828d3d5f -> 
  custom:scripting/monoscript/fileName/Effect_PerVertex.cs: 3f70f7fc3d4f9bfb1e10cd5e53684ee7 -> 
  custom:video-decoder-ogg-theora: a1e56fd34408186e4bbccfd4996cb3dc -> 
  custom:scripting/monoscript/fileName/MySerializedProperty.cs: 782cc9e912ef11023f0b93b5cae175e2 -> 
  custom:scripting/monoscript/fileName/CompositeEffectEditor.cs: 271d2f481fc4dff6734c055f2943e5d2 -> 
  custom:scripting/monoscript/fileName/TextEffect_Base.cs: 1b9a39eb3f7eb4d420cb56ed888ca97e -> 
  custom:scripting/monoscript/fileName/Effect_Scale.cs: 24350027199be1e1c520c27be9f8fbb9 -> 
  custom:scripting/monoscript/fileName/Effect_Color.cs: f5bc93c86b81ba37fa611632e3ecfb7f -> 
  custom:scripting/monoscript/fileName/Effect_Composite.cs: f3f7d32be82537fa78159e8943c1f1a7 -> 
  custom:CustomObjectIndexerAttribute: 756ad292c208cfabdd7b50bc23989ffe -> 
  custom:scripting/monoscript/fileName/TextEffectInstance.cs: 8d710191666e5c8cce9c6d33f66fafeb -> 
  custom:container-demuxer-webm: 4f35f7cbe854078d1ac9338744f61a02 -> 
  custom:scripting/monoscript/fileName/ButtonMethodAttribute.cs: cf389342635f998ab935cfcb5ae933df -> 
  custom:scripting/monoscript/fileName/ToggleDocAttribute.cs: d3c69a3f433376abbde86a297f4193a9 -> 
  custom:scripting/monoscript/fileName/MyHandles.cs: cc579ce2a9f371e54e4420275e0ac078 -> 
  custom:scripting/monoscript/fileName/ConditionalUtility.cs: 1205d2bd05e1eefe510065c234dd0f0e -> 
  custom:scripting/monoscript/fileName/MyCommonConstants.cs: afab7efaf9564dc9a7324c32dd196775 -> 
  custom:scripting/monoscript/fileName/CustomDrawerUtility.cs: 4fd84f09df56fbc0319d9bd7f922e98c -> 
  custom:container-muxer-webm: aa71ff27fc2769a1b78a27578f13a17b -> 
  custom:video-decoder-webm-vp8: 9c59270c3fd7afecdb556c50c9e8de78 -> 
  custom:SearchIndexIgnoredProperties: e643bd26f0fe6173181afceb89e7c659 -> 
  custom:AudioImporter_EditorPlatform: 3918e3fc78b5a79bad01e8451be0beb8 -> 
  custom:scripting/monoscript/fileName/ToggleDocAttributeDrawer.cs: e106f856849e4750d3809a4f241b1be2 -> 
  custom:scripting/monoscript/fileName/TextEffectEditor.cs: d3d8a1e5c2004b60d32f761eb093cf1b -> 
  custom:scripting/monoscript/fileName/MyColor.cs: 11671538b011fd3f337af43bc02e0c13 -> 
  custom:scripting/monoscript/fileName/AttributeBase.cs: d4cbb11724ea712d431b5cd07124907e -> 
  custom:scripting/monoscript/fileName/FoldBoxAttributeDrawer.cs: 7cddfc9687649703e6a68527865794bc -> 
  custom:scripting/monoscript/fileName/ConditionalFieldAttribute.cs: e6d9fd24956977713db9ec59b2642d84 -> 
  custom:scripting/monoscript/fileName/Effect_Move.cs: ef5516b861ddd6742709a32c4d74ed0d -> 
  custom:framework-osx-AVFoundation: e770b220cccbd017edd2c1fefb359320 -> 
  custom:scripting/monoscript/fileName/MyAlgorithms.cs: af94dca5879ebeadb102964fe2ba4c2c -> 
  custom:scripting/monoscript/fileName/TagEffectsPreset.cs: 7660331b4e5025a0b81c1733075d5b78 -> 
  custom:scripting/monoscript/fileName/Effect_Rotate.cs: ffdcc32648b4f2ece65aebb867cbbb0e -> 
  custom:video-encoder-webm-vp8: eb34c28f22e8b96e1ab97ce403110664 -> 
  custom:audio-decoder-ogg-vorbis: bf7c407c2cedff20999df2af8eb42d56 -> 
  custom:scripting/monoscript/fileName/WarningsPool.cs: fe4fa1866c40657be6a51b3604c9b41a -> 
  custom:scripting/monoscript/fileName/MyString.cs: 37ddb2560db549b377c16ed27598cb79 -> 
  custom:scripting/monoscript/fileName/TextEffectStatus.cs: 0d9a417212ada6670935a5511afc12b9 -> 
  custom:scripting/monoscript/fileName/TextEffect.cs: b3399054379a13f493415819f2b26d02 -> 
  custom:scripting/monoscript/fileName/MinMaxRangeAttribute.cs: 290170215b5b7bdd3fb5340a79339fb0 -> 
  custom:scripting/monoscript/fileName/AttributeBaseDrawer.cs: 26c86ce1d32ef473ff54fac3b3f34384 -> 
  custom:scripting/monoscript/fileName/ConditionalData.cs: 31d8359f80de1f6456e27c8f052f735f -> 
  custom:scripting/monoscript/fileName/CollectionWrapper.cs: 1d692121383b052bc3c42bd312cb03d9 -> 
  custom:audio-encoder-webm-vorbis: bf7c407c2cedff20999df2af8eb42d56 -> 
  custom:scripting/monoscript/fileName/TimeUtil.cs: f1db10614389fe8436f67f4138e33eab -> 
  custom:scripting/monoscript/fileName/MyCollections.cs: 1573b6e8eec6809de8e4f734cd42ac53 -> 
  custom:scripting/monoscript/fileName/PerVertexEffectEditor.cs: 0e08baf525303c472bfaf41752a7f457 -> 
  custom:scripting/monoscript/fileName/MyReflection.cs: 912dd491c7847901aa49939904b2f1dd -> 
========================================================================
Received Prepare
Begin MonoManager ReloadAssembly
Thread 0x30bd93000 may have been prematurely finalized
- Loaded All Assemblies, in  0.574 seconds
Refreshing native plugins compatible for Editor in 1.62 ms, found 2 plugins.
Native extension for WindowsStandalone target not found
Native extension for AppleTV target not found
Native extension for iOS target not found
Native extension for OSXStandalone target not found
Native extension for WebGL target not found
Mono: successfully reloaded assembly
- Finished resetting the current domain, in  0.856 seconds
Domain Reload Profiling: 1430ms
	BeginReloadAssembly (194ms)
		ExecutionOrderSort (0ms)
		DisableScriptedObjects (6ms)
		BackupInstance (0ms)
		ReleaseScriptingObjects (0ms)
		CreateAndSetChildDomain (59ms)
	RebuildCommonClasses (63ms)
	RebuildNativeTypeToScriptingClass (19ms)
	initialDomainReloadingComplete (33ms)
	LoadAllAssembliesAndSetupDomain (266ms)
		LoadAssemblies (313ms)
		RebuildTransferFunctionScriptingTraits (0ms)
		AnalyzeDomain (49ms)
			TypeCache.Refresh (24ms)
				TypeCache.ScanAssembly (2ms)
			ScanForSourceGeneratedMonoScriptInfo (15ms)
			ResolveRequiredComponents (9ms)
	FinalizeReload (856ms)
		ReleaseScriptCaches (0ms)
		RebuildScriptCaches (0ms)
		SetupLoadedEditorAssemblies (355ms)
			LogAssemblyErrors (0ms)
			InitializePlatformSupportModulesInManaged (24ms)
			SetLoadedEditorAssemblies (5ms)
			RefreshPlugins (0ms)
			BeforeProcessingInitializeOnLoad (54ms)
			ProcessInitializeOnLoadAttributes (254ms)
			ProcessInitializeOnLoadMethodAttributes (18ms)
			AfterProcessingInitializeOnLoad (1ms)
			EditorAssembliesLoaded (0ms)
		ExecutionOrderSort2 (0ms)
		AwakeInstancesAfterBackupRestoration (3ms)
Refreshing native plugins compatible for Editor in 1.05 ms, found 2 plugins.
Preloading 0 native plugins for Editor in 0.00 ms.
Unloading 3153 Unused Serialized files (Serialized files now loaded: 0)
Unloading 21 unused Assets / (31.2 KB). Loaded Objects now: 3779.
Memory consumption went from 459.1 MB to 459.1 MB.
Total: 3.282292 ms (FindLiveObjects: 0.145625 ms CreateObjectMapping: 0.058750 ms MarkObjects: 3.025250 ms  DeleteObjects: 0.051792 ms)

Prepare: number of updated asset objects reloaded= 0
AssetImportParameters requested are different than current active one (requested -> active):
  custom:scripting/monoscript/fileName/GlobalTextEffectEntry.cs: c33c6024380cd43b3456fe6aea6f41ce -> 
  custom:scripting/monoscript/fileName/FoldBoxAttribute.cs: 66ff91a3485d06d36b8511fad6212f92 -> 
  custom:container-demuxer-ogg: 62fdf1f143b41e24485cea50d1cbac27 -> 
  custom:scripting/monoscript/fileName/MyDebug.cs: f3faef2d00c537158ab87ca513b25292 -> 
  custom:scripting/monoscript/fileName/MinMax.cs: 1c24b444ecff0bdeaf87d2edcb9d5029 -> 
  custom:scripting/monoscript/fileName/EditorDocumentation.cs: 934fb06e6a0b5b2798793a45828d3d5f -> 
  custom:scripting/monoscript/fileName/Effect_PerVertex.cs: 3f70f7fc3d4f9bfb1e10cd5e53684ee7 -> 
  custom:video-decoder-ogg-theora: a1e56fd34408186e4bbccfd4996cb3dc -> 
  custom:scripting/monoscript/fileName/MySerializedProperty.cs: 782cc9e912ef11023f0b93b5cae175e2 -> 
  custom:scripting/monoscript/fileName/CompositeEffectEditor.cs: 271d2f481fc4dff6734c055f2943e5d2 -> 
  custom:scripting/monoscript/fileName/TextEffect_Base.cs: 1b9a39eb3f7eb4d420cb56ed888ca97e -> 
  custom:scripting/monoscript/fileName/Effect_Scale.cs: 24350027199be1e1c520c27be9f8fbb9 -> 
  custom:scripting/monoscript/fileName/Effect_Color.cs: f5bc93c86b81ba37fa611632e3ecfb7f -> 
  custom:scripting/monoscript/fileName/Effect_Composite.cs: f3f7d32be82537fa78159e8943c1f1a7 -> 
  custom:CustomObjectIndexerAttribute: 756ad292c208cfabdd7b50bc23989ffe -> 
  custom:scripting/monoscript/fileName/TextEffectInstance.cs: 8d710191666e5c8cce9c6d33f66fafeb -> 
  custom:container-demuxer-webm: 4f35f7cbe854078d1ac9338744f61a02 -> 
  custom:scripting/monoscript/fileName/ButtonMethodAttribute.cs: cf389342635f998ab935cfcb5ae933df -> 
  custom:scripting/monoscript/fileName/ToggleDocAttribute.cs: d3c69a3f433376abbde86a297f4193a9 -> 
  custom:scripting/monoscript/fileName/MyHandles.cs: cc579ce2a9f371e54e4420275e0ac078 -> 
  custom:scripting/monoscript/fileName/ConditionalUtility.cs: 1205d2bd05e1eefe510065c234dd0f0e -> 
  custom:scripting/monoscript/fileName/MyCommonConstants.cs: afab7efaf9564dc9a7324c32dd196775 -> 
  custom:scripting/monoscript/fileName/CustomDrawerUtility.cs: 4fd84f09df56fbc0319d9bd7f922e98c -> 
  custom:container-muxer-webm: aa71ff27fc2769a1b78a27578f13a17b -> 
  custom:video-decoder-webm-vp8: 9c59270c3fd7afecdb556c50c9e8de78 -> 
  custom:SearchIndexIgnoredProperties: e643bd26f0fe6173181afceb89e7c659 -> 
  custom:AudioImporter_EditorPlatform: 3918e3fc78b5a79bad01e8451be0beb8 -> 
  custom:scripting/monoscript/fileName/ToggleDocAttributeDrawer.cs: e106f856849e4750d3809a4f241b1be2 -> 
  custom:scripting/monoscript/fileName/TextEffectEditor.cs: d3d8a1e5c2004b60d32f761eb093cf1b -> 
  custom:scripting/monoscript/fileName/MyColor.cs: 11671538b011fd3f337af43bc02e0c13 -> 
  custom:scripting/monoscript/fileName/AttributeBase.cs: d4cbb11724ea712d431b5cd07124907e -> 
  custom:scripting/monoscript/fileName/FoldBoxAttributeDrawer.cs: 7cddfc9687649703e6a68527865794bc -> 
  custom:scripting/monoscript/fileName/ConditionalFieldAttribute.cs: e6d9fd24956977713db9ec59b2642d84 -> 
  custom:scripting/monoscript/fileName/Effect_Move.cs: ef5516b861ddd6742709a32c4d74ed0d -> 
  custom:framework-osx-AVFoundation: e770b220cccbd017edd2c1fefb359320 -> 
  custom:scripting/monoscript/fileName/MyAlgorithms.cs: af94dca5879ebeadb102964fe2ba4c2c -> 
  custom:scripting/monoscript/fileName/TagEffectsPreset.cs: 7660331b4e5025a0b81c1733075d5b78 -> 
  custom:scripting/monoscript/fileName/Effect_Rotate.cs: ffdcc32648b4f2ece65aebb867cbbb0e -> 
  custom:video-encoder-webm-vp8: eb34c28f22e8b96e1ab97ce403110664 -> 
  custom:audio-decoder-ogg-vorbis: bf7c407c2cedff20999df2af8eb42d56 -> 
  custom:scripting/monoscript/fileName/WarningsPool.cs: fe4fa1866c40657be6a51b3604c9b41a -> 
  custom:scripting/monoscript/fileName/MyString.cs: 37ddb2560db549b377c16ed27598cb79 -> 
  custom:scripting/monoscript/fileName/TextEffectStatus.cs: 0d9a417212ada6670935a5511afc12b9 -> 
  custom:scripting/monoscript/fileName/TextEffect.cs: b3399054379a13f493415819f2b26d02 -> 
  custom:scripting/monoscript/fileName/MinMaxRangeAttribute.cs: 290170215b5b7bdd3fb5340a79339fb0 -> 
  custom:scripting/monoscript/fileName/AttributeBaseDrawer.cs: 26c86ce1d32ef473ff54fac3b3f34384 -> 
  custom:scripting/monoscript/fileName/ConditionalData.cs: 31d8359f80de1f6456e27c8f052f735f -> 
  custom:scripting/monoscript/fileName/CollectionWrapper.cs: 1d692121383b052bc3c42bd312cb03d9 -> 
  custom:audio-encoder-webm-vorbis: bf7c407c2cedff20999df2af8eb42d56 -> 
  custom:scripting/monoscript/fileName/TimeUtil.cs: f1db10614389fe8436f67f4138e33eab -> 
  custom:scripting/monoscript/fileName/MyCollections.cs: 1573b6e8eec6809de8e4f734cd42ac53 -> 
  custom:scripting/monoscript/fileName/PerVertexEffectEditor.cs: 0e08baf525303c472bfaf41752a7f457 -> 
  custom:scripting/monoscript/fileName/MyReflection.cs: 912dd491c7847901aa49939904b2f1dd -> 
========================================================================
Received Prepare
Begin MonoManager ReloadAssembly
Thread 0x30bd93000 may have been prematurely finalized
- Loaded All Assemblies, in  0.413 seconds
Refreshing native plugins compatible for Editor in 1.36 ms, found 2 plugins.
Native extension for WindowsStandalone target not found
Native extension for AppleTV target not found
Native extension for iOS target not found
Native extension for OSXStandalone target not found
Native extension for WebGL target not found
Mono: successfully reloaded assembly
- Finished resetting the current domain, in  0.839 seconds
Domain Reload Profiling: 1252ms
	BeginReloadAssembly (127ms)
		ExecutionOrderSort (0ms)
		DisableScriptedObjects (5ms)
		BackupInstance (0ms)
		ReleaseScriptingObjects (0ms)
		CreateAndSetChildDomain (45ms)
	RebuildCommonClasses (47ms)
	RebuildNativeTypeToScriptingClass (16ms)
	initialDomainReloadingComplete (23ms)
	LoadAllAssembliesAndSetupDomain (201ms)
		LoadAssemblies (230ms)
		RebuildTransferFunctionScriptingTraits (0ms)
		AnalyzeDomain (18ms)
			TypeCache.Refresh (10ms)
				TypeCache.ScanAssembly (0ms)
			ScanForSourceGeneratedMonoScriptInfo (0ms)
			ResolveRequiredComponents (7ms)
	FinalizeReload (839ms)
		ReleaseScriptCaches (0ms)
		RebuildScriptCaches (0ms)
		SetupLoadedEditorAssemblies (495ms)
			LogAssemblyErrors (0ms)
			InitializePlatformSupportModulesInManaged (26ms)
			SetLoadedEditorAssemblies (5ms)
			RefreshPlugins (0ms)
			BeforeProcessingInitializeOnLoad (62ms)
			ProcessInitializeOnLoadAttributes (359ms)
			ProcessInitializeOnLoadMethodAttributes (40ms)
			AfterProcessingInitializeOnLoad (2ms)
			EditorAssembliesLoaded (0ms)
		ExecutionOrderSort2 (0ms)
		AwakeInstancesAfterBackupRestoration (8ms)
Refreshing native plugins compatible for Editor in 1.51 ms, found 2 plugins.
Preloading 0 native plugins for Editor in 0.00 ms.
Unloading 3153 Unused Serialized files (Serialized files now loaded: 0)
Unloading 21 unused Assets / (31.2 KB). Loaded Objects now: 3782.
Memory consumption went from 466.0 MB to 466.0 MB.
Total: 4.153375 ms (FindLiveObjects: 0.187166 ms CreateObjectMapping: 0.091458 ms MarkObjects: 3.829083 ms  DeleteObjects: 0.044458 ms)

Prepare: number of updated asset objects reloaded= 0
AssetImportParameters requested are different than current active one (requested -> active):
  custom:scripting/monoscript/fileName/GlobalTextEffectEntry.cs: c33c6024380cd43b3456fe6aea6f41ce -> 
  custom:scripting/monoscript/fileName/FoldBoxAttribute.cs: 66ff91a3485d06d36b8511fad6212f92 -> 
  custom:container-demuxer-ogg: 62fdf1f143b41e24485cea50d1cbac27 -> 
  custom:scripting/monoscript/fileName/MyDebug.cs: f3faef2d00c537158ab87ca513b25292 -> 
  custom:scripting/monoscript/fileName/MinMax.cs: 1c24b444ecff0bdeaf87d2edcb9d5029 -> 
  custom:scripting/monoscript/fileName/EditorDocumentation.cs: 934fb06e6a0b5b2798793a45828d3d5f -> 
  custom:scripting/monoscript/fileName/Effect_PerVertex.cs: 3f70f7fc3d4f9bfb1e10cd5e53684ee7 -> 
  custom:video-decoder-ogg-theora: a1e56fd34408186e4bbccfd4996cb3dc -> 
  custom:scripting/monoscript/fileName/MySerializedProperty.cs: 782cc9e912ef11023f0b93b5cae175e2 -> 
  custom:scripting/monoscript/fileName/CompositeEffectEditor.cs: 271d2f481fc4dff6734c055f2943e5d2 -> 
  custom:scripting/monoscript/fileName/TextEffect_Base.cs: 1b9a39eb3f7eb4d420cb56ed888ca97e -> 
  custom:scripting/monoscript/fileName/Effect_Scale.cs: 24350027199be1e1c520c27be9f8fbb9 -> 
  custom:scripting/monoscript/fileName/Effect_Color.cs: f5bc93c86b81ba37fa611632e3ecfb7f -> 
  custom:scripting/monoscript/fileName/Effect_Composite.cs: f3f7d32be82537fa78159e8943c1f1a7 -> 
  custom:CustomObjectIndexerAttribute: 756ad292c208cfabdd7b50bc23989ffe -> 
  custom:scripting/monoscript/fileName/TextEffectInstance.cs: 8d710191666e5c8cce9c6d33f66fafeb -> 
  custom:container-demuxer-webm: 4f35f7cbe854078d1ac9338744f61a02 -> 
  custom:scripting/monoscript/fileName/ButtonMethodAttribute.cs: cf389342635f998ab935cfcb5ae933df -> 
  custom:scripting/monoscript/fileName/ToggleDocAttribute.cs: d3c69a3f433376abbde86a297f4193a9 -> 
  custom:scripting/monoscript/fileName/MyHandles.cs: cc579ce2a9f371e54e4420275e0ac078 -> 
  custom:scripting/monoscript/fileName/ConditionalUtility.cs: 1205d2bd05e1eefe510065c234dd0f0e -> 
  custom:scripting/monoscript/fileName/MyCommonConstants.cs: afab7efaf9564dc9a7324c32dd196775 -> 
  custom:scripting/monoscript/fileName/CustomDrawerUtility.cs: 4fd84f09df56fbc0319d9bd7f922e98c -> 
  custom:container-muxer-webm: aa71ff27fc2769a1b78a27578f13a17b -> 
  custom:video-decoder-webm-vp8: 9c59270c3fd7afecdb556c50c9e8de78 -> 
  custom:SearchIndexIgnoredProperties: e643bd26f0fe6173181afceb89e7c659 -> 
  custom:AudioImporter_EditorPlatform: 3918e3fc78b5a79bad01e8451be0beb8 -> 
  custom:scripting/monoscript/fileName/ToggleDocAttributeDrawer.cs: e106f856849e4750d3809a4f241b1be2 -> 
  custom:scripting/monoscript/fileName/TextEffectEditor.cs: d3d8a1e5c2004b60d32f761eb093cf1b -> 
  custom:scripting/monoscript/fileName/MyColor.cs: 11671538b011fd3f337af43bc02e0c13 -> 
  custom:scripting/monoscript/fileName/AttributeBase.cs: d4cbb11724ea712d431b5cd07124907e -> 
  custom:scripting/monoscript/fileName/FoldBoxAttributeDrawer.cs: 7cddfc9687649703e6a68527865794bc -> 
  custom:scripting/monoscript/fileName/ConditionalFieldAttribute.cs: e6d9fd24956977713db9ec59b2642d84 -> 
  custom:scripting/monoscript/fileName/Effect_Move.cs: ef5516b861ddd6742709a32c4d74ed0d -> 
  custom:framework-osx-AVFoundation: e770b220cccbd017edd2c1fefb359320 -> 
  custom:scripting/monoscript/fileName/MyAlgorithms.cs: af94dca5879ebeadb102964fe2ba4c2c -> 
  custom:scripting/monoscript/fileName/TagEffectsPreset.cs: 7660331b4e5025a0b81c1733075d5b78 -> 
  custom:scripting/monoscript/fileName/Effect_Rotate.cs: ffdcc32648b4f2ece65aebb867cbbb0e -> 
  custom:video-encoder-webm-vp8: eb34c28f22e8b96e1ab97ce403110664 -> 
  custom:audio-decoder-ogg-vorbis: bf7c407c2cedff20999df2af8eb42d56 -> 
  custom:scripting/monoscript/fileName/WarningsPool.cs: fe4fa1866c40657be6a51b3604c9b41a -> 
  custom:scripting/monoscript/fileName/MyString.cs: 37ddb2560db549b377c16ed27598cb79 -> 
  custom:scripting/monoscript/fileName/TextEffectStatus.cs: 0d9a417212ada6670935a5511afc12b9 -> 
  custom:scripting/monoscript/fileName/TextEffect.cs: b3399054379a13f493415819f2b26d02 -> 
  custom:scripting/monoscript/fileName/MinMaxRangeAttribute.cs: 290170215b5b7bdd3fb5340a79339fb0 -> 
  custom:scripting/monoscript/fileName/AttributeBaseDrawer.cs: 26c86ce1d32ef473ff54fac3b3f34384 -> 
  custom:scripting/monoscript/fileName/ConditionalData.cs: 31d8359f80de1f6456e27c8f052f735f -> 
  custom:scripting/monoscript/fileName/CollectionWrapper.cs: 1d692121383b052bc3c42bd312cb03d9 -> 
  custom:audio-encoder-webm-vorbis: bf7c407c2cedff20999df2af8eb42d56 -> 
  custom:scripting/monoscript/fileName/TimeUtil.cs: f1db10614389fe8436f67f4138e33eab -> 
  custom:scripting/monoscript/fileName/MyCollections.cs: 1573b6e8eec6809de8e4f734cd42ac53 -> 
  custom:scripting/monoscript/fileName/PerVertexEffectEditor.cs: 0e08baf525303c472bfaf41752a7f457 -> 
  custom:scripting/monoscript/fileName/MyReflection.cs: 912dd491c7847901aa49939904b2f1dd -> 
========================================================================
Received Prepare
Begin MonoManager ReloadAssembly
Thread 0x30bd93000 may have been prematurely finalized
- Loaded All Assemblies, in  0.418 seconds
Refreshing native plugins compatible for Editor in 1.10 ms, found 2 plugins.
Native extension for WindowsStandalone target not found
Native extension for AppleTV target not found
Native extension for iOS target not found
Native extension for OSXStandalone target not found
Native extension for WebGL target not found
Mono: successfully reloaded assembly
- Finished resetting the current domain, in  0.851 seconds
Domain Reload Profiling: 1270ms
	BeginReloadAssembly (148ms)
		ExecutionOrderSort (0ms)
		DisableScriptedObjects (5ms)
		BackupInstance (0ms)
		ReleaseScriptingObjects (0ms)
		CreateAndSetChildDomain (63ms)
	RebuildCommonClasses (43ms)
	RebuildNativeTypeToScriptingClass (14ms)
	initialDomainReloadingComplete (23ms)
	LoadAllAssembliesAndSetupDomain (191ms)
		LoadAssemblies (209ms)
		RebuildTransferFunctionScriptingTraits (0ms)
		AnalyzeDomain (30ms)
			TypeCache.Refresh (16ms)
				TypeCache.ScanAssembly (1ms)
			ScanForSourceGeneratedMonoScriptInfo (8ms)
			ResolveRequiredComponents (6ms)
	FinalizeReload (852ms)
		ReleaseScriptCaches (0ms)
		RebuildScriptCaches (0ms)
		SetupLoadedEditorAssemblies (352ms)
			LogAssemblyErrors (0ms)
			InitializePlatformSupportModulesInManaged (23ms)
			SetLoadedEditorAssemblies (5ms)
			RefreshPlugins (0ms)
			BeforeProcessingInitializeOnLoad (54ms)
			ProcessInitializeOnLoadAttributes (252ms)
			ProcessInitializeOnLoadMethodAttributes (17ms)
			AfterProcessingInitializeOnLoad (1ms)
			EditorAssembliesLoaded (0ms)
		ExecutionOrderSort2 (0ms)
		AwakeInstancesAfterBackupRestoration (3ms)
Refreshing native plugins compatible for Editor in 1.13 ms, found 2 plugins.
Preloading 0 native plugins for Editor in 0.00 ms.
Unloading 3153 Unused Serialized files (Serialized files now loaded: 0)
Unloading 21 unused Assets / (31.1 KB). Loaded Objects now: 3785.
Memory consumption went from 472.9 MB to 472.9 MB.
Total: 3.129709 ms (FindLiveObjects: 0.146959 ms CreateObjectMapping: 0.058166 ms MarkObjects: 2.867458 ms  DeleteObjects: 0.056084 ms)

Prepare: number of updated asset objects reloaded= 0
AssetImportParameters requested are different than current active one (requested -> active):
  custom:scripting/monoscript/fileName/GlobalTextEffectEntry.cs: c33c6024380cd43b3456fe6aea6f41ce -> 
  custom:scripting/monoscript/fileName/FoldBoxAttribute.cs: 66ff91a3485d06d36b8511fad6212f92 -> 
  custom:container-demuxer-ogg: 62fdf1f143b41e24485cea50d1cbac27 -> 
  custom:scripting/monoscript/fileName/MyDebug.cs: f3faef2d00c537158ab87ca513b25292 -> 
  custom:scripting/monoscript/fileName/MinMax.cs: 1c24b444ecff0bdeaf87d2edcb9d5029 -> 
  custom:scripting/monoscript/fileName/EditorDocumentation.cs: 934fb06e6a0b5b2798793a45828d3d5f -> 
  custom:scripting/monoscript/fileName/Effect_PerVertex.cs: 3f70f7fc3d4f9bfb1e10cd5e53684ee7 -> 
  custom:video-decoder-ogg-theora: a1e56fd34408186e4bbccfd4996cb3dc -> 
  custom:scripting/monoscript/fileName/MySerializedProperty.cs: 782cc9e912ef11023f0b93b5cae175e2 -> 
  custom:scripting/monoscript/fileName/CompositeEffectEditor.cs: 271d2f481fc4dff6734c055f2943e5d2 -> 
  custom:scripting/monoscript/fileName/TextEffect_Base.cs: 1b9a39eb3f7eb4d420cb56ed888ca97e -> 
  custom:scripting/monoscript/fileName/Effect_Scale.cs: 24350027199be1e1c520c27be9f8fbb9 -> 
  custom:scripting/monoscript/fileName/Effect_Color.cs: f5bc93c86b81ba37fa611632e3ecfb7f -> 
  custom:scripting/monoscript/fileName/Effect_Composite.cs: f3f7d32be82537fa78159e8943c1f1a7 -> 
  custom:CustomObjectIndexerAttribute: 756ad292c208cfabdd7b50bc23989ffe -> 
  custom:scripting/monoscript/fileName/TextEffectInstance.cs: 8d710191666e5c8cce9c6d33f66fafeb -> 
  custom:container-demuxer-webm: 4f35f7cbe854078d1ac9338744f61a02 -> 
  custom:scripting/monoscript/fileName/ButtonMethodAttribute.cs: cf389342635f998ab935cfcb5ae933df -> 
  custom:scripting/monoscript/fileName/ToggleDocAttribute.cs: d3c69a3f433376abbde86a297f4193a9 -> 
  custom:scripting/monoscript/fileName/MyHandles.cs: cc579ce2a9f371e54e4420275e0ac078 -> 
  custom:scripting/monoscript/fileName/ConditionalUtility.cs: 1205d2bd05e1eefe510065c234dd0f0e -> 
  custom:scripting/monoscript/fileName/MyCommonConstants.cs: afab7efaf9564dc9a7324c32dd196775 -> 
  custom:scripting/monoscript/fileName/CustomDrawerUtility.cs: 4fd84f09df56fbc0319d9bd7f922e98c -> 
  custom:container-muxer-webm: aa71ff27fc2769a1b78a27578f13a17b -> 
  custom:video-decoder-webm-vp8: 9c59270c3fd7afecdb556c50c9e8de78 -> 
  custom:SearchIndexIgnoredProperties: e643bd26f0fe6173181afceb89e7c659 -> 
  custom:AudioImporter_EditorPlatform: 3918e3fc78b5a79bad01e8451be0beb8 -> 
  custom:scripting/monoscript/fileName/ToggleDocAttributeDrawer.cs: e106f856849e4750d3809a4f241b1be2 -> 
  custom:scripting/monoscript/fileName/TextEffectEditor.cs: d3d8a1e5c2004b60d32f761eb093cf1b -> 
  custom:scripting/monoscript/fileName/MyColor.cs: 11671538b011fd3f337af43bc02e0c13 -> 
  custom:scripting/monoscript/fileName/AttributeBase.cs: d4cbb11724ea712d431b5cd07124907e -> 
  custom:scripting/monoscript/fileName/FoldBoxAttributeDrawer.cs: 7cddfc9687649703e6a68527865794bc -> 
  custom:scripting/monoscript/fileName/ConditionalFieldAttribute.cs: e6d9fd24956977713db9ec59b2642d84 -> 
  custom:scripting/monoscript/fileName/Effect_Move.cs: ef5516b861ddd6742709a32c4d74ed0d -> 
  custom:framework-osx-AVFoundation: e770b220cccbd017edd2c1fefb359320 -> 
  custom:scripting/monoscript/fileName/MyAlgorithms.cs: af94dca5879ebeadb102964fe2ba4c2c -> 
  custom:scripting/monoscript/fileName/TagEffectsPreset.cs: 7660331b4e5025a0b81c1733075d5b78 -> 
  custom:scripting/monoscript/fileName/Effect_Rotate.cs: ffdcc32648b4f2ece65aebb867cbbb0e -> 
  custom:video-encoder-webm-vp8: eb34c28f22e8b96e1ab97ce403110664 -> 
  custom:audio-decoder-ogg-vorbis: bf7c407c2cedff20999df2af8eb42d56 -> 
  custom:scripting/monoscript/fileName/WarningsPool.cs: fe4fa1866c40657be6a51b3604c9b41a -> 
  custom:scripting/monoscript/fileName/MyString.cs: 37ddb2560db549b377c16ed27598cb79 -> 
  custom:scripting/monoscript/fileName/TextEffectStatus.cs: 0d9a417212ada6670935a5511afc12b9 -> 
  custom:scripting/monoscript/fileName/TextEffect.cs: b3399054379a13f493415819f2b26d02 -> 
  custom:scripting/monoscript/fileName/MinMaxRangeAttribute.cs: 290170215b5b7bdd3fb5340a79339fb0 -> 
  custom:scripting/monoscript/fileName/AttributeBaseDrawer.cs: 26c86ce1d32ef473ff54fac3b3f34384 -> 
  custom:scripting/monoscript/fileName/ConditionalData.cs: 31d8359f80de1f6456e27c8f052f735f -> 
  custom:scripting/monoscript/fileName/CollectionWrapper.cs: 1d692121383b052bc3c42bd312cb03d9 -> 
  custom:audio-encoder-webm-vorbis: bf7c407c2cedff20999df2af8eb42d56 -> 
  custom:scripting/monoscript/fileName/TimeUtil.cs: f1db10614389fe8436f67f4138e33eab -> 
  custom:scripting/monoscript/fileName/MyCollections.cs: 1573b6e8eec6809de8e4f734cd42ac53 -> 
  custom:scripting/monoscript/fileName/PerVertexEffectEditor.cs: 0e08baf525303c472bfaf41752a7f457 -> 
  custom:scripting/monoscript/fileName/MyReflection.cs: 912dd491c7847901aa49939904b2f1dd -> 
========================================================================
Received Prepare
Begin MonoManager ReloadAssembly
Thread 0x30bd93000 may have been prematurely finalized
- Loaded All Assemblies, in  0.511 seconds
Refreshing native plugins compatible for Editor in 1.21 ms, found 2 plugins.
Native extension for WindowsStandalone target not found
Native extension for AppleTV target not found
Native extension for iOS target not found
Native extension for OSXStandalone target not found
Native extension for WebGL target not found
Mono: successfully reloaded assembly
- Finished resetting the current domain, in  0.853 seconds
Domain Reload Profiling: 1365ms
	BeginReloadAssembly (153ms)
		ExecutionOrderSort (0ms)
		DisableScriptedObjects (5ms)
		BackupInstance (0ms)
		ReleaseScriptingObjects (0ms)
		CreateAndSetChildDomain (61ms)
	RebuildCommonClasses (47ms)
	RebuildNativeTypeToScriptingClass (15ms)
	initialDomainReloadingComplete (25ms)
	LoadAllAssembliesAndSetupDomain (272ms)
		LoadAssemblies (279ms)
		RebuildTransferFunctionScriptingTraits (0ms)
		AnalyzeDomain (47ms)
			TypeCache.Refresh (31ms)
				TypeCache.ScanAssembly (1ms)
			ScanForSourceGeneratedMonoScriptInfo (9ms)
			ResolveRequiredComponents (6ms)
	FinalizeReload (854ms)
		ReleaseScriptCaches (0ms)
		RebuildScriptCaches (0ms)
		SetupLoadedEditorAssemblies (353ms)
			LogAssemblyErrors (0ms)
			InitializePlatformSupportModulesInManaged (24ms)
			SetLoadedEditorAssemblies (5ms)
			RefreshPlugins (0ms)
			BeforeProcessingInitializeOnLoad (54ms)
			ProcessInitializeOnLoadAttributes (252ms)
			ProcessInitializeOnLoadMethodAttributes (17ms)
			AfterProcessingInitializeOnLoad (1ms)
			EditorAssembliesLoaded (0ms)
		ExecutionOrderSort2 (0ms)
		AwakeInstancesAfterBackupRestoration (3ms)
Refreshing native plugins compatible for Editor in 1.13 ms, found 2 plugins.
Preloading 0 native plugins for Editor in 0.00 ms.
Unloading 3153 Unused Serialized files (Serialized files now loaded: 0)
Unloading 21 unused Assets / (31.2 KB). Loaded Objects now: 3788.
Memory consumption went from 479.9 MB to 479.8 MB.
Total: 3.210125 ms (FindLiveObjects: 0.147291 ms CreateObjectMapping: 0.060667 ms MarkObjects: 2.925916 ms  DeleteObjects: 0.075208 ms)

Prepare: number of updated asset objects reloaded= 0
AssetImportParameters requested are different than current active one (requested -> active):
  custom:scripting/monoscript/fileName/GlobalTextEffectEntry.cs: c33c6024380cd43b3456fe6aea6f41ce -> 
  custom:scripting/monoscript/fileName/FoldBoxAttribute.cs: 66ff91a3485d06d36b8511fad6212f92 -> 
  custom:container-demuxer-ogg: 62fdf1f143b41e24485cea50d1cbac27 -> 
  custom:scripting/monoscript/fileName/MyDebug.cs: f3faef2d00c537158ab87ca513b25292 -> 
  custom:scripting/monoscript/fileName/MinMax.cs: 1c24b444ecff0bdeaf87d2edcb9d5029 -> 
  custom:scripting/monoscript/fileName/EditorDocumentation.cs: 934fb06e6a0b5b2798793a45828d3d5f -> 
  custom:scripting/monoscript/fileName/Effect_PerVertex.cs: 3f70f7fc3d4f9bfb1e10cd5e53684ee7 -> 
  custom:video-decoder-ogg-theora: a1e56fd34408186e4bbccfd4996cb3dc -> 
  custom:scripting/monoscript/fileName/MySerializedProperty.cs: 782cc9e912ef11023f0b93b5cae175e2 -> 
  custom:scripting/monoscript/fileName/CompositeEffectEditor.cs: 271d2f481fc4dff6734c055f2943e5d2 -> 
  custom:scripting/monoscript/fileName/TextEffect_Base.cs: 1b9a39eb3f7eb4d420cb56ed888ca97e -> 
  custom:scripting/monoscript/fileName/Effect_Scale.cs: 24350027199be1e1c520c27be9f8fbb9 -> 
  custom:scripting/monoscript/fileName/Effect_Color.cs: f5bc93c86b81ba37fa611632e3ecfb7f -> 
  custom:scripting/monoscript/fileName/Effect_Composite.cs: f3f7d32be82537fa78159e8943c1f1a7 -> 
  custom:CustomObjectIndexerAttribute: 756ad292c208cfabdd7b50bc23989ffe -> 
  custom:scripting/monoscript/fileName/TextEffectInstance.cs: 8d710191666e5c8cce9c6d33f66fafeb -> 
  custom:container-demuxer-webm: 4f35f7cbe854078d1ac9338744f61a02 -> 
  custom:scripting/monoscript/fileName/ButtonMethodAttribute.cs: cf389342635f998ab935cfcb5ae933df -> 
  custom:scripting/monoscript/fileName/ToggleDocAttribute.cs: d3c69a3f433376abbde86a297f4193a9 -> 
  custom:scripting/monoscript/fileName/MyHandles.cs: cc579ce2a9f371e54e4420275e0ac078 -> 
  custom:scripting/monoscript/fileName/ConditionalUtility.cs: 1205d2bd05e1eefe510065c234dd0f0e -> 
  custom:scripting/monoscript/fileName/MyCommonConstants.cs: afab7efaf9564dc9a7324c32dd196775 -> 
  custom:scripting/monoscript/fileName/CustomDrawerUtility.cs: 4fd84f09df56fbc0319d9bd7f922e98c -> 
  custom:container-muxer-webm: aa71ff27fc2769a1b78a27578f13a17b -> 
  custom:video-decoder-webm-vp8: 9c59270c3fd7afecdb556c50c9e8de78 -> 
  custom:SearchIndexIgnoredProperties: e643bd26f0fe6173181afceb89e7c659 -> 
  custom:AudioImporter_EditorPlatform: 3918e3fc78b5a79bad01e8451be0beb8 -> 
  custom:scripting/monoscript/fileName/ToggleDocAttributeDrawer.cs: e106f856849e4750d3809a4f241b1be2 -> 
  custom:scripting/monoscript/fileName/TextEffectEditor.cs: d3d8a1e5c2004b60d32f761eb093cf1b -> 
  custom:scripting/monoscript/fileName/MyColor.cs: 11671538b011fd3f337af43bc02e0c13 -> 
  custom:scripting/monoscript/fileName/AttributeBase.cs: d4cbb11724ea712d431b5cd07124907e -> 
  custom:scripting/monoscript/fileName/FoldBoxAttributeDrawer.cs: 7cddfc9687649703e6a68527865794bc -> 
  custom:scripting/monoscript/fileName/ConditionalFieldAttribute.cs: e6d9fd24956977713db9ec59b2642d84 -> 
  custom:scripting/monoscript/fileName/Effect_Move.cs: ef5516b861ddd6742709a32c4d74ed0d -> 
  custom:framework-osx-AVFoundation: e770b220cccbd017edd2c1fefb359320 -> 
  custom:scripting/monoscript/fileName/MyAlgorithms.cs: af94dca5879ebeadb102964fe2ba4c2c -> 
  custom:scripting/monoscript/fileName/TagEffectsPreset.cs: 7660331b4e5025a0b81c1733075d5b78 -> 
  custom:scripting/monoscript/fileName/Effect_Rotate.cs: ffdcc32648b4f2ece65aebb867cbbb0e -> 
  custom:video-encoder-webm-vp8: eb34c28f22e8b96e1ab97ce403110664 -> 
  custom:audio-decoder-ogg-vorbis: bf7c407c2cedff20999df2af8eb42d56 -> 
  custom:scripting/monoscript/fileName/WarningsPool.cs: fe4fa1866c40657be6a51b3604c9b41a -> 
  custom:scripting/monoscript/fileName/MyString.cs: 37ddb2560db549b377c16ed27598cb79 -> 
  custom:scripting/monoscript/fileName/TextEffectStatus.cs: 0d9a417212ada6670935a5511afc12b9 -> 
  custom:scripting/monoscript/fileName/TextEffect.cs: b3399054379a13f493415819f2b26d02 -> 
  custom:scripting/monoscript/fileName/MinMaxRangeAttribute.cs: 290170215b5b7bdd3fb5340a79339fb0 -> 
  custom:scripting/monoscript/fileName/AttributeBaseDrawer.cs: 26c86ce1d32ef473ff54fac3b3f34384 -> 
  custom:scripting/monoscript/fileName/ConditionalData.cs: 31d8359f80de1f6456e27c8f052f735f -> 
  custom:scripting/monoscript/fileName/CollectionWrapper.cs: 1d692121383b052bc3c42bd312cb03d9 -> 
  custom:audio-encoder-webm-vorbis: bf7c407c2cedff20999df2af8eb42d56 -> 
  custom:scripting/monoscript/fileName/TimeUtil.cs: f1db10614389fe8436f67f4138e33eab -> 
  custom:scripting/monoscript/fileName/MyCollections.cs: 1573b6e8eec6809de8e4f734cd42ac53 -> 
  custom:scripting/monoscript/fileName/PerVertexEffectEditor.cs: 0e08baf525303c472bfaf41752a7f457 -> 
  custom:scripting/monoscript/fileName/MyReflection.cs: 912dd491c7847901aa49939904b2f1dd -> 
========================================================================
Received Prepare
Begin MonoManager ReloadAssembly
Thread 0x30bd93000 may have been prematurely finalized
- Loaded All Assemblies, in  0.414 seconds
Refreshing native plugins compatible for Editor in 1.08 ms, found 2 plugins.
Native extension for WindowsStandalone target not found
Native extension for AppleTV target not found
Native extension for iOS target not found
Native extension for OSXStandalone target not found
Native extension for WebGL target not found
Mono: successfully reloaded assembly
- Finished resetting the current domain, in  0.810 seconds
Domain Reload Profiling: 1225ms
	BeginReloadAssembly (136ms)
		ExecutionOrderSort (0ms)
		DisableScriptedObjects (5ms)
		BackupInstance (0ms)
		ReleaseScriptingObjects (0ms)
		CreateAndSetChildDomain (53ms)
	RebuildCommonClasses (43ms)
	RebuildNativeTypeToScriptingClass (14ms)
	initialDomainReloadingComplete (22ms)
	LoadAllAssembliesAndSetupDomain (200ms)
		LoadAssemblies (217ms)
		RebuildTransferFunctionScriptingTraits (0ms)
		AnalyzeDomain (30ms)
			TypeCache.Refresh (15ms)
				TypeCache.ScanAssembly (1ms)
			ScanForSourceGeneratedMonoScriptInfo (8ms)
			ResolveRequiredComponents (6ms)
	FinalizeReload (811ms)
		ReleaseScriptCaches (0ms)
		RebuildScriptCaches (0ms)
		SetupLoadedEditorAssemblies (354ms)
			LogAssemblyErrors (0ms)
			InitializePlatformSupportModulesInManaged (23ms)
			SetLoadedEditorAssemblies (5ms)
			RefreshPlugins (0ms)
			BeforeProcessingInitializeOnLoad (54ms)
			ProcessInitializeOnLoadAttributes (254ms)
			ProcessInitializeOnLoadMethodAttributes (18ms)
			AfterProcessingInitializeOnLoad (1ms)
			EditorAssembliesLoaded (0ms)
		ExecutionOrderSort2 (0ms)
		AwakeInstancesAfterBackupRestoration (3ms)
Refreshing native plugins compatible for Editor in 1.10 ms, found 2 plugins.
Preloading 0 native plugins for Editor in 0.00 ms.
Unloading 3153 Unused Serialized files (Serialized files now loaded: 0)
Unloading 21 unused Assets / (31.1 KB). Loaded Objects now: 3791.
Memory consumption went from 486.8 MB to 486.8 MB.
Total: 3.537958 ms (FindLiveObjects: 0.173416 ms CreateObjectMapping: 0.062208 ms MarkObjects: 3.230459 ms  DeleteObjects: 0.071208 ms)

Prepare: number of updated asset objects reloaded= 0
AssetImportParameters requested are different than current active one (requested -> active):
  custom:scripting/monoscript/fileName/GlobalTextEffectEntry.cs: c33c6024380cd43b3456fe6aea6f41ce -> 
  custom:scripting/monoscript/fileName/FoldBoxAttribute.cs: 66ff91a3485d06d36b8511fad6212f92 -> 
  custom:container-demuxer-ogg: 62fdf1f143b41e24485cea50d1cbac27 -> 
  custom:scripting/monoscript/fileName/MyDebug.cs: f3faef2d00c537158ab87ca513b25292 -> 
  custom:scripting/monoscript/fileName/MinMax.cs: 1c24b444ecff0bdeaf87d2edcb9d5029 -> 
  custom:scripting/monoscript/fileName/EditorDocumentation.cs: 934fb06e6a0b5b2798793a45828d3d5f -> 
  custom:scripting/monoscript/fileName/Effect_PerVertex.cs: 3f70f7fc3d4f9bfb1e10cd5e53684ee7 -> 
  custom:video-decoder-ogg-theora: a1e56fd34408186e4bbccfd4996cb3dc -> 
  custom:scripting/monoscript/fileName/MySerializedProperty.cs: 782cc9e912ef11023f0b93b5cae175e2 -> 
  custom:scripting/monoscript/fileName/CompositeEffectEditor.cs: 271d2f481fc4dff6734c055f2943e5d2 -> 
  custom:scripting/monoscript/fileName/TextEffect_Base.cs: 1b9a39eb3f7eb4d420cb56ed888ca97e -> 
  custom:scripting/monoscript/fileName/Effect_Scale.cs: 24350027199be1e1c520c27be9f8fbb9 -> 
  custom:scripting/monoscript/fileName/Effect_Color.cs: f5bc93c86b81ba37fa611632e3ecfb7f -> 
  custom:scripting/monoscript/fileName/Effect_Composite.cs: f3f7d32be82537fa78159e8943c1f1a7 -> 
  custom:CustomObjectIndexerAttribute: 756ad292c208cfabdd7b50bc23989ffe -> 
  custom:scripting/monoscript/fileName/TextEffectInstance.cs: 8d710191666e5c8cce9c6d33f66fafeb -> 
  custom:container-demuxer-webm: 4f35f7cbe854078d1ac9338744f61a02 -> 
  custom:scripting/monoscript/fileName/ButtonMethodAttribute.cs: cf389342635f998ab935cfcb5ae933df -> 
  custom:scripting/monoscript/fileName/ToggleDocAttribute.cs: d3c69a3f433376abbde86a297f4193a9 -> 
  custom:scripting/monoscript/fileName/MyHandles.cs: cc579ce2a9f371e54e4420275e0ac078 -> 
  custom:scripting/monoscript/fileName/ConditionalUtility.cs: 1205d2bd05e1eefe510065c234dd0f0e -> 
  custom:scripting/monoscript/fileName/MyCommonConstants.cs: afab7efaf9564dc9a7324c32dd196775 -> 
  custom:scripting/monoscript/fileName/CustomDrawerUtility.cs: 4fd84f09df56fbc0319d9bd7f922e98c -> 
  custom:container-muxer-webm: aa71ff27fc2769a1b78a27578f13a17b -> 
  custom:video-decoder-webm-vp8: 9c59270c3fd7afecdb556c50c9e8de78 -> 
  custom:SearchIndexIgnoredProperties: e643bd26f0fe6173181afceb89e7c659 -> 
  custom:AudioImporter_EditorPlatform: 3918e3fc78b5a79bad01e8451be0beb8 -> 
  custom:scripting/monoscript/fileName/ToggleDocAttributeDrawer.cs: e106f856849e4750d3809a4f241b1be2 -> 
  custom:scripting/monoscript/fileName/TextEffectEditor.cs: d3d8a1e5c2004b60d32f761eb093cf1b -> 
  custom:scripting/monoscript/fileName/MyColor.cs: 11671538b011fd3f337af43bc02e0c13 -> 
  custom:scripting/monoscript/fileName/AttributeBase.cs: d4cbb11724ea712d431b5cd07124907e -> 
  custom:scripting/monoscript/fileName/FoldBoxAttributeDrawer.cs: 7cddfc9687649703e6a68527865794bc -> 
  custom:scripting/monoscript/fileName/ConditionalFieldAttribute.cs: e6d9fd24956977713db9ec59b2642d84 -> 
  custom:scripting/monoscript/fileName/Effect_Move.cs: ef5516b861ddd6742709a32c4d74ed0d -> 
  custom:framework-osx-AVFoundation: e770b220cccbd017edd2c1fefb359320 -> 
  custom:scripting/monoscript/fileName/MyAlgorithms.cs: af94dca5879ebeadb102964fe2ba4c2c -> 
  custom:scripting/monoscript/fileName/TagEffectsPreset.cs: 7660331b4e5025a0b81c1733075d5b78 -> 
  custom:scripting/monoscript/fileName/Effect_Rotate.cs: ffdcc32648b4f2ece65aebb867cbbb0e -> 
  custom:video-encoder-webm-vp8: eb34c28f22e8b96e1ab97ce403110664 -> 
  custom:audio-decoder-ogg-vorbis: bf7c407c2cedff20999df2af8eb42d56 -> 
  custom:scripting/monoscript/fileName/WarningsPool.cs: fe4fa1866c40657be6a51b3604c9b41a -> 
  custom:scripting/monoscript/fileName/MyString.cs: 37ddb2560db549b377c16ed27598cb79 -> 
  custom:scripting/monoscript/fileName/TextEffectStatus.cs: 0d9a417212ada6670935a5511afc12b9 -> 
  custom:scripting/monoscript/fileName/TextEffect.cs: b3399054379a13f493415819f2b26d02 -> 
  custom:scripting/monoscript/fileName/MinMaxRangeAttribute.cs: 290170215b5b7bdd3fb5340a79339fb0 -> 
  custom:scripting/monoscript/fileName/AttributeBaseDrawer.cs: 26c86ce1d32ef473ff54fac3b3f34384 -> 
  custom:scripting/monoscript/fileName/ConditionalData.cs: 31d8359f80de1f6456e27c8f052f735f -> 
  custom:scripting/monoscript/fileName/CollectionWrapper.cs: 1d692121383b052bc3c42bd312cb03d9 -> 
  custom:audio-encoder-webm-vorbis: bf7c407c2cedff20999df2af8eb42d56 -> 
  custom:scripting/monoscript/fileName/TimeUtil.cs: f1db10614389fe8436f67f4138e33eab -> 
  custom:scripting/monoscript/fileName/MyCollections.cs: 1573b6e8eec6809de8e4f734cd42ac53 -> 
  custom:scripting/monoscript/fileName/PerVertexEffectEditor.cs: 0e08baf525303c472bfaf41752a7f457 -> 
  custom:scripting/monoscript/fileName/MyReflection.cs: 912dd491c7847901aa49939904b2f1dd -> 
========================================================================
Received Prepare
Begin MonoManager ReloadAssembly
Thread 0x30bd93000 may have been prematurely finalized
- Loaded All Assemblies, in  0.489 seconds
Refreshing native plugins compatible for Editor in 1.13 ms, found 2 plugins.
Native extension for WindowsStandalone target not found
Native extension for AppleTV target not found
Native extension for iOS target not found
Native extension for OSXStandalone target not found
Native extension for WebGL target not found
Mono: successfully reloaded assembly
- Finished resetting the current domain, in  0.835 seconds
Domain Reload Profiling: 1324ms
	BeginReloadAssembly (153ms)
		ExecutionOrderSort (0ms)
		DisableScriptedObjects (6ms)
		BackupInstance (0ms)
		ReleaseScriptingObjects (0ms)
		CreateAndSetChildDomain (62ms)
	RebuildCommonClasses (48ms)
	RebuildNativeTypeToScriptingClass (16ms)
	initialDomainReloadingComplete (25ms)
	LoadAllAssembliesAndSetupDomain (247ms)
		LoadAssemblies (268ms)
		RebuildTransferFunctionScriptingTraits (0ms)
		AnalyzeDomain (32ms)
			TypeCache.Refresh (18ms)
				TypeCache.ScanAssembly (1ms)
			ScanForSourceGeneratedMonoScriptInfo (8ms)
			ResolveRequiredComponents (5ms)
	FinalizeReload (835ms)
		ReleaseScriptCaches (0ms)
		RebuildScriptCaches (0ms)
		SetupLoadedEditorAssemblies (350ms)
			LogAssemblyErrors (0ms)
			InitializePlatformSupportModulesInManaged (23ms)
			SetLoadedEditorAssemblies (5ms)
			RefreshPlugins (0ms)
			BeforeProcessingInitializeOnLoad (54ms)
			ProcessInitializeOnLoadAttributes (250ms)
			ProcessInitializeOnLoadMethodAttributes (17ms)
			AfterProcessingInitializeOnLoad (1ms)
			EditorAssembliesLoaded (0ms)
		ExecutionOrderSort2 (0ms)
		AwakeInstancesAfterBackupRestoration (3ms)
Refreshing native plugins compatible for Editor in 1.15 ms, found 2 plugins.
Preloading 0 native plugins for Editor in 0.00 ms.
Unloading 3153 Unused Serialized files (Serialized files now loaded: 0)
Unloading 21 unused Assets / (31.1 KB). Loaded Objects now: 3794.
Memory consumption went from 493.7 MB to 493.7 MB.
Total: 3.138792 ms (FindLiveObjects: 0.154542 ms CreateObjectMapping: 0.059709 ms MarkObjects: 2.871250 ms  DeleteObjects: 0.052500 ms)

Prepare: number of updated asset objects reloaded= 0
AssetImportParameters requested are different than current active one (requested -> active):
  custom:scripting/monoscript/fileName/GlobalTextEffectEntry.cs: c33c6024380cd43b3456fe6aea6f41ce -> 
  custom:scripting/monoscript/fileName/FoldBoxAttribute.cs: 66ff91a3485d06d36b8511fad6212f92 -> 
  custom:container-demuxer-ogg: 62fdf1f143b41e24485cea50d1cbac27 -> 
  custom:scripting/monoscript/fileName/MyDebug.cs: f3faef2d00c537158ab87ca513b25292 -> 
  custom:scripting/monoscript/fileName/MinMax.cs: 1c24b444ecff0bdeaf87d2edcb9d5029 -> 
  custom:scripting/monoscript/fileName/EditorDocumentation.cs: 934fb06e6a0b5b2798793a45828d3d5f -> 
  custom:scripting/monoscript/fileName/Effect_PerVertex.cs: 3f70f7fc3d4f9bfb1e10cd5e53684ee7 -> 
  custom:video-decoder-ogg-theora: a1e56fd34408186e4bbccfd4996cb3dc -> 
  custom:scripting/monoscript/fileName/MySerializedProperty.cs: 782cc9e912ef11023f0b93b5cae175e2 -> 
  custom:scripting/monoscript/fileName/CompositeEffectEditor.cs: 271d2f481fc4dff6734c055f2943e5d2 -> 
  custom:scripting/monoscript/fileName/TextEffect_Base.cs: 1b9a39eb3f7eb4d420cb56ed888ca97e -> 
  custom:scripting/monoscript/fileName/Effect_Scale.cs: 24350027199be1e1c520c27be9f8fbb9 -> 
  custom:scripting/monoscript/fileName/Effect_Color.cs: f5bc93c86b81ba37fa611632e3ecfb7f -> 
  custom:scripting/monoscript/fileName/Effect_Composite.cs: f3f7d32be82537fa78159e8943c1f1a7 -> 
  custom:CustomObjectIndexerAttribute: 756ad292c208cfabdd7b50bc23989ffe -> 
  custom:scripting/monoscript/fileName/TextEffectInstance.cs: 8d710191666e5c8cce9c6d33f66fafeb -> 
  custom:container-demuxer-webm: 4f35f7cbe854078d1ac9338744f61a02 -> 
  custom:scripting/monoscript/fileName/ButtonMethodAttribute.cs: cf389342635f998ab935cfcb5ae933df -> 
  custom:scripting/monoscript/fileName/ToggleDocAttribute.cs: d3c69a3f433376abbde86a297f4193a9 -> 
  custom:scripting/monoscript/fileName/MyHandles.cs: cc579ce2a9f371e54e4420275e0ac078 -> 
  custom:scripting/monoscript/fileName/ConditionalUtility.cs: 1205d2bd05e1eefe510065c234dd0f0e -> 
  custom:scripting/monoscript/fileName/MyCommonConstants.cs: afab7efaf9564dc9a7324c32dd196775 -> 
  custom:scripting/monoscript/fileName/CustomDrawerUtility.cs: 4fd84f09df56fbc0319d9bd7f922e98c -> 
  custom:container-muxer-webm: aa71ff27fc2769a1b78a27578f13a17b -> 
  custom:video-decoder-webm-vp8: 9c59270c3fd7afecdb556c50c9e8de78 -> 
  custom:SearchIndexIgnoredProperties: e643bd26f0fe6173181afceb89e7c659 -> 
  custom:AudioImporter_EditorPlatform: 3918e3fc78b5a79bad01e8451be0beb8 -> 
  custom:scripting/monoscript/fileName/ToggleDocAttributeDrawer.cs: e106f856849e4750d3809a4f241b1be2 -> 
  custom:scripting/monoscript/fileName/TextEffectEditor.cs: d3d8a1e5c2004b60d32f761eb093cf1b -> 
  custom:scripting/monoscript/fileName/MyColor.cs: 11671538b011fd3f337af43bc02e0c13 -> 
  custom:scripting/monoscript/fileName/AttributeBase.cs: d4cbb11724ea712d431b5cd07124907e -> 
  custom:scripting/monoscript/fileName/FoldBoxAttributeDrawer.cs: 7cddfc9687649703e6a68527865794bc -> 
  custom:scripting/monoscript/fileName/ConditionalFieldAttribute.cs: e6d9fd24956977713db9ec59b2642d84 -> 
  custom:scripting/monoscript/fileName/Effect_Move.cs: ef5516b861ddd6742709a32c4d74ed0d -> 
  custom:framework-osx-AVFoundation: e770b220cccbd017edd2c1fefb359320 -> 
  custom:scripting/monoscript/fileName/MyAlgorithms.cs: af94dca5879ebeadb102964fe2ba4c2c -> 
  custom:scripting/monoscript/fileName/TagEffectsPreset.cs: 7660331b4e5025a0b81c1733075d5b78 -> 
  custom:scripting/monoscript/fileName/Effect_Rotate.cs: ffdcc32648b4f2ece65aebb867cbbb0e -> 
  custom:video-encoder-webm-vp8: eb34c28f22e8b96e1ab97ce403110664 -> 
  custom:audio-decoder-ogg-vorbis: bf7c407c2cedff20999df2af8eb42d56 -> 
  custom:scripting/monoscript/fileName/WarningsPool.cs: fe4fa1866c40657be6a51b3604c9b41a -> 
  custom:scripting/monoscript/fileName/MyString.cs: 37ddb2560db549b377c16ed27598cb79 -> 
  custom:scripting/monoscript/fileName/TextEffectStatus.cs: 0d9a417212ada6670935a5511afc12b9 -> 
  custom:scripting/monoscript/fileName/TextEffect.cs: b3399054379a13f493415819f2b26d02 -> 
  custom:scripting/monoscript/fileName/MinMaxRangeAttribute.cs: 290170215b5b7bdd3fb5340a79339fb0 -> 
  custom:scripting/monoscript/fileName/AttributeBaseDrawer.cs: 26c86ce1d32ef473ff54fac3b3f34384 -> 
  custom:scripting/monoscript/fileName/ConditionalData.cs: 31d8359f80de1f6456e27c8f052f735f -> 
  custom:scripting/monoscript/fileName/CollectionWrapper.cs: 1d692121383b052bc3c42bd312cb03d9 -> 
  custom:audio-encoder-webm-vorbis: bf7c407c2cedff20999df2af8eb42d56 -> 
  custom:scripting/monoscript/fileName/TimeUtil.cs: f1db10614389fe8436f67f4138e33eab -> 
  custom:scripting/monoscript/fileName/MyCollections.cs: 1573b6e8eec6809de8e4f734cd42ac53 -> 
  custom:scripting/monoscript/fileName/PerVertexEffectEditor.cs: 0e08baf525303c472bfaf41752a7f457 -> 
  custom:scripting/monoscript/fileName/MyReflection.cs: 912dd491c7847901aa49939904b2f1dd -> 
========================================================================
Received Prepare
Begin MonoManager ReloadAssembly
Thread 0x30bd93000 may have been prematurely finalized
- Loaded All Assemblies, in  0.432 seconds
Refreshing native plugins compatible for Editor in 1.20 ms, found 2 plugins.
Native extension for WindowsStandalone target not found
Native extension for AppleTV target not found
Native extension for iOS target not found
Native extension for OSXStandalone target not found
Native extension for WebGL target not found
Mono: successfully reloaded assembly
- Finished resetting the current domain, in  0.972 seconds
Domain Reload Profiling: 1405ms
	BeginReloadAssembly (151ms)
		ExecutionOrderSort (0ms)
		DisableScriptedObjects (6ms)
		BackupInstance (0ms)
		ReleaseScriptingObjects (0ms)
		CreateAndSetChildDomain (60ms)
	RebuildCommonClasses (49ms)
	RebuildNativeTypeToScriptingClass (16ms)
	initialDomainReloadingComplete (26ms)
	LoadAllAssembliesAndSetupDomain (189ms)
		LoadAssemblies (224ms)
		RebuildTransferFunctionScriptingTraits (0ms)
		AnalyzeDomain (18ms)
			TypeCache.Refresh (10ms)
				TypeCache.ScanAssembly (0ms)
			ScanForSourceGeneratedMonoScriptInfo (0ms)
			ResolveRequiredComponents (6ms)
	FinalizeReload (973ms)
		ReleaseScriptCaches (0ms)
		RebuildScriptCaches (0ms)
		SetupLoadedEditorAssemblies (431ms)
			LogAssemblyErrors (0ms)
			InitializePlatformSupportModulesInManaged (25ms)
			SetLoadedEditorAssemblies (5ms)
			RefreshPlugins (0ms)
			BeforeProcessingInitializeOnLoad (56ms)
			ProcessInitializeOnLoadAttributes (304ms)
			ProcessInitializeOnLoadMethodAttributes (40ms)
			AfterProcessingInitializeOnLoad (2ms)
			EditorAssembliesLoaded (0ms)
		ExecutionOrderSort2 (0ms)
		AwakeInstancesAfterBackupRestoration (8ms)
Refreshing native plugins compatible for Editor in 1.27 ms, found 2 plugins.
Preloading 0 native plugins for Editor in 0.00 ms.
Unloading 3153 Unused Serialized files (Serialized files now loaded: 0)
Unloading 21 unused Assets / (31.1 KB). Loaded Objects now: 3797.
Memory consumption went from 500.6 MB to 500.6 MB.
Total: 3.522750 ms (FindLiveObjects: 0.158625 ms CreateObjectMapping: 0.066875 ms MarkObjects: 3.243125 ms  DeleteObjects: 0.053208 ms)

Prepare: number of updated asset objects reloaded= 0
AssetImportParameters requested are different than current active one (requested -> active):
  custom:scripting/monoscript/fileName/GlobalTextEffectEntry.cs: c33c6024380cd43b3456fe6aea6f41ce -> 
  custom:scripting/monoscript/fileName/FoldBoxAttribute.cs: 66ff91a3485d06d36b8511fad6212f92 -> 
  custom:container-demuxer-ogg: 62fdf1f143b41e24485cea50d1cbac27 -> 
  custom:scripting/monoscript/fileName/MyDebug.cs: f3faef2d00c537158ab87ca513b25292 -> 
  custom:scripting/monoscript/fileName/MinMax.cs: 1c24b444ecff0bdeaf87d2edcb9d5029 -> 
  custom:scripting/monoscript/fileName/EditorDocumentation.cs: 934fb06e6a0b5b2798793a45828d3d5f -> 
  custom:scripting/monoscript/fileName/Effect_PerVertex.cs: 3f70f7fc3d4f9bfb1e10cd5e53684ee7 -> 
  custom:video-decoder-ogg-theora: a1e56fd34408186e4bbccfd4996cb3dc -> 
  custom:scripting/monoscript/fileName/MySerializedProperty.cs: 782cc9e912ef11023f0b93b5cae175e2 -> 
  custom:scripting/monoscript/fileName/CompositeEffectEditor.cs: 271d2f481fc4dff6734c055f2943e5d2 -> 
  custom:scripting/monoscript/fileName/TextEffect_Base.cs: 1b9a39eb3f7eb4d420cb56ed888ca97e -> 
  custom:scripting/monoscript/fileName/Effect_Scale.cs: 24350027199be1e1c520c27be9f8fbb9 -> 
  custom:scripting/monoscript/fileName/Effect_Color.cs: f5bc93c86b81ba37fa611632e3ecfb7f -> 
  custom:scripting/monoscript/fileName/Effect_Composite.cs: f3f7d32be82537fa78159e8943c1f1a7 -> 
  custom:CustomObjectIndexerAttribute: 756ad292c208cfabdd7b50bc23989ffe -> 
  custom:scripting/monoscript/fileName/TextEffectInstance.cs: 8d710191666e5c8cce9c6d33f66fafeb -> 
  custom:container-demuxer-webm: 4f35f7cbe854078d1ac9338744f61a02 -> 
  custom:scripting/monoscript/fileName/ButtonMethodAttribute.cs: cf389342635f998ab935cfcb5ae933df -> 
  custom:scripting/monoscript/fileName/ToggleDocAttribute.cs: d3c69a3f433376abbde86a297f4193a9 -> 
  custom:scripting/monoscript/fileName/MyHandles.cs: cc579ce2a9f371e54e4420275e0ac078 -> 
  custom:scripting/monoscript/fileName/ConditionalUtility.cs: 1205d2bd05e1eefe510065c234dd0f0e -> 
  custom:scripting/monoscript/fileName/MyCommonConstants.cs: afab7efaf9564dc9a7324c32dd196775 -> 
  custom:scripting/monoscript/fileName/CustomDrawerUtility.cs: 4fd84f09df56fbc0319d9bd7f922e98c -> 
  custom:container-muxer-webm: aa71ff27fc2769a1b78a27578f13a17b -> 
  custom:video-decoder-webm-vp8: 9c59270c3fd7afecdb556c50c9e8de78 -> 
  custom:SearchIndexIgnoredProperties: e643bd26f0fe6173181afceb89e7c659 -> 
  custom:AudioImporter_EditorPlatform: 3918e3fc78b5a79bad01e8451be0beb8 -> 
  custom:scripting/monoscript/fileName/ToggleDocAttributeDrawer.cs: e106f856849e4750d3809a4f241b1be2 -> 
  custom:scripting/monoscript/fileName/TextEffectEditor.cs: d3d8a1e5c2004b60d32f761eb093cf1b -> 
  custom:scripting/monoscript/fileName/MyColor.cs: 11671538b011fd3f337af43bc02e0c13 -> 
  custom:scripting/monoscript/fileName/AttributeBase.cs: d4cbb11724ea712d431b5cd07124907e -> 
  custom:scripting/monoscript/fileName/FoldBoxAttributeDrawer.cs: 7cddfc9687649703e6a68527865794bc -> 
  custom:scripting/monoscript/fileName/ConditionalFieldAttribute.cs: e6d9fd24956977713db9ec59b2642d84 -> 
  custom:scripting/monoscript/fileName/Effect_Move.cs: ef5516b861ddd6742709a32c4d74ed0d -> 
  custom:framework-osx-AVFoundation: e770b220cccbd017edd2c1fefb359320 -> 
  custom:scripting/monoscript/fileName/MyAlgorithms.cs: af94dca5879ebeadb102964fe2ba4c2c -> 
  custom:scripting/monoscript/fileName/TagEffectsPreset.cs: 7660331b4e5025a0b81c1733075d5b78 -> 
  custom:scripting/monoscript/fileName/Effect_Rotate.cs: ffdcc32648b4f2ece65aebb867cbbb0e -> 
  custom:video-encoder-webm-vp8: eb34c28f22e8b96e1ab97ce403110664 -> 
  custom:audio-decoder-ogg-vorbis: bf7c407c2cedff20999df2af8eb42d56 -> 
  custom:scripting/monoscript/fileName/WarningsPool.cs: fe4fa1866c40657be6a51b3604c9b41a -> 
  custom:scripting/monoscript/fileName/MyString.cs: 37ddb2560db549b377c16ed27598cb79 -> 
  custom:scripting/monoscript/fileName/TextEffectStatus.cs: 0d9a417212ada6670935a5511afc12b9 -> 
  custom:scripting/monoscript/fileName/TextEffect.cs: b3399054379a13f493415819f2b26d02 -> 
  custom:scripting/monoscript/fileName/MinMaxRangeAttribute.cs: 290170215b5b7bdd3fb5340a79339fb0 -> 
  custom:scripting/monoscript/fileName/AttributeBaseDrawer.cs: 26c86ce1d32ef473ff54fac3b3f34384 -> 
  custom:scripting/monoscript/fileName/ConditionalData.cs: 31d8359f80de1f6456e27c8f052f735f -> 
  custom:scripting/monoscript/fileName/CollectionWrapper.cs: 1d692121383b052bc3c42bd312cb03d9 -> 
  custom:audio-encoder-webm-vorbis: bf7c407c2cedff20999df2af8eb42d56 -> 
  custom:scripting/monoscript/fileName/TimeUtil.cs: f1db10614389fe8436f67f4138e33eab -> 
  custom:scripting/monoscript/fileName/MyCollections.cs: 1573b6e8eec6809de8e4f734cd42ac53 -> 
  custom:scripting/monoscript/fileName/PerVertexEffectEditor.cs: 0e08baf525303c472bfaf41752a7f457 -> 
  custom:scripting/monoscript/fileName/MyReflection.cs: 912dd491c7847901aa49939904b2f1dd -> 
========================================================================
Received Prepare
Begin MonoManager ReloadAssembly
Thread 0x30bd93000 may have been prematurely finalized
- Loaded All Assemblies, in  0.723 seconds
Refreshing native plugins compatible for Editor in 1.09 ms, found 2 plugins.
Native extension for WindowsStandalone target not found
Native extension for AppleTV target not found
Native extension for iOS target not found
Native extension for OSXStandalone target not found
Native extension for WebGL target not found
Mono: successfully reloaded assembly
- Finished resetting the current domain, in  0.841 seconds
Domain Reload Profiling: 1565ms
	BeginReloadAssembly (392ms)
		ExecutionOrderSort (0ms)
		DisableScriptedObjects (14ms)
		BackupInstance (0ms)
		ReleaseScriptingObjects (0ms)
		CreateAndSetChildDomain (244ms)
	RebuildCommonClasses (63ms)
	RebuildNativeTypeToScriptingClass (21ms)
	initialDomainReloadingComplete (32ms)
	LoadAllAssembliesAndSetupDomain (216ms)
		LoadAssemblies (254ms)
		RebuildTransferFunctionScriptingTraits (0ms)
		AnalyzeDomain (32ms)
			TypeCache.Refresh (15ms)
				TypeCache.ScanAssembly (1ms)
			ScanForSourceGeneratedMonoScriptInfo (10ms)
			ResolveRequiredComponents (6ms)
	FinalizeReload (842ms)
		ReleaseScriptCaches (0ms)
		RebuildScriptCaches (0ms)
		SetupLoadedEditorAssemblies (356ms)
			LogAssemblyErrors (0ms)
			InitializePlatformSupportModulesInManaged (23ms)
			SetLoadedEditorAssemblies (5ms)
			RefreshPlugins (0ms)
			BeforeProcessingInitializeOnLoad (54ms)
			ProcessInitializeOnLoadAttributes (255ms)
			ProcessInitializeOnLoadMethodAttributes (18ms)
			AfterProcessingInitializeOnLoad (1ms)
			EditorAssembliesLoaded (0ms)
		ExecutionOrderSort2 (0ms)
		AwakeInstancesAfterBackupRestoration (3ms)
Refreshing native plugins compatible for Editor in 1.18 ms, found 2 plugins.
Preloading 0 native plugins for Editor in 0.00 ms.
Unloading 3153 Unused Serialized files (Serialized files now loaded: 0)
Unloading 21 unused Assets / (31.1 KB). Loaded Objects now: 3800.
Memory consumption went from 507.5 MB to 507.5 MB.
Total: 3.255250 ms (FindLiveObjects: 0.162542 ms CreateObjectMapping: 0.059083 ms MarkObjects: 2.970083 ms  DeleteObjects: 0.062792 ms)

Prepare: number of updated asset objects reloaded= 0
AssetImportParameters requested are different than current active one (requested -> active):
  custom:scripting/monoscript/fileName/GlobalTextEffectEntry.cs: c33c6024380cd43b3456fe6aea6f41ce -> 
  custom:scripting/monoscript/fileName/FoldBoxAttribute.cs: 66ff91a3485d06d36b8511fad6212f92 -> 
  custom:container-demuxer-ogg: 62fdf1f143b41e24485cea50d1cbac27 -> 
  custom:scripting/monoscript/fileName/MyDebug.cs: f3faef2d00c537158ab87ca513b25292 -> 
  custom:scripting/monoscript/fileName/MinMax.cs: 1c24b444ecff0bdeaf87d2edcb9d5029 -> 
  custom:scripting/monoscript/fileName/EditorDocumentation.cs: 934fb06e6a0b5b2798793a45828d3d5f -> 
  custom:scripting/monoscript/fileName/Effect_PerVertex.cs: 3f70f7fc3d4f9bfb1e10cd5e53684ee7 -> 
  custom:video-decoder-ogg-theora: a1e56fd34408186e4bbccfd4996cb3dc -> 
  custom:scripting/monoscript/fileName/MySerializedProperty.cs: 782cc9e912ef11023f0b93b5cae175e2 -> 
  custom:scripting/monoscript/fileName/CompositeEffectEditor.cs: 271d2f481fc4dff6734c055f2943e5d2 -> 
  custom:scripting/monoscript/fileName/TextEffect_Base.cs: 1b9a39eb3f7eb4d420cb56ed888ca97e -> 
  custom:scripting/monoscript/fileName/Effect_Scale.cs: 24350027199be1e1c520c27be9f8fbb9 -> 
  custom:scripting/monoscript/fileName/Effect_Color.cs: f5bc93c86b81ba37fa611632e3ecfb7f -> 
  custom:scripting/monoscript/fileName/Effect_Composite.cs: f3f7d32be82537fa78159e8943c1f1a7 -> 
  custom:CustomObjectIndexerAttribute: 756ad292c208cfabdd7b50bc23989ffe -> 
  custom:scripting/monoscript/fileName/TextEffectInstance.cs: 8d710191666e5c8cce9c6d33f66fafeb -> 
  custom:container-demuxer-webm: 4f35f7cbe854078d1ac9338744f61a02 -> 
  custom:scripting/monoscript/fileName/ButtonMethodAttribute.cs: cf389342635f998ab935cfcb5ae933df -> 
  custom:scripting/monoscript/fileName/ToggleDocAttribute.cs: d3c69a3f433376abbde86a297f4193a9 -> 
  custom:scripting/monoscript/fileName/MyHandles.cs: cc579ce2a9f371e54e4420275e0ac078 -> 
  custom:scripting/monoscript/fileName/ConditionalUtility.cs: 1205d2bd05e1eefe510065c234dd0f0e -> 
  custom:scripting/monoscript/fileName/MyCommonConstants.cs: afab7efaf9564dc9a7324c32dd196775 -> 
  custom:scripting/monoscript/fileName/CustomDrawerUtility.cs: 4fd84f09df56fbc0319d9bd7f922e98c -> 
  custom:container-muxer-webm: aa71ff27fc2769a1b78a27578f13a17b -> 
  custom:video-decoder-webm-vp8: 9c59270c3fd7afecdb556c50c9e8de78 -> 
  custom:SearchIndexIgnoredProperties: e643bd26f0fe6173181afceb89e7c659 -> 
  custom:AudioImporter_EditorPlatform: 3918e3fc78b5a79bad01e8451be0beb8 -> 
  custom:scripting/monoscript/fileName/ToggleDocAttributeDrawer.cs: e106f856849e4750d3809a4f241b1be2 -> 
  custom:scripting/monoscript/fileName/TextEffectEditor.cs: d3d8a1e5c2004b60d32f761eb093cf1b -> 
  custom:scripting/monoscript/fileName/MyColor.cs: 11671538b011fd3f337af43bc02e0c13 -> 
  custom:scripting/monoscript/fileName/AttributeBase.cs: d4cbb11724ea712d431b5cd07124907e -> 
  custom:scripting/monoscript/fileName/FoldBoxAttributeDrawer.cs: 7cddfc9687649703e6a68527865794bc -> 
  custom:scripting/monoscript/fileName/ConditionalFieldAttribute.cs: e6d9fd24956977713db9ec59b2642d84 -> 
  custom:scripting/monoscript/fileName/Effect_Move.cs: ef5516b861ddd6742709a32c4d74ed0d -> 
  custom:framework-osx-AVFoundation: e770b220cccbd017edd2c1fefb359320 -> 
  custom:scripting/monoscript/fileName/MyAlgorithms.cs: af94dca5879ebeadb102964fe2ba4c2c -> 
  custom:scripting/monoscript/fileName/TagEffectsPreset.cs: 7660331b4e5025a0b81c1733075d5b78 -> 
  custom:scripting/monoscript/fileName/Effect_Rotate.cs: ffdcc32648b4f2ece65aebb867cbbb0e -> 
  custom:video-encoder-webm-vp8: eb34c28f22e8b96e1ab97ce403110664 -> 
  custom:audio-decoder-ogg-vorbis: bf7c407c2cedff20999df2af8eb42d56 -> 
  custom:scripting/monoscript/fileName/WarningsPool.cs: fe4fa1866c40657be6a51b3604c9b41a -> 
  custom:scripting/monoscript/fileName/MyString.cs: 37ddb2560db549b377c16ed27598cb79 -> 
  custom:scripting/monoscript/fileName/TextEffectStatus.cs: 0d9a417212ada6670935a5511afc12b9 -> 
  custom:scripting/monoscript/fileName/TextEffect.cs: b3399054379a13f493415819f2b26d02 -> 
  custom:scripting/monoscript/fileName/MinMaxRangeAttribute.cs: 290170215b5b7bdd3fb5340a79339fb0 -> 
  custom:scripting/monoscript/fileName/AttributeBaseDrawer.cs: 26c86ce1d32ef473ff54fac3b3f34384 -> 
  custom:scripting/monoscript/fileName/ConditionalData.cs: 31d8359f80de1f6456e27c8f052f735f -> 
  custom:scripting/monoscript/fileName/CollectionWrapper.cs: 1d692121383b052bc3c42bd312cb03d9 -> 
  custom:audio-encoder-webm-vorbis: bf7c407c2cedff20999df2af8eb42d56 -> 
  custom:scripting/monoscript/fileName/TimeUtil.cs: f1db10614389fe8436f67f4138e33eab -> 
  custom:scripting/monoscript/fileName/MyCollections.cs: 1573b6e8eec6809de8e4f734cd42ac53 -> 
  custom:scripting/monoscript/fileName/PerVertexEffectEditor.cs: 0e08baf525303c472bfaf41752a7f457 -> 
  custom:scripting/monoscript/fileName/MyReflection.cs: 912dd491c7847901aa49939904b2f1dd -> 
========================================================================
Received Prepare
Begin MonoManager ReloadAssembly
Thread 0x30bd93000 may have been prematurely finalized
- Loaded All Assemblies, in  0.525 seconds
Refreshing native plugins compatible for Editor in 1.52 ms, found 2 plugins.
Native extension for WindowsStandalone target not found
Native extension for AppleTV target not found
Native extension for iOS target not found
Native extension for OSXStandalone target not found
Native extension for WebGL target not found
Mono: successfully reloaded assembly
- Finished resetting the current domain, in  0.938 seconds
Domain Reload Profiling: 1463ms
	BeginReloadAssembly (158ms)
		ExecutionOrderSort (0ms)
		DisableScriptedObjects (7ms)
		BackupInstance (0ms)
		ReleaseScriptingObjects (0ms)
		CreateAndSetChildDomain (63ms)
	RebuildCommonClasses (50ms)
	RebuildNativeTypeToScriptingClass (18ms)
	initialDomainReloadingComplete (28ms)
	LoadAllAssembliesAndSetupDomain (271ms)
		LoadAssemblies (289ms)
		RebuildTransferFunctionScriptingTraits (0ms)
		AnalyzeDomain (34ms)
			TypeCache.Refresh (16ms)
				TypeCache.ScanAssembly (1ms)
			ScanForSourceGeneratedMonoScriptInfo (10ms)
			ResolveRequiredComponents (7ms)
	FinalizeReload (938ms)
		ReleaseScriptCaches (0ms)
		RebuildScriptCaches (0ms)
		SetupLoadedEditorAssemblies (365ms)
			LogAssemblyErrors (0ms)
			InitializePlatformSupportModulesInManaged (23ms)
			SetLoadedEditorAssemblies (5ms)
			RefreshPlugins (0ms)
			BeforeProcessingInitializeOnLoad (59ms)
			ProcessInitializeOnLoadAttributes (259ms)
			ProcessInitializeOnLoadMethodAttributes (18ms)
			AfterProcessingInitializeOnLoad (1ms)
			EditorAssembliesLoaded (0ms)
		ExecutionOrderSort2 (0ms)
		AwakeInstancesAfterBackupRestoration (3ms)
Refreshing native plugins compatible for Editor in 1.16 ms, found 2 plugins.
Preloading 0 native plugins for Editor in 0.00 ms.
Unloading 3153 Unused Serialized files (Serialized files now loaded: 0)
Unloading 21 unused Assets / (31.1 KB). Loaded Objects now: 3803.
Memory consumption went from 0.50 GB to 0.50 GB.
Total: 3.054834 ms (FindLiveObjects: 0.143250 ms CreateObjectMapping: 0.061250 ms MarkObjects: 2.799334 ms  DeleteObjects: 0.050042 ms)

Prepare: number of updated asset objects reloaded= 0
AssetImportParameters requested are different than current active one (requested -> active):
  custom:scripting/monoscript/fileName/GlobalTextEffectEntry.cs: c33c6024380cd43b3456fe6aea6f41ce -> 
  custom:scripting/monoscript/fileName/FoldBoxAttribute.cs: 66ff91a3485d06d36b8511fad6212f92 -> 
  custom:container-demuxer-ogg: 62fdf1f143b41e24485cea50d1cbac27 -> 
  custom:scripting/monoscript/fileName/MyDebug.cs: f3faef2d00c537158ab87ca513b25292 -> 
  custom:scripting/monoscript/fileName/MinMax.cs: 1c24b444ecff0bdeaf87d2edcb9d5029 -> 
  custom:scripting/monoscript/fileName/EditorDocumentation.cs: 934fb06e6a0b5b2798793a45828d3d5f -> 
  custom:scripting/monoscript/fileName/Effect_PerVertex.cs: 3f70f7fc3d4f9bfb1e10cd5e53684ee7 -> 
  custom:video-decoder-ogg-theora: a1e56fd34408186e4bbccfd4996cb3dc -> 
  custom:scripting/monoscript/fileName/MySerializedProperty.cs: 782cc9e912ef11023f0b93b5cae175e2 -> 
  custom:scripting/monoscript/fileName/CompositeEffectEditor.cs: 271d2f481fc4dff6734c055f2943e5d2 -> 
  custom:scripting/monoscript/fileName/TextEffect_Base.cs: 1b9a39eb3f7eb4d420cb56ed888ca97e -> 
  custom:scripting/monoscript/fileName/Effect_Scale.cs: 24350027199be1e1c520c27be9f8fbb9 -> 
  custom:scripting/monoscript/fileName/Effect_Color.cs: f5bc93c86b81ba37fa611632e3ecfb7f -> 
  custom:scripting/monoscript/fileName/Effect_Composite.cs: f3f7d32be82537fa78159e8943c1f1a7 -> 
  custom:CustomObjectIndexerAttribute: 756ad292c208cfabdd7b50bc23989ffe -> 
  custom:scripting/monoscript/fileName/TextEffectInstance.cs: 8d710191666e5c8cce9c6d33f66fafeb -> 
  custom:container-demuxer-webm: 4f35f7cbe854078d1ac9338744f61a02 -> 
  custom:scripting/monoscript/fileName/ButtonMethodAttribute.cs: cf389342635f998ab935cfcb5ae933df -> 
  custom:scripting/monoscript/fileName/ToggleDocAttribute.cs: d3c69a3f433376abbde86a297f4193a9 -> 
  custom:scripting/monoscript/fileName/MyHandles.cs: cc579ce2a9f371e54e4420275e0ac078 -> 
  custom:scripting/monoscript/fileName/ConditionalUtility.cs: 1205d2bd05e1eefe510065c234dd0f0e -> 
  custom:scripting/monoscript/fileName/MyCommonConstants.cs: afab7efaf9564dc9a7324c32dd196775 -> 
  custom:scripting/monoscript/fileName/CustomDrawerUtility.cs: 4fd84f09df56fbc0319d9bd7f922e98c -> 
  custom:container-muxer-webm: aa71ff27fc2769a1b78a27578f13a17b -> 
  custom:video-decoder-webm-vp8: 9c59270c3fd7afecdb556c50c9e8de78 -> 
  custom:SearchIndexIgnoredProperties: e643bd26f0fe6173181afceb89e7c659 -> 
  custom:AudioImporter_EditorPlatform: 3918e3fc78b5a79bad01e8451be0beb8 -> 
  custom:scripting/monoscript/fileName/ToggleDocAttributeDrawer.cs: e106f856849e4750d3809a4f241b1be2 -> 
  custom:scripting/monoscript/fileName/TextEffectEditor.cs: d3d8a1e5c2004b60d32f761eb093cf1b -> 
  custom:scripting/monoscript/fileName/MyColor.cs: 11671538b011fd3f337af43bc02e0c13 -> 
  custom:scripting/monoscript/fileName/AttributeBase.cs: d4cbb11724ea712d431b5cd07124907e -> 
  custom:scripting/monoscript/fileName/FoldBoxAttributeDrawer.cs: 7cddfc9687649703e6a68527865794bc -> 
  custom:scripting/monoscript/fileName/ConditionalFieldAttribute.cs: e6d9fd24956977713db9ec59b2642d84 -> 
  custom:scripting/monoscript/fileName/Effect_Move.cs: ef5516b861ddd6742709a32c4d74ed0d -> 
  custom:framework-osx-AVFoundation: e770b220cccbd017edd2c1fefb359320 -> 
  custom:scripting/monoscript/fileName/MyAlgorithms.cs: af94dca5879ebeadb102964fe2ba4c2c -> 
  custom:scripting/monoscript/fileName/TagEffectsPreset.cs: 7660331b4e5025a0b81c1733075d5b78 -> 
  custom:scripting/monoscript/fileName/Effect_Rotate.cs: ffdcc32648b4f2ece65aebb867cbbb0e -> 
  custom:video-encoder-webm-vp8: eb34c28f22e8b96e1ab97ce403110664 -> 
  custom:audio-decoder-ogg-vorbis: bf7c407c2cedff20999df2af8eb42d56 -> 
  custom:scripting/monoscript/fileName/WarningsPool.cs: fe4fa1866c40657be6a51b3604c9b41a -> 
  custom:scripting/monoscript/fileName/MyString.cs: 37ddb2560db549b377c16ed27598cb79 -> 
  custom:scripting/monoscript/fileName/TextEffectStatus.cs: 0d9a417212ada6670935a5511afc12b9 -> 
  custom:scripting/monoscript/fileName/TextEffect.cs: b3399054379a13f493415819f2b26d02 -> 
  custom:scripting/monoscript/fileName/MinMaxRangeAttribute.cs: 290170215b5b7bdd3fb5340a79339fb0 -> 
  custom:scripting/monoscript/fileName/AttributeBaseDrawer.cs: 26c86ce1d32ef473ff54fac3b3f34384 -> 
  custom:scripting/monoscript/fileName/ConditionalData.cs: 31d8359f80de1f6456e27c8f052f735f -> 
  custom:scripting/monoscript/fileName/CollectionWrapper.cs: 1d692121383b052bc3c42bd312cb03d9 -> 
  custom:audio-encoder-webm-vorbis: bf7c407c2cedff20999df2af8eb42d56 -> 
  custom:scripting/monoscript/fileName/TimeUtil.cs: f1db10614389fe8436f67f4138e33eab -> 
  custom:scripting/monoscript/fileName/MyCollections.cs: 1573b6e8eec6809de8e4f734cd42ac53 -> 
  custom:scripting/monoscript/fileName/PerVertexEffectEditor.cs: 0e08baf525303c472bfaf41752a7f457 -> 
  custom:scripting/monoscript/fileName/MyReflection.cs: 912dd491c7847901aa49939904b2f1dd -> 
========================================================================
Received Prepare
Begin MonoManager ReloadAssembly
Thread 0x30bd93000 may have been prematurely finalized
- Loaded All Assemblies, in  0.466 seconds
Refreshing native plugins compatible for Editor in 1.34 ms, found 2 plugins.
Native extension for WindowsStandalone target not found
Native extension for AppleTV target not found
Native extension for iOS target not found
Native extension for OSXStandalone target not found
Native extension for WebGL target not found
Mono: successfully reloaded assembly
- Finished resetting the current domain, in  1.051 seconds
Domain Reload Profiling: 1518ms
	BeginReloadAssembly (181ms)
		ExecutionOrderSort (0ms)
		DisableScriptedObjects (6ms)
		BackupInstance (0ms)
		ReleaseScriptingObjects (0ms)
		CreateAndSetChildDomain (85ms)
	RebuildCommonClasses (47ms)
	RebuildNativeTypeToScriptingClass (16ms)
	initialDomainReloadingComplete (25ms)
	LoadAllAssembliesAndSetupDomain (197ms)
		LoadAssemblies (232ms)
		RebuildTransferFunctionScriptingTraits (0ms)
		AnalyzeDomain (22ms)
			TypeCache.Refresh (13ms)
				TypeCache.ScanAssembly (0ms)
			ScanForSourceGeneratedMonoScriptInfo (0ms)
			ResolveRequiredComponents (7ms)
	FinalizeReload (1051ms)
		ReleaseScriptCaches (0ms)
		RebuildScriptCaches (0ms)
		SetupLoadedEditorAssemblies (549ms)
			LogAssemblyErrors (0ms)
			InitializePlatformSupportModulesInManaged (25ms)
			SetLoadedEditorAssemblies (5ms)
			RefreshPlugins (0ms)
			BeforeProcessingInitializeOnLoad (58ms)
			ProcessInitializeOnLoadAttributes (424ms)
			ProcessInitializeOnLoadMethodAttributes (35ms)
			AfterProcessingInitializeOnLoad (2ms)
			EditorAssembliesLoaded (0ms)
		ExecutionOrderSort2 (0ms)
		AwakeInstancesAfterBackupRestoration (7ms)
Refreshing native plugins compatible for Editor in 1.13 ms, found 2 plugins.
Preloading 0 native plugins for Editor in 0.00 ms.
Unloading 3153 Unused Serialized files (Serialized files now loaded: 0)
Unloading 21 unused Assets / (31.1 KB). Loaded Objects now: 3806.
Memory consumption went from 0.51 GB to 0.51 GB.
Total: 3.110458 ms (FindLiveObjects: 0.143416 ms CreateObjectMapping: 0.060834 ms MarkObjects: 2.850625 ms  DeleteObjects: 0.054708 ms)

Prepare: number of updated asset objects reloaded= 0
AssetImportParameters requested are different than current active one (requested -> active):
  custom:scripting/monoscript/fileName/GlobalTextEffectEntry.cs: c33c6024380cd43b3456fe6aea6f41ce -> 
  custom:scripting/monoscript/fileName/FoldBoxAttribute.cs: 66ff91a3485d06d36b8511fad6212f92 -> 
  custom:container-demuxer-ogg: 62fdf1f143b41e24485cea50d1cbac27 -> 
  custom:scripting/monoscript/fileName/MyDebug.cs: f3faef2d00c537158ab87ca513b25292 -> 
  custom:scripting/monoscript/fileName/MinMax.cs: 1c24b444ecff0bdeaf87d2edcb9d5029 -> 
  custom:scripting/monoscript/fileName/EditorDocumentation.cs: 934fb06e6a0b5b2798793a45828d3d5f -> 
  custom:scripting/monoscript/fileName/Effect_PerVertex.cs: 3f70f7fc3d4f9bfb1e10cd5e53684ee7 -> 
  custom:video-decoder-ogg-theora: a1e56fd34408186e4bbccfd4996cb3dc -> 
  custom:scripting/monoscript/fileName/MySerializedProperty.cs: 782cc9e912ef11023f0b93b5cae175e2 -> 
  custom:scripting/monoscript/fileName/CompositeEffectEditor.cs: 271d2f481fc4dff6734c055f2943e5d2 -> 
  custom:scripting/monoscript/fileName/TextEffect_Base.cs: 1b9a39eb3f7eb4d420cb56ed888ca97e -> 
  custom:scripting/monoscript/fileName/Effect_Scale.cs: 24350027199be1e1c520c27be9f8fbb9 -> 
  custom:scripting/monoscript/fileName/Effect_Color.cs: f5bc93c86b81ba37fa611632e3ecfb7f -> 
  custom:scripting/monoscript/fileName/Effect_Composite.cs: f3f7d32be82537fa78159e8943c1f1a7 -> 
  custom:CustomObjectIndexerAttribute: 756ad292c208cfabdd7b50bc23989ffe -> 
  custom:scripting/monoscript/fileName/TextEffectInstance.cs: 8d710191666e5c8cce9c6d33f66fafeb -> 
  custom:container-demuxer-webm: 4f35f7cbe854078d1ac9338744f61a02 -> 
  custom:scripting/monoscript/fileName/ButtonMethodAttribute.cs: cf389342635f998ab935cfcb5ae933df -> 
  custom:scripting/monoscript/fileName/ToggleDocAttribute.cs: d3c69a3f433376abbde86a297f4193a9 -> 
  custom:scripting/monoscript/fileName/MyHandles.cs: cc579ce2a9f371e54e4420275e0ac078 -> 
  custom:scripting/monoscript/fileName/ConditionalUtility.cs: 1205d2bd05e1eefe510065c234dd0f0e -> 
  custom:scripting/monoscript/fileName/MyCommonConstants.cs: afab7efaf9564dc9a7324c32dd196775 -> 
  custom:scripting/monoscript/fileName/CustomDrawerUtility.cs: 4fd84f09df56fbc0319d9bd7f922e98c -> 
  custom:container-muxer-webm: aa71ff27fc2769a1b78a27578f13a17b -> 
  custom:video-decoder-webm-vp8: 9c59270c3fd7afecdb556c50c9e8de78 -> 
  custom:SearchIndexIgnoredProperties: e643bd26f0fe6173181afceb89e7c659 -> 
  custom:AudioImporter_EditorPlatform: 3918e3fc78b5a79bad01e8451be0beb8 -> 
  custom:scripting/monoscript/fileName/ToggleDocAttributeDrawer.cs: e106f856849e4750d3809a4f241b1be2 -> 
  custom:scripting/monoscript/fileName/TextEffectEditor.cs: d3d8a1e5c2004b60d32f761eb093cf1b -> 
  custom:scripting/monoscript/fileName/MyColor.cs: 11671538b011fd3f337af43bc02e0c13 -> 
  custom:scripting/monoscript/fileName/AttributeBase.cs: d4cbb11724ea712d431b5cd07124907e -> 
  custom:scripting/monoscript/fileName/FoldBoxAttributeDrawer.cs: 7cddfc9687649703e6a68527865794bc -> 
  custom:scripting/monoscript/fileName/ConditionalFieldAttribute.cs: e6d9fd24956977713db9ec59b2642d84 -> 
  custom:scripting/monoscript/fileName/Effect_Move.cs: ef5516b861ddd6742709a32c4d74ed0d -> 
  custom:framework-osx-AVFoundation: e770b220cccbd017edd2c1fefb359320 -> 
  custom:scripting/monoscript/fileName/MyAlgorithms.cs: af94dca5879ebeadb102964fe2ba4c2c -> 
  custom:scripting/monoscript/fileName/TagEffectsPreset.cs: 7660331b4e5025a0b81c1733075d5b78 -> 
  custom:scripting/monoscript/fileName/Effect_Rotate.cs: ffdcc32648b4f2ece65aebb867cbbb0e -> 
  custom:video-encoder-webm-vp8: eb34c28f22e8b96e1ab97ce403110664 -> 
  custom:audio-decoder-ogg-vorbis: bf7c407c2cedff20999df2af8eb42d56 -> 
  custom:scripting/monoscript/fileName/WarningsPool.cs: fe4fa1866c40657be6a51b3604c9b41a -> 
  custom:scripting/monoscript/fileName/MyString.cs: 37ddb2560db549b377c16ed27598cb79 -> 
  custom:scripting/monoscript/fileName/TextEffectStatus.cs: 0d9a417212ada6670935a5511afc12b9 -> 
  custom:scripting/monoscript/fileName/TextEffect.cs: b3399054379a13f493415819f2b26d02 -> 
  custom:scripting/monoscript/fileName/MinMaxRangeAttribute.cs: 290170215b5b7bdd3fb5340a79339fb0 -> 
  custom:scripting/monoscript/fileName/AttributeBaseDrawer.cs: 26c86ce1d32ef473ff54fac3b3f34384 -> 
  custom:scripting/monoscript/fileName/ConditionalData.cs: 31d8359f80de1f6456e27c8f052f735f -> 
  custom:scripting/monoscript/fileName/CollectionWrapper.cs: 1d692121383b052bc3c42bd312cb03d9 -> 
  custom:audio-encoder-webm-vorbis: bf7c407c2cedff20999df2af8eb42d56 -> 
  custom:scripting/monoscript/fileName/TimeUtil.cs: f1db10614389fe8436f67f4138e33eab -> 
  custom:scripting/monoscript/fileName/MyCollections.cs: 1573b6e8eec6809de8e4f734cd42ac53 -> 
  custom:scripting/monoscript/fileName/PerVertexEffectEditor.cs: 0e08baf525303c472bfaf41752a7f457 -> 
  custom:scripting/monoscript/fileName/MyReflection.cs: 912dd491c7847901aa49939904b2f1dd -> 
========================================================================
Received Prepare
Begin MonoManager ReloadAssembly
Thread 0x30bd93000 may have been prematurely finalized
- Loaded All Assemblies, in  0.470 seconds
Refreshing native plugins compatible for Editor in 1.19 ms, found 2 plugins.
Native extension for WindowsStandalone target not found
Native extension for AppleTV target not found
Native extension for iOS target not found
Native extension for OSXStandalone target not found
Native extension for WebGL target not found
Mono: successfully reloaded assembly
- Finished resetting the current domain, in  1.058 seconds
Domain Reload Profiling: 1530ms
	BeginReloadAssembly (171ms)
		ExecutionOrderSort (0ms)
		DisableScriptedObjects (5ms)
		BackupInstance (0ms)
		ReleaseScriptingObjects (0ms)
		CreateAndSetChildDomain (80ms)
	RebuildCommonClasses (48ms)
	RebuildNativeTypeToScriptingClass (15ms)
	initialDomainReloadingComplete (25ms)
	LoadAllAssembliesAndSetupDomain (212ms)
		LoadAssemblies (246ms)
		RebuildTransferFunctionScriptingTraits (0ms)
		AnalyzeDomain (18ms)
			TypeCache.Refresh (11ms)
				TypeCache.ScanAssembly (0ms)
			ScanForSourceGeneratedMonoScriptInfo (0ms)
			ResolveRequiredComponents (6ms)
	FinalizeReload (1059ms)
		ReleaseScriptCaches (0ms)
		RebuildScriptCaches (0ms)
		SetupLoadedEditorAssemblies (496ms)
			LogAssemblyErrors (0ms)
			InitializePlatformSupportModulesInManaged (25ms)
			SetLoadedEditorAssemblies (5ms)
			RefreshPlugins (0ms)
			BeforeProcessingInitializeOnLoad (58ms)
			ProcessInitializeOnLoadAttributes (367ms)
			ProcessInitializeOnLoadMethodAttributes (39ms)
			AfterProcessingInitializeOnLoad (2ms)
			EditorAssembliesLoaded (0ms)
		ExecutionOrderSort2 (0ms)
		AwakeInstancesAfterBackupRestoration (7ms)
Refreshing native plugins compatible for Editor in 1.15 ms, found 2 plugins.
Preloading 0 native plugins for Editor in 0.00 ms.
Unloading 3153 Unused Serialized files (Serialized files now loaded: 0)
Unloading 21 unused Assets / (31.1 KB). Loaded Objects now: 3809.
Memory consumption went from 0.52 GB to 0.52 GB.
Total: 3.184042 ms (FindLiveObjects: 0.154542 ms CreateObjectMapping: 0.059250 ms MarkObjects: 2.897292 ms  DeleteObjects: 0.071750 ms)

Prepare: number of updated asset objects reloaded= 0
AssetImportParameters requested are different than current active one (requested -> active):
  custom:scripting/monoscript/fileName/GlobalTextEffectEntry.cs: c33c6024380cd43b3456fe6aea6f41ce -> 
  custom:scripting/monoscript/fileName/FoldBoxAttribute.cs: 66ff91a3485d06d36b8511fad6212f92 -> 
  custom:container-demuxer-ogg: 62fdf1f143b41e24485cea50d1cbac27 -> 
  custom:scripting/monoscript/fileName/MyDebug.cs: f3faef2d00c537158ab87ca513b25292 -> 
  custom:scripting/monoscript/fileName/MinMax.cs: 1c24b444ecff0bdeaf87d2edcb9d5029 -> 
  custom:scripting/monoscript/fileName/EditorDocumentation.cs: 934fb06e6a0b5b2798793a45828d3d5f -> 
  custom:scripting/monoscript/fileName/Effect_PerVertex.cs: 3f70f7fc3d4f9bfb1e10cd5e53684ee7 -> 
  custom:video-decoder-ogg-theora: a1e56fd34408186e4bbccfd4996cb3dc -> 
  custom:scripting/monoscript/fileName/MySerializedProperty.cs: 782cc9e912ef11023f0b93b5cae175e2 -> 
  custom:scripting/monoscript/fileName/CompositeEffectEditor.cs: 271d2f481fc4dff6734c055f2943e5d2 -> 
  custom:scripting/monoscript/fileName/TextEffect_Base.cs: 1b9a39eb3f7eb4d420cb56ed888ca97e -> 
  custom:scripting/monoscript/fileName/Effect_Scale.cs: 24350027199be1e1c520c27be9f8fbb9 -> 
  custom:scripting/monoscript/fileName/Effect_Color.cs: f5bc93c86b81ba37fa611632e3ecfb7f -> 
  custom:scripting/monoscript/fileName/Effect_Composite.cs: f3f7d32be82537fa78159e8943c1f1a7 -> 
  custom:CustomObjectIndexerAttribute: 756ad292c208cfabdd7b50bc23989ffe -> 
  custom:scripting/monoscript/fileName/TextEffectInstance.cs: 8d710191666e5c8cce9c6d33f66fafeb -> 
  custom:container-demuxer-webm: 4f35f7cbe854078d1ac9338744f61a02 -> 
  custom:scripting/monoscript/fileName/ButtonMethodAttribute.cs: cf389342635f998ab935cfcb5ae933df -> 
  custom:scripting/monoscript/fileName/ToggleDocAttribute.cs: d3c69a3f433376abbde86a297f4193a9 -> 
  custom:scripting/monoscript/fileName/MyHandles.cs: cc579ce2a9f371e54e4420275e0ac078 -> 
  custom:scripting/monoscript/fileName/ConditionalUtility.cs: 1205d2bd05e1eefe510065c234dd0f0e -> 
  custom:scripting/monoscript/fileName/MyCommonConstants.cs: afab7efaf9564dc9a7324c32dd196775 -> 
  custom:scripting/monoscript/fileName/CustomDrawerUtility.cs: 4fd84f09df56fbc0319d9bd7f922e98c -> 
  custom:container-muxer-webm: aa71ff27fc2769a1b78a27578f13a17b -> 
  custom:video-decoder-webm-vp8: 9c59270c3fd7afecdb556c50c9e8de78 -> 
  custom:SearchIndexIgnoredProperties: e643bd26f0fe6173181afceb89e7c659 -> 
  custom:AudioImporter_EditorPlatform: 3918e3fc78b5a79bad01e8451be0beb8 -> 
  custom:scripting/monoscript/fileName/ToggleDocAttributeDrawer.cs: e106f856849e4750d3809a4f241b1be2 -> 
  custom:scripting/monoscript/fileName/TextEffectEditor.cs: d3d8a1e5c2004b60d32f761eb093cf1b -> 
  custom:scripting/monoscript/fileName/MyColor.cs: 11671538b011fd3f337af43bc02e0c13 -> 
  custom:scripting/monoscript/fileName/AttributeBase.cs: d4cbb11724ea712d431b5cd07124907e -> 
  custom:scripting/monoscript/fileName/FoldBoxAttributeDrawer.cs: 7cddfc9687649703e6a68527865794bc -> 
  custom:scripting/monoscript/fileName/ConditionalFieldAttribute.cs: e6d9fd24956977713db9ec59b2642d84 -> 
  custom:scripting/monoscript/fileName/Effect_Move.cs: ef5516b861ddd6742709a32c4d74ed0d -> 
  custom:framework-osx-AVFoundation: e770b220cccbd017edd2c1fefb359320 -> 
  custom:scripting/monoscript/fileName/MyAlgorithms.cs: af94dca5879ebeadb102964fe2ba4c2c -> 
  custom:scripting/monoscript/fileName/TagEffectsPreset.cs: 7660331b4e5025a0b81c1733075d5b78 -> 
  custom:scripting/monoscript/fileName/Effect_Rotate.cs: ffdcc32648b4f2ece65aebb867cbbb0e -> 
  custom:video-encoder-webm-vp8: eb34c28f22e8b96e1ab97ce403110664 -> 
  custom:audio-decoder-ogg-vorbis: bf7c407c2cedff20999df2af8eb42d56 -> 
  custom:scripting/monoscript/fileName/WarningsPool.cs: fe4fa1866c40657be6a51b3604c9b41a -> 
  custom:scripting/monoscript/fileName/MyString.cs: 37ddb2560db549b377c16ed27598cb79 -> 
  custom:scripting/monoscript/fileName/TextEffectStatus.cs: 0d9a417212ada6670935a5511afc12b9 -> 
  custom:scripting/monoscript/fileName/TextEffect.cs: b3399054379a13f493415819f2b26d02 -> 
  custom:scripting/monoscript/fileName/MinMaxRangeAttribute.cs: 290170215b5b7bdd3fb5340a79339fb0 -> 
  custom:scripting/monoscript/fileName/AttributeBaseDrawer.cs: 26c86ce1d32ef473ff54fac3b3f34384 -> 
  custom:scripting/monoscript/fileName/ConditionalData.cs: 31d8359f80de1f6456e27c8f052f735f -> 
  custom:scripting/monoscript/fileName/CollectionWrapper.cs: 1d692121383b052bc3c42bd312cb03d9 -> 
  custom:audio-encoder-webm-vorbis: bf7c407c2cedff20999df2af8eb42d56 -> 
  custom:scripting/monoscript/fileName/TimeUtil.cs: f1db10614389fe8436f67f4138e33eab -> 
  custom:scripting/monoscript/fileName/MyCollections.cs: 1573b6e8eec6809de8e4f734cd42ac53 -> 
  custom:scripting/monoscript/fileName/PerVertexEffectEditor.cs: 0e08baf525303c472bfaf41752a7f457 -> 
  custom:scripting/monoscript/fileName/MyReflection.cs: 912dd491c7847901aa49939904b2f1dd -> 
========================================================================
Received Prepare
Begin MonoManager ReloadAssembly
Thread 0x30bd93000 may have been prematurely finalized
- Loaded All Assemblies, in  0.524 seconds
Refreshing native plugins compatible for Editor in 1.19 ms, found 2 plugins.
Native extension for WindowsStandalone target not found
Native extension for AppleTV target not found
Native extension for iOS target not found
Native extension for OSXStandalone target not found
Native extension for WebGL target not found
Mono: successfully reloaded assembly
- Finished resetting the current domain, in  1.129 seconds
Domain Reload Profiling: 1653ms
	BeginReloadAssembly (186ms)
		ExecutionOrderSort (0ms)
		DisableScriptedObjects (6ms)
		BackupInstance (0ms)
		ReleaseScriptingObjects (0ms)
		CreateAndSetChildDomain (68ms)
	RebuildCommonClasses (68ms)
	RebuildNativeTypeToScriptingClass (21ms)
	initialDomainReloadingComplete (31ms)
	LoadAllAssembliesAndSetupDomain (219ms)
		LoadAssemblies (271ms)
		RebuildTransferFunctionScriptingTraits (0ms)
		AnalyzeDomain (17ms)
			TypeCache.Refresh (10ms)
				TypeCache.ScanAssembly (0ms)
			ScanForSourceGeneratedMonoScriptInfo (0ms)
			ResolveRequiredComponents (6ms)
	FinalizeReload (1129ms)
		ReleaseScriptCaches (0ms)
		RebuildScriptCaches (0ms)
		SetupLoadedEditorAssemblies (555ms)
			LogAssemblyErrors (0ms)
			InitializePlatformSupportModulesInManaged (26ms)
			SetLoadedEditorAssemblies (5ms)
			RefreshPlugins (0ms)
			BeforeProcessingInitializeOnLoad (59ms)
			ProcessInitializeOnLoadAttributes (419ms)
			ProcessInitializeOnLoadMethodAttributes (43ms)
			AfterProcessingInitializeOnLoad (2ms)
			EditorAssembliesLoaded (0ms)
		ExecutionOrderSort2 (0ms)
		AwakeInstancesAfterBackupRestoration (8ms)
Refreshing native plugins compatible for Editor in 1.19 ms, found 2 plugins.
Preloading 0 native plugins for Editor in 0.00 ms.
Unloading 3153 Unused Serialized files (Serialized files now loaded: 0)
Unloading 21 unused Assets / (31.2 KB). Loaded Objects now: 3812.
Memory consumption went from 0.52 GB to 0.52 GB.
Total: 3.249625 ms (FindLiveObjects: 0.139250 ms CreateObjectMapping: 0.059000 ms MarkObjects: 2.986000 ms  DeleteObjects: 0.064708 ms)

Prepare: number of updated asset objects reloaded= 0
AssetImportParameters requested are different than current active one (requested -> active):
  custom:scripting/monoscript/fileName/GlobalTextEffectEntry.cs: c33c6024380cd43b3456fe6aea6f41ce -> 
  custom:scripting/monoscript/fileName/FoldBoxAttribute.cs: 66ff91a3485d06d36b8511fad6212f92 -> 
  custom:container-demuxer-ogg: 62fdf1f143b41e24485cea50d1cbac27 -> 
  custom:scripting/monoscript/fileName/MyDebug.cs: f3faef2d00c537158ab87ca513b25292 -> 
  custom:scripting/monoscript/fileName/MinMax.cs: 1c24b444ecff0bdeaf87d2edcb9d5029 -> 
  custom:scripting/monoscript/fileName/EditorDocumentation.cs: 934fb06e6a0b5b2798793a45828d3d5f -> 
  custom:scripting/monoscript/fileName/Effect_PerVertex.cs: 3f70f7fc3d4f9bfb1e10cd5e53684ee7 -> 
  custom:video-decoder-ogg-theora: a1e56fd34408186e4bbccfd4996cb3dc -> 
  custom:scripting/monoscript/fileName/MySerializedProperty.cs: 782cc9e912ef11023f0b93b5cae175e2 -> 
  custom:scripting/monoscript/fileName/CompositeEffectEditor.cs: 271d2f481fc4dff6734c055f2943e5d2 -> 
  custom:scripting/monoscript/fileName/TextEffect_Base.cs: 1b9a39eb3f7eb4d420cb56ed888ca97e -> 
  custom:scripting/monoscript/fileName/Effect_Scale.cs: 24350027199be1e1c520c27be9f8fbb9 -> 
  custom:scripting/monoscript/fileName/Effect_Color.cs: f5bc93c86b81ba37fa611632e3ecfb7f -> 
  custom:scripting/monoscript/fileName/Effect_Composite.cs: f3f7d32be82537fa78159e8943c1f1a7 -> 
  custom:CustomObjectIndexerAttribute: 756ad292c208cfabdd7b50bc23989ffe -> 
  custom:scripting/monoscript/fileName/TextEffectInstance.cs: 8d710191666e5c8cce9c6d33f66fafeb -> 
  custom:container-demuxer-webm: 4f35f7cbe854078d1ac9338744f61a02 -> 
  custom:scripting/monoscript/fileName/ButtonMethodAttribute.cs: cf389342635f998ab935cfcb5ae933df -> 
  custom:scripting/monoscript/fileName/ToggleDocAttribute.cs: d3c69a3f433376abbde86a297f4193a9 -> 
  custom:scripting/monoscript/fileName/MyHandles.cs: cc579ce2a9f371e54e4420275e0ac078 -> 
  custom:scripting/monoscript/fileName/ConditionalUtility.cs: 1205d2bd05e1eefe510065c234dd0f0e -> 
  custom:scripting/monoscript/fileName/MyCommonConstants.cs: afab7efaf9564dc9a7324c32dd196775 -> 
  custom:scripting/monoscript/fileName/CustomDrawerUtility.cs: 4fd84f09df56fbc0319d9bd7f922e98c -> 
  custom:container-muxer-webm: aa71ff27fc2769a1b78a27578f13a17b -> 
  custom:video-decoder-webm-vp8: 9c59270c3fd7afecdb556c50c9e8de78 -> 
  custom:SearchIndexIgnoredProperties: e643bd26f0fe6173181afceb89e7c659 -> 
  custom:AudioImporter_EditorPlatform: 3918e3fc78b5a79bad01e8451be0beb8 -> 
  custom:scripting/monoscript/fileName/ToggleDocAttributeDrawer.cs: e106f856849e4750d3809a4f241b1be2 -> 
  custom:scripting/monoscript/fileName/TextEffectEditor.cs: d3d8a1e5c2004b60d32f761eb093cf1b -> 
  custom:scripting/monoscript/fileName/MyColor.cs: 11671538b011fd3f337af43bc02e0c13 -> 
  custom:scripting/monoscript/fileName/AttributeBase.cs: d4cbb11724ea712d431b5cd07124907e -> 
  custom:scripting/monoscript/fileName/FoldBoxAttributeDrawer.cs: 7cddfc9687649703e6a68527865794bc -> 
  custom:scripting/monoscript/fileName/ConditionalFieldAttribute.cs: e6d9fd24956977713db9ec59b2642d84 -> 
  custom:scripting/monoscript/fileName/Effect_Move.cs: ef5516b861ddd6742709a32c4d74ed0d -> 
  custom:framework-osx-AVFoundation: e770b220cccbd017edd2c1fefb359320 -> 
  custom:scripting/monoscript/fileName/MyAlgorithms.cs: af94dca5879ebeadb102964fe2ba4c2c -> 
  custom:scripting/monoscript/fileName/TagEffectsPreset.cs: 7660331b4e5025a0b81c1733075d5b78 -> 
  custom:scripting/monoscript/fileName/Effect_Rotate.cs: ffdcc32648b4f2ece65aebb867cbbb0e -> 
  custom:video-encoder-webm-vp8: eb34c28f22e8b96e1ab97ce403110664 -> 
  custom:audio-decoder-ogg-vorbis: bf7c407c2cedff20999df2af8eb42d56 -> 
  custom:scripting/monoscript/fileName/WarningsPool.cs: fe4fa1866c40657be6a51b3604c9b41a -> 
  custom:scripting/monoscript/fileName/MyString.cs: 37ddb2560db549b377c16ed27598cb79 -> 
  custom:scripting/monoscript/fileName/TextEffectStatus.cs: 0d9a417212ada6670935a5511afc12b9 -> 
  custom:scripting/monoscript/fileName/TextEffect.cs: b3399054379a13f493415819f2b26d02 -> 
  custom:scripting/monoscript/fileName/MinMaxRangeAttribute.cs: 290170215b5b7bdd3fb5340a79339fb0 -> 
  custom:scripting/monoscript/fileName/AttributeBaseDrawer.cs: 26c86ce1d32ef473ff54fac3b3f34384 -> 
  custom:scripting/monoscript/fileName/ConditionalData.cs: 31d8359f80de1f6456e27c8f052f735f -> 
  custom:scripting/monoscript/fileName/CollectionWrapper.cs: 1d692121383b052bc3c42bd312cb03d9 -> 
  custom:audio-encoder-webm-vorbis: bf7c407c2cedff20999df2af8eb42d56 -> 
  custom:scripting/monoscript/fileName/TimeUtil.cs: f1db10614389fe8436f67f4138e33eab -> 
  custom:scripting/monoscript/fileName/MyCollections.cs: 1573b6e8eec6809de8e4f734cd42ac53 -> 
  custom:scripting/monoscript/fileName/PerVertexEffectEditor.cs: 0e08baf525303c472bfaf41752a7f457 -> 
  custom:scripting/monoscript/fileName/MyReflection.cs: 912dd491c7847901aa49939904b2f1dd -> 
========================================================================
Received Prepare
Begin MonoManager ReloadAssembly
Thread 0x30bd93000 may have been prematurely finalized
- Loaded All Assemblies, in  0.468 seconds
Refreshing native plugins compatible for Editor in 1.09 ms, found 2 plugins.
Native extension for WindowsStandalone target not found
Native extension for AppleTV target not found
Native extension for iOS target not found
Native extension for OSXStandalone target not found
Native extension for WebGL target not found
Mono: successfully reloaded assembly
- Finished resetting the current domain, in  1.636 seconds
Domain Reload Profiling: 2105ms
	BeginReloadAssembly (142ms)
		ExecutionOrderSort (0ms)
		DisableScriptedObjects (5ms)
		BackupInstance (0ms)
		ReleaseScriptingObjects (0ms)
		CreateAndSetChildDomain (54ms)
	RebuildCommonClasses (42ms)
	RebuildNativeTypeToScriptingClass (17ms)
	initialDomainReloadingComplete (32ms)
	LoadAllAssembliesAndSetupDomain (236ms)
		LoadAssemblies (263ms)
		RebuildTransferFunctionScriptingTraits (0ms)
		AnalyzeDomain (19ms)
			TypeCache.Refresh (11ms)
				TypeCache.ScanAssembly (0ms)
			ScanForSourceGeneratedMonoScriptInfo (0ms)
			ResolveRequiredComponents (6ms)
	FinalizeReload (1637ms)
		ReleaseScriptCaches (0ms)
		RebuildScriptCaches (0ms)
		SetupLoadedEditorAssemblies (710ms)
			LogAssemblyErrors (0ms)
			InitializePlatformSupportModulesInManaged (53ms)
			SetLoadedEditorAssemblies (11ms)
			RefreshPlugins (0ms)
			BeforeProcessingInitializeOnLoad (117ms)
			ProcessInitializeOnLoadAttributes (487ms)
			ProcessInitializeOnLoadMethodAttributes (40ms)
			AfterProcessingInitializeOnLoad (2ms)
			EditorAssembliesLoaded (0ms)
		ExecutionOrderSort2 (0ms)
		AwakeInstancesAfterBackupRestoration (7ms)
Refreshing native plugins compatible for Editor in 2.29 ms, found 2 plugins.
Preloading 0 native plugins for Editor in 0.00 ms.
Unloading 3153 Unused Serialized files (Serialized files now loaded: 0)
Unloading 21 unused Assets / (31.1 KB). Loaded Objects now: 3815.
Memory consumption went from 0.53 GB to 0.53 GB.
Total: 14.441334 ms (FindLiveObjects: 0.403667 ms CreateObjectMapping: 0.147833 ms MarkObjects: 13.795833 ms  DeleteObjects: 0.092625 ms)

Prepare: number of updated asset objects reloaded= 0
AssetImportParameters requested are different than current active one (requested -> active):
  custom:scripting/monoscript/fileName/GlobalTextEffectEntry.cs: c33c6024380cd43b3456fe6aea6f41ce -> 
  custom:scripting/monoscript/fileName/FoldBoxAttribute.cs: 66ff91a3485d06d36b8511fad6212f92 -> 
  custom:container-demuxer-ogg: 62fdf1f143b41e24485cea50d1cbac27 -> 
  custom:scripting/monoscript/fileName/MyDebug.cs: f3faef2d00c537158ab87ca513b25292 -> 
  custom:scripting/monoscript/fileName/MinMax.cs: 1c24b444ecff0bdeaf87d2edcb9d5029 -> 
  custom:scripting/monoscript/fileName/EditorDocumentation.cs: 934fb06e6a0b5b2798793a45828d3d5f -> 
  custom:scripting/monoscript/fileName/Effect_PerVertex.cs: 3f70f7fc3d4f9bfb1e10cd5e53684ee7 -> 
  custom:video-decoder-ogg-theora: a1e56fd34408186e4bbccfd4996cb3dc -> 
  custom:scripting/monoscript/fileName/MySerializedProperty.cs: 782cc9e912ef11023f0b93b5cae175e2 -> 
  custom:scripting/monoscript/fileName/CompositeEffectEditor.cs: 271d2f481fc4dff6734c055f2943e5d2 -> 
  custom:scripting/monoscript/fileName/TextEffect_Base.cs: 1b9a39eb3f7eb4d420cb56ed888ca97e -> 
  custom:scripting/monoscript/fileName/Effect_Scale.cs: 24350027199be1e1c520c27be9f8fbb9 -> 
  custom:scripting/monoscript/fileName/Effect_Color.cs: f5bc93c86b81ba37fa611632e3ecfb7f -> 
  custom:scripting/monoscript/fileName/Effect_Composite.cs: f3f7d32be82537fa78159e8943c1f1a7 -> 
  custom:CustomObjectIndexerAttribute: 756ad292c208cfabdd7b50bc23989ffe -> 
  custom:scripting/monoscript/fileName/TextEffectInstance.cs: 8d710191666e5c8cce9c6d33f66fafeb -> 
  custom:container-demuxer-webm: 4f35f7cbe854078d1ac9338744f61a02 -> 
  custom:scripting/monoscript/fileName/ButtonMethodAttribute.cs: cf389342635f998ab935cfcb5ae933df -> 
  custom:scripting/monoscript/fileName/ToggleDocAttribute.cs: d3c69a3f433376abbde86a297f4193a9 -> 
  custom:scripting/monoscript/fileName/MyHandles.cs: cc579ce2a9f371e54e4420275e0ac078 -> 
  custom:scripting/monoscript/fileName/ConditionalUtility.cs: 1205d2bd05e1eefe510065c234dd0f0e -> 
  custom:scripting/monoscript/fileName/MyCommonConstants.cs: afab7efaf9564dc9a7324c32dd196775 -> 
  custom:scripting/monoscript/fileName/CustomDrawerUtility.cs: 4fd84f09df56fbc0319d9bd7f922e98c -> 
  custom:container-muxer-webm: aa71ff27fc2769a1b78a27578f13a17b -> 
  custom:video-decoder-webm-vp8: 9c59270c3fd7afecdb556c50c9e8de78 -> 
  custom:SearchIndexIgnoredProperties: e643bd26f0fe6173181afceb89e7c659 -> 
  custom:AudioImporter_EditorPlatform: 3918e3fc78b5a79bad01e8451be0beb8 -> 
  custom:scripting/monoscript/fileName/ToggleDocAttributeDrawer.cs: e106f856849e4750d3809a4f241b1be2 -> 
  custom:scripting/monoscript/fileName/TextEffectEditor.cs: d3d8a1e5c2004b60d32f761eb093cf1b -> 
  custom:scripting/monoscript/fileName/MyColor.cs: 11671538b011fd3f337af43bc02e0c13 -> 
  custom:scripting/monoscript/fileName/AttributeBase.cs: d4cbb11724ea712d431b5cd07124907e -> 
  custom:scripting/monoscript/fileName/FoldBoxAttributeDrawer.cs: 7cddfc9687649703e6a68527865794bc -> 
  custom:scripting/monoscript/fileName/ConditionalFieldAttribute.cs: e6d9fd24956977713db9ec59b2642d84 -> 
  custom:scripting/monoscript/fileName/Effect_Move.cs: ef5516b861ddd6742709a32c4d74ed0d -> 
  custom:framework-osx-AVFoundation: e770b220cccbd017edd2c1fefb359320 -> 
  custom:scripting/monoscript/fileName/MyAlgorithms.cs: af94dca5879ebeadb102964fe2ba4c2c -> 
  custom:scripting/monoscript/fileName/TagEffectsPreset.cs: 7660331b4e5025a0b81c1733075d5b78 -> 
  custom:scripting/monoscript/fileName/Effect_Rotate.cs: ffdcc32648b4f2ece65aebb867cbbb0e -> 
  custom:video-encoder-webm-vp8: eb34c28f22e8b96e1ab97ce403110664 -> 
  custom:audio-decoder-ogg-vorbis: bf7c407c2cedff20999df2af8eb42d56 -> 
  custom:scripting/monoscript/fileName/WarningsPool.cs: fe4fa1866c40657be6a51b3604c9b41a -> 
  custom:scripting/monoscript/fileName/MyString.cs: 37ddb2560db549b377c16ed27598cb79 -> 
  custom:scripting/monoscript/fileName/TextEffectStatus.cs: 0d9a417212ada6670935a5511afc12b9 -> 
  custom:scripting/monoscript/fileName/TextEffect.cs: b3399054379a13f493415819f2b26d02 -> 
  custom:scripting/monoscript/fileName/MinMaxRangeAttribute.cs: 290170215b5b7bdd3fb5340a79339fb0 -> 
  custom:scripting/monoscript/fileName/AttributeBaseDrawer.cs: 26c86ce1d32ef473ff54fac3b3f34384 -> 
  custom:scripting/monoscript/fileName/ConditionalData.cs: 31d8359f80de1f6456e27c8f052f735f -> 
  custom:scripting/monoscript/fileName/CollectionWrapper.cs: 1d692121383b052bc3c42bd312cb03d9 -> 
  custom:audio-encoder-webm-vorbis: bf7c407c2cedff20999df2af8eb42d56 -> 
  custom:scripting/monoscript/fileName/TimeUtil.cs: f1db10614389fe8436f67f4138e33eab -> 
  custom:scripting/monoscript/fileName/MyCollections.cs: 1573b6e8eec6809de8e4f734cd42ac53 -> 
  custom:scripting/monoscript/fileName/PerVertexEffectEditor.cs: 0e08baf525303c472bfaf41752a7f457 -> 
  custom:scripting/monoscript/fileName/MyReflection.cs: 912dd491c7847901aa49939904b2f1dd -> 
========================================================================
Received Prepare
Begin MonoManager ReloadAssembly
Thread 0x30bd93000 may have been prematurely finalized
- Loaded All Assemblies, in  0.481 seconds
Refreshing native plugins compatible for Editor in 9.05 ms, found 2 plugins.
Native extension for WindowsStandalone target not found
Native extension for AppleTV target not found
Native extension for iOS target not found
Native extension for OSXStandalone target not found
Native extension for WebGL target not found
Mono: successfully reloaded assembly
- Finished resetting the current domain, in  1.028 seconds
Domain Reload Profiling: 1510ms
	BeginReloadAssembly (145ms)
		ExecutionOrderSort (0ms)
		DisableScriptedObjects (5ms)
		BackupInstance (0ms)
		ReleaseScriptingObjects (0ms)
		CreateAndSetChildDomain (56ms)
	RebuildCommonClasses (48ms)
	RebuildNativeTypeToScriptingClass (16ms)
	initialDomainReloadingComplete (79ms)
	LoadAllAssembliesAndSetupDomain (194ms)
		LoadAssemblies (228ms)
		RebuildTransferFunctionScriptingTraits (0ms)
		AnalyzeDomain (19ms)
			TypeCache.Refresh (10ms)
				TypeCache.ScanAssembly (0ms)
			ScanForSourceGeneratedMonoScriptInfo (0ms)
			ResolveRequiredComponents (7ms)
	FinalizeReload (1028ms)
		ReleaseScriptCaches (0ms)
		RebuildScriptCaches (0ms)
		SetupLoadedEditorAssemblies (402ms)
			LogAssemblyErrors (0ms)
			InitializePlatformSupportModulesInManaged (26ms)
			SetLoadedEditorAssemblies (5ms)
			RefreshPlugins (0ms)
			BeforeProcessingInitializeOnLoad (60ms)
			ProcessInitializeOnLoadAttributes (289ms)
			ProcessInitializeOnLoadMethodAttributes (20ms)
			AfterProcessingInitializeOnLoad (1ms)
			EditorAssembliesLoaded (0ms)
		ExecutionOrderSort2 (0ms)
		AwakeInstancesAfterBackupRestoration (4ms)
Refreshing native plugins compatible for Editor in 1.99 ms, found 2 plugins.
Preloading 0 native plugins for Editor in 0.00 ms.
Unloading 3153 Unused Serialized files (Serialized files now loaded: 0)
Unloading 21 unused Assets / (31.1 KB). Loaded Objects now: 3818.
Memory consumption went from 0.54 GB to 0.54 GB.
Total: 5.582458 ms (FindLiveObjects: 0.245542 ms CreateObjectMapping: 0.109209 ms MarkObjects: 5.116458 ms  DeleteObjects: 0.110084 ms)

Prepare: number of updated asset objects reloaded= 0
AssetImportParameters requested are different than current active one (requested -> active):
  custom:scripting/monoscript/fileName/GlobalTextEffectEntry.cs: c33c6024380cd43b3456fe6aea6f41ce -> 
  custom:scripting/monoscript/fileName/FoldBoxAttribute.cs: 66ff91a3485d06d36b8511fad6212f92 -> 
  custom:container-demuxer-ogg: 62fdf1f143b41e24485cea50d1cbac27 -> 
  custom:scripting/monoscript/fileName/MyDebug.cs: f3faef2d00c537158ab87ca513b25292 -> 
  custom:scripting/monoscript/fileName/MinMax.cs: 1c24b444ecff0bdeaf87d2edcb9d5029 -> 
  custom:scripting/monoscript/fileName/EditorDocumentation.cs: 934fb06e6a0b5b2798793a45828d3d5f -> 
  custom:scripting/monoscript/fileName/Effect_PerVertex.cs: 3f70f7fc3d4f9bfb1e10cd5e53684ee7 -> 
  custom:video-decoder-ogg-theora: a1e56fd34408186e4bbccfd4996cb3dc -> 
  custom:scripting/monoscript/fileName/MySerializedProperty.cs: 782cc9e912ef11023f0b93b5cae175e2 -> 
  custom:scripting/monoscript/fileName/CompositeEffectEditor.cs: 271d2f481fc4dff6734c055f2943e5d2 -> 
  custom:scripting/monoscript/fileName/TextEffect_Base.cs: 1b9a39eb3f7eb4d420cb56ed888ca97e -> 
  custom:scripting/monoscript/fileName/Effect_Scale.cs: 24350027199be1e1c520c27be9f8fbb9 -> 
  custom:scripting/monoscript/fileName/Effect_Color.cs: f5bc93c86b81ba37fa611632e3ecfb7f -> 
  custom:scripting/monoscript/fileName/Effect_Composite.cs: f3f7d32be82537fa78159e8943c1f1a7 -> 
  custom:CustomObjectIndexerAttribute: 756ad292c208cfabdd7b50bc23989ffe -> 
  custom:scripting/monoscript/fileName/TextEffectInstance.cs: 8d710191666e5c8cce9c6d33f66fafeb -> 
  custom:container-demuxer-webm: 4f35f7cbe854078d1ac9338744f61a02 -> 
  custom:scripting/monoscript/fileName/ButtonMethodAttribute.cs: cf389342635f998ab935cfcb5ae933df -> 
  custom:scripting/monoscript/fileName/ToggleDocAttribute.cs: d3c69a3f433376abbde86a297f4193a9 -> 
  custom:scripting/monoscript/fileName/MyHandles.cs: cc579ce2a9f371e54e4420275e0ac078 -> 
  custom:scripting/monoscript/fileName/ConditionalUtility.cs: 1205d2bd05e1eefe510065c234dd0f0e -> 
  custom:scripting/monoscript/fileName/MyCommonConstants.cs: afab7efaf9564dc9a7324c32dd196775 -> 
  custom:scripting/monoscript/fileName/CustomDrawerUtility.cs: 4fd84f09df56fbc0319d9bd7f922e98c -> 
  custom:container-muxer-webm: aa71ff27fc2769a1b78a27578f13a17b -> 
  custom:video-decoder-webm-vp8: 9c59270c3fd7afecdb556c50c9e8de78 -> 
  custom:SearchIndexIgnoredProperties: e643bd26f0fe6173181afceb89e7c659 -> 
  custom:AudioImporter_EditorPlatform: 3918e3fc78b5a79bad01e8451be0beb8 -> 
  custom:scripting/monoscript/fileName/ToggleDocAttributeDrawer.cs: e106f856849e4750d3809a4f241b1be2 -> 
  custom:scripting/monoscript/fileName/TextEffectEditor.cs: d3d8a1e5c2004b60d32f761eb093cf1b -> 
  custom:scripting/monoscript/fileName/MyColor.cs: 11671538b011fd3f337af43bc02e0c13 -> 
  custom:scripting/monoscript/fileName/AttributeBase.cs: d4cbb11724ea712d431b5cd07124907e -> 
  custom:scripting/monoscript/fileName/FoldBoxAttributeDrawer.cs: 7cddfc9687649703e6a68527865794bc -> 
  custom:scripting/monoscript/fileName/ConditionalFieldAttribute.cs: e6d9fd24956977713db9ec59b2642d84 -> 
  custom:scripting/monoscript/fileName/Effect_Move.cs: ef5516b861ddd6742709a32c4d74ed0d -> 
  custom:framework-osx-AVFoundation: e770b220cccbd017edd2c1fefb359320 -> 
  custom:scripting/monoscript/fileName/MyAlgorithms.cs: af94dca5879ebeadb102964fe2ba4c2c -> 
  custom:scripting/monoscript/fileName/TagEffectsPreset.cs: 7660331b4e5025a0b81c1733075d5b78 -> 
  custom:scripting/monoscript/fileName/Effect_Rotate.cs: ffdcc32648b4f2ece65aebb867cbbb0e -> 
  custom:video-encoder-webm-vp8: eb34c28f22e8b96e1ab97ce403110664 -> 
  custom:audio-decoder-ogg-vorbis: bf7c407c2cedff20999df2af8eb42d56 -> 
  custom:scripting/monoscript/fileName/WarningsPool.cs: fe4fa1866c40657be6a51b3604c9b41a -> 
  custom:scripting/monoscript/fileName/MyString.cs: 37ddb2560db549b377c16ed27598cb79 -> 
  custom:scripting/monoscript/fileName/TextEffectStatus.cs: 0d9a417212ada6670935a5511afc12b9 -> 
  custom:scripting/monoscript/fileName/TextEffect.cs: b3399054379a13f493415819f2b26d02 -> 
  custom:scripting/monoscript/fileName/MinMaxRangeAttribute.cs: 290170215b5b7bdd3fb5340a79339fb0 -> 
  custom:scripting/monoscript/fileName/AttributeBaseDrawer.cs: 26c86ce1d32ef473ff54fac3b3f34384 -> 
  custom:scripting/monoscript/fileName/ConditionalData.cs: 31d8359f80de1f6456e27c8f052f735f -> 
  custom:scripting/monoscript/fileName/CollectionWrapper.cs: 1d692121383b052bc3c42bd312cb03d9 -> 
  custom:audio-encoder-webm-vorbis: bf7c407c2cedff20999df2af8eb42d56 -> 
  custom:scripting/monoscript/fileName/TimeUtil.cs: f1db10614389fe8436f67f4138e33eab -> 
  custom:scripting/monoscript/fileName/MyCollections.cs: 1573b6e8eec6809de8e4f734cd42ac53 -> 
  custom:scripting/monoscript/fileName/PerVertexEffectEditor.cs: 0e08baf525303c472bfaf41752a7f457 -> 
  custom:scripting/monoscript/fileName/MyReflection.cs: 912dd491c7847901aa49939904b2f1dd -> 
========================================================================
Received Prepare
Begin MonoManager ReloadAssembly
Thread 0x30bd93000 may have been prematurely finalized
- Loaded All Assemblies, in  0.404 seconds
Refreshing native plugins compatible for Editor in 1.17 ms, found 2 plugins.
Native extension for WindowsStandalone target not found
Native extension for AppleTV target not found
Native extension for iOS target not found
Native extension for OSXStandalone target not found
Native extension for WebGL target not found
Mono: successfully reloaded assembly
- Finished resetting the current domain, in  0.908 seconds
Domain Reload Profiling: 1312ms
	BeginReloadAssembly (135ms)
		ExecutionOrderSort (0ms)
		DisableScriptedObjects (5ms)
		BackupInstance (0ms)
		ReleaseScriptingObjects (0ms)
		CreateAndSetChildDomain (54ms)
	RebuildCommonClasses (47ms)
	RebuildNativeTypeToScriptingClass (15ms)
	initialDomainReloadingComplete (23ms)
	LoadAllAssembliesAndSetupDomain (182ms)
		LoadAssemblies (211ms)
		RebuildTransferFunctionScriptingTraits (0ms)
		AnalyzeDomain (18ms)
			TypeCache.Refresh (10ms)
				TypeCache.ScanAssembly (0ms)
			ScanForSourceGeneratedMonoScriptInfo (0ms)
			ResolveRequiredComponents (6ms)
	FinalizeReload (908ms)
		ReleaseScriptCaches (0ms)
		RebuildScriptCaches (0ms)
		SetupLoadedEditorAssemblies (414ms)
			LogAssemblyErrors (0ms)
			InitializePlatformSupportModulesInManaged (24ms)
			SetLoadedEditorAssemblies (5ms)
			RefreshPlugins (0ms)
			BeforeProcessingInitializeOnLoad (62ms)
			ProcessInitializeOnLoadAttributes (286ms)
			ProcessInitializeOnLoadMethodAttributes (34ms)
			AfterProcessingInitializeOnLoad (2ms)
			EditorAssembliesLoaded (0ms)
		ExecutionOrderSort2 (0ms)
		AwakeInstancesAfterBackupRestoration (7ms)
Refreshing native plugins compatible for Editor in 1.05 ms, found 2 plugins.
Preloading 0 native plugins for Editor in 0.00 ms.
Unloading 3153 Unused Serialized files (Serialized files now loaded: 0)
Unloading 21 unused Assets / (31.2 KB). Loaded Objects now: 3821.
Memory consumption went from 0.54 GB to 0.54 GB.
Total: 3.171541 ms (FindLiveObjects: 0.169042 ms CreateObjectMapping: 0.061959 ms MarkObjects: 2.890500 ms  DeleteObjects: 0.049083 ms)

Prepare: number of updated asset objects reloaded= 0
AssetImportParameters requested are different than current active one (requested -> active):
  custom:scripting/monoscript/fileName/GlobalTextEffectEntry.cs: c33c6024380cd43b3456fe6aea6f41ce -> 
  custom:scripting/monoscript/fileName/FoldBoxAttribute.cs: 66ff91a3485d06d36b8511fad6212f92 -> 
  custom:container-demuxer-ogg: 62fdf1f143b41e24485cea50d1cbac27 -> 
  custom:scripting/monoscript/fileName/MyDebug.cs: f3faef2d00c537158ab87ca513b25292 -> 
  custom:scripting/monoscript/fileName/MinMax.cs: 1c24b444ecff0bdeaf87d2edcb9d5029 -> 
  custom:scripting/monoscript/fileName/EditorDocumentation.cs: 934fb06e6a0b5b2798793a45828d3d5f -> 
  custom:scripting/monoscript/fileName/Effect_PerVertex.cs: 3f70f7fc3d4f9bfb1e10cd5e53684ee7 -> 
  custom:video-decoder-ogg-theora: a1e56fd34408186e4bbccfd4996cb3dc -> 
  custom:scripting/monoscript/fileName/MySerializedProperty.cs: 782cc9e912ef11023f0b93b5cae175e2 -> 
  custom:scripting/monoscript/fileName/CompositeEffectEditor.cs: 271d2f481fc4dff6734c055f2943e5d2 -> 
  custom:scripting/monoscript/fileName/TextEffect_Base.cs: 1b9a39eb3f7eb4d420cb56ed888ca97e -> 
  custom:scripting/monoscript/fileName/Effect_Scale.cs: 24350027199be1e1c520c27be9f8fbb9 -> 
  custom:scripting/monoscript/fileName/Effect_Color.cs: f5bc93c86b81ba37fa611632e3ecfb7f -> 
  custom:scripting/monoscript/fileName/Effect_Composite.cs: f3f7d32be82537fa78159e8943c1f1a7 -> 
  custom:CustomObjectIndexerAttribute: 756ad292c208cfabdd7b50bc23989ffe -> 
  custom:scripting/monoscript/fileName/TextEffectInstance.cs: 8d710191666e5c8cce9c6d33f66fafeb -> 
  custom:container-demuxer-webm: 4f35f7cbe854078d1ac9338744f61a02 -> 
  custom:scripting/monoscript/fileName/ButtonMethodAttribute.cs: cf389342635f998ab935cfcb5ae933df -> 
  custom:scripting/monoscript/fileName/ToggleDocAttribute.cs: d3c69a3f433376abbde86a297f4193a9 -> 
  custom:scripting/monoscript/fileName/MyHandles.cs: cc579ce2a9f371e54e4420275e0ac078 -> 
  custom:scripting/monoscript/fileName/ConditionalUtility.cs: 1205d2bd05e1eefe510065c234dd0f0e -> 
  custom:scripting/monoscript/fileName/MyCommonConstants.cs: afab7efaf9564dc9a7324c32dd196775 -> 
  custom:scripting/monoscript/fileName/CustomDrawerUtility.cs: 4fd84f09df56fbc0319d9bd7f922e98c -> 
  custom:container-muxer-webm: aa71ff27fc2769a1b78a27578f13a17b -> 
  custom:video-decoder-webm-vp8: 9c59270c3fd7afecdb556c50c9e8de78 -> 
  custom:SearchIndexIgnoredProperties: e643bd26f0fe6173181afceb89e7c659 -> 
  custom:AudioImporter_EditorPlatform: 3918e3fc78b5a79bad01e8451be0beb8 -> 
  custom:scripting/monoscript/fileName/ToggleDocAttributeDrawer.cs: e106f856849e4750d3809a4f241b1be2 -> 
  custom:scripting/monoscript/fileName/TextEffectEditor.cs: d3d8a1e5c2004b60d32f761eb093cf1b -> 
  custom:scripting/monoscript/fileName/MyColor.cs: 11671538b011fd3f337af43bc02e0c13 -> 
  custom:scripting/monoscript/fileName/AttributeBase.cs: d4cbb11724ea712d431b5cd07124907e -> 
  custom:scripting/monoscript/fileName/FoldBoxAttributeDrawer.cs: 7cddfc9687649703e6a68527865794bc -> 
  custom:scripting/monoscript/fileName/ConditionalFieldAttribute.cs: e6d9fd24956977713db9ec59b2642d84 -> 
  custom:scripting/monoscript/fileName/Effect_Move.cs: ef5516b861ddd6742709a32c4d74ed0d -> 
  custom:framework-osx-AVFoundation: e770b220cccbd017edd2c1fefb359320 -> 
  custom:scripting/monoscript/fileName/MyAlgorithms.cs: af94dca5879ebeadb102964fe2ba4c2c -> 
  custom:scripting/monoscript/fileName/TagEffectsPreset.cs: 7660331b4e5025a0b81c1733075d5b78 -> 
  custom:scripting/monoscript/fileName/Effect_Rotate.cs: ffdcc32648b4f2ece65aebb867cbbb0e -> 
  custom:video-encoder-webm-vp8: eb34c28f22e8b96e1ab97ce403110664 -> 
  custom:audio-decoder-ogg-vorbis: bf7c407c2cedff20999df2af8eb42d56 -> 
  custom:scripting/monoscript/fileName/WarningsPool.cs: fe4fa1866c40657be6a51b3604c9b41a -> 
  custom:scripting/monoscript/fileName/MyString.cs: 37ddb2560db549b377c16ed27598cb79 -> 
  custom:scripting/monoscript/fileName/TextEffectStatus.cs: 0d9a417212ada6670935a5511afc12b9 -> 
  custom:scripting/monoscript/fileName/TextEffect.cs: b3399054379a13f493415819f2b26d02 -> 
  custom:scripting/monoscript/fileName/MinMaxRangeAttribute.cs: 290170215b5b7bdd3fb5340a79339fb0 -> 
  custom:scripting/monoscript/fileName/AttributeBaseDrawer.cs: 26c86ce1d32ef473ff54fac3b3f34384 -> 
  custom:scripting/monoscript/fileName/ConditionalData.cs: 31d8359f80de1f6456e27c8f052f735f -> 
  custom:scripting/monoscript/fileName/CollectionWrapper.cs: 1d692121383b052bc3c42bd312cb03d9 -> 
  custom:audio-encoder-webm-vorbis: bf7c407c2cedff20999df2af8eb42d56 -> 
  custom:scripting/monoscript/fileName/TimeUtil.cs: f1db10614389fe8436f67f4138e33eab -> 
  custom:scripting/monoscript/fileName/MyCollections.cs: 1573b6e8eec6809de8e4f734cd42ac53 -> 
  custom:scripting/monoscript/fileName/PerVertexEffectEditor.cs: 0e08baf525303c472bfaf41752a7f457 -> 
  custom:scripting/monoscript/fileName/MyReflection.cs: 912dd491c7847901aa49939904b2f1dd -> 
========================================================================
Received Prepare
Begin MonoManager ReloadAssembly
Thread 0x30bd93000 may have been prematurely finalized
- Loaded All Assemblies, in  1.057 seconds
Refreshing native plugins compatible for Editor in 1.33 ms, found 2 plugins.
Native extension for WindowsStandalone target not found
Native extension for AppleTV target not found
Native extension for iOS target not found
Native extension for OSXStandalone target not found
Native extension for WebGL target not found
Mono: successfully reloaded assembly
- Finished resetting the current domain, in  0.980 seconds
Domain Reload Profiling: 2037ms
	BeginReloadAssembly (257ms)
		ExecutionOrderSort (0ms)
		DisableScriptedObjects (7ms)
		BackupInstance (0ms)
		ReleaseScriptingObjects (0ms)
		CreateAndSetChildDomain (110ms)
	RebuildCommonClasses (72ms)
	RebuildNativeTypeToScriptingClass (21ms)
	initialDomainReloadingComplete (52ms)
	LoadAllAssembliesAndSetupDomain (654ms)
		LoadAssemblies (417ms)
		RebuildTransferFunctionScriptingTraits (0ms)
		AnalyzeDomain (336ms)
			TypeCache.Refresh (317ms)
				TypeCache.ScanAssembly (285ms)
			ScanForSourceGeneratedMonoScriptInfo (12ms)
			ResolveRequiredComponents (7ms)
	FinalizeReload (981ms)
		ReleaseScriptCaches (0ms)
		RebuildScriptCaches (0ms)
		SetupLoadedEditorAssemblies (374ms)
			LogAssemblyErrors (0ms)
			InitializePlatformSupportModulesInManaged (33ms)
			SetLoadedEditorAssemblies (6ms)
			RefreshPlugins (0ms)
			BeforeProcessingInitializeOnLoad (55ms)
			ProcessInitializeOnLoadAttributes (255ms)
			ProcessInitializeOnLoadMethodAttributes (23ms)
			AfterProcessingInitializeOnLoad (1ms)
			EditorAssembliesLoaded (0ms)
		ExecutionOrderSort2 (0ms)
		AwakeInstancesAfterBackupRestoration (4ms)
Refreshing native plugins compatible for Editor in 1.15 ms, found 2 plugins.
Preloading 0 native plugins for Editor in 0.00 ms.
Unloading 3270 Unused Serialized files (Serialized files now loaded: 0)
Unloading 44 unused Assets / (42.9 KB). Loaded Objects now: 3918.
Memory consumption went from 0.55 GB to 0.55 GB.
Total: 3.282541 ms (FindLiveObjects: 0.175583 ms CreateObjectMapping: 0.063709 ms MarkObjects: 2.960334 ms  DeleteObjects: 0.081875 ms)

Prepare: number of updated asset objects reloaded= 0
AssetImportParameters requested are different than current active one (requested -> active):
  custom:scripting/monoscript/fileName/GlobalTextEffectEntry.cs: c33c6024380cd43b3456fe6aea6f41ce -> 
  custom:scripting/monoscript/fileName/FoldBoxAttribute.cs: 66ff91a3485d06d36b8511fad6212f92 -> 
  custom:container-demuxer-ogg: 62fdf1f143b41e24485cea50d1cbac27 -> 
  custom:scripting/monoscript/fileName/MyDebug.cs: f3faef2d00c537158ab87ca513b25292 -> 
  custom:scripting/monoscript/fileName/MinMax.cs: 1c24b444ecff0bdeaf87d2edcb9d5029 -> 
  custom:scripting/monoscript/fileName/EditorDocumentation.cs: 934fb06e6a0b5b2798793a45828d3d5f -> 
  custom:scripting/monoscript/fileName/Effect_PerVertex.cs: 3f70f7fc3d4f9bfb1e10cd5e53684ee7 -> 
  custom:video-decoder-ogg-theora: a1e56fd34408186e4bbccfd4996cb3dc -> 
  custom:scripting/monoscript/fileName/MySerializedProperty.cs: 782cc9e912ef11023f0b93b5cae175e2 -> 
  custom:scripting/monoscript/fileName/CompositeEffectEditor.cs: 271d2f481fc4dff6734c055f2943e5d2 -> 
  custom:scripting/monoscript/fileName/TextEffect_Base.cs: 1b9a39eb3f7eb4d420cb56ed888ca97e -> 
  custom:scripting/monoscript/fileName/Effect_Scale.cs: 24350027199be1e1c520c27be9f8fbb9 -> 
  custom:scripting/monoscript/fileName/Effect_Color.cs: f5bc93c86b81ba37fa611632e3ecfb7f -> 
  custom:scripting/monoscript/fileName/Effect_Composite.cs: f3f7d32be82537fa78159e8943c1f1a7 -> 
  custom:CustomObjectIndexerAttribute: 756ad292c208cfabdd7b50bc23989ffe -> 
  custom:scripting/monoscript/fileName/TextEffectInstance.cs: 8d710191666e5c8cce9c6d33f66fafeb -> 
  custom:container-demuxer-webm: 4f35f7cbe854078d1ac9338744f61a02 -> 
  custom:scripting/monoscript/fileName/ButtonMethodAttribute.cs: cf389342635f998ab935cfcb5ae933df -> 
  custom:scripting/monoscript/fileName/ToggleDocAttribute.cs: d3c69a3f433376abbde86a297f4193a9 -> 
  custom:scripting/monoscript/fileName/MyHandles.cs: cc579ce2a9f371e54e4420275e0ac078 -> 
  custom:scripting/monoscript/fileName/ConditionalUtility.cs: 1205d2bd05e1eefe510065c234dd0f0e -> 
  custom:scripting/monoscript/fileName/MyCommonConstants.cs: afab7efaf9564dc9a7324c32dd196775 -> 
  custom:scripting/monoscript/fileName/CustomDrawerUtility.cs: 4fd84f09df56fbc0319d9bd7f922e98c -> 
  custom:container-muxer-webm: aa71ff27fc2769a1b78a27578f13a17b -> 
  custom:video-decoder-webm-vp8: 9c59270c3fd7afecdb556c50c9e8de78 -> 
  custom:SearchIndexIgnoredProperties: e643bd26f0fe6173181afceb89e7c659 -> 
  custom:AudioImporter_EditorPlatform: 3918e3fc78b5a79bad01e8451be0beb8 -> 
  custom:scripting/monoscript/fileName/ToggleDocAttributeDrawer.cs: e106f856849e4750d3809a4f241b1be2 -> 
  custom:scripting/monoscript/fileName/TextEffectEditor.cs: d3d8a1e5c2004b60d32f761eb093cf1b -> 
  custom:scripting/monoscript/fileName/MyColor.cs: 11671538b011fd3f337af43bc02e0c13 -> 
  custom:scripting/monoscript/fileName/AttributeBase.cs: d4cbb11724ea712d431b5cd07124907e -> 
  custom:scripting/monoscript/fileName/FoldBoxAttributeDrawer.cs: 7cddfc9687649703e6a68527865794bc -> 
  custom:scripting/monoscript/fileName/ConditionalFieldAttribute.cs: e6d9fd24956977713db9ec59b2642d84 -> 
  custom:scripting/monoscript/fileName/Effect_Move.cs: ef5516b861ddd6742709a32c4d74ed0d -> 
  custom:framework-osx-AVFoundation: e770b220cccbd017edd2c1fefb359320 -> 
  custom:scripting/monoscript/fileName/MyAlgorithms.cs: af94dca5879ebeadb102964fe2ba4c2c -> 
  custom:scripting/monoscript/fileName/TagEffectsPreset.cs: 7660331b4e5025a0b81c1733075d5b78 -> 
  custom:scripting/monoscript/fileName/Effect_Rotate.cs: ffdcc32648b4f2ece65aebb867cbbb0e -> 
  custom:video-encoder-webm-vp8: eb34c28f22e8b96e1ab97ce403110664 -> 
  custom:audio-decoder-ogg-vorbis: bf7c407c2cedff20999df2af8eb42d56 -> 
  custom:scripting/monoscript/fileName/WarningsPool.cs: fe4fa1866c40657be6a51b3604c9b41a -> 
  custom:scripting/monoscript/fileName/MyString.cs: 37ddb2560db549b377c16ed27598cb79 -> 
  custom:scripting/monoscript/fileName/TextEffectStatus.cs: 0d9a417212ada6670935a5511afc12b9 -> 
  custom:scripting/monoscript/fileName/TextEffect.cs: b3399054379a13f493415819f2b26d02 -> 
  custom:scripting/monoscript/fileName/MinMaxRangeAttribute.cs: 290170215b5b7bdd3fb5340a79339fb0 -> 
  custom:scripting/monoscript/fileName/AttributeBaseDrawer.cs: 26c86ce1d32ef473ff54fac3b3f34384 -> 
  custom:scripting/monoscript/fileName/ConditionalData.cs: 31d8359f80de1f6456e27c8f052f735f -> 
  custom:scripting/monoscript/fileName/CollectionWrapper.cs: 1d692121383b052bc3c42bd312cb03d9 -> 
  custom:audio-encoder-webm-vorbis: bf7c407c2cedff20999df2af8eb42d56 -> 
  custom:scripting/monoscript/fileName/TimeUtil.cs: f1db10614389fe8436f67f4138e33eab -> 
  custom:scripting/monoscript/fileName/MyCollections.cs: 1573b6e8eec6809de8e4f734cd42ac53 -> 
  custom:scripting/monoscript/fileName/PerVertexEffectEditor.cs: 0e08baf525303c472bfaf41752a7f457 -> 
  custom:scripting/monoscript/fileName/MyReflection.cs: 912dd491c7847901aa49939904b2f1dd -> 
========================================================================
Received Prepare
Begin MonoManager ReloadAssembly
Thread 0x30bd93000 may have been prematurely finalized
- Loaded All Assemblies, in  1.069 seconds
Refreshing native plugins compatible for Editor in 1.60 ms, found 2 plugins.
Native extension for WindowsStandalone target not found
Native extension for AppleTV target not found
Native extension for iOS target not found
Native extension for OSXStandalone target not found
Native extension for WebGL target not found
Mono: successfully reloaded assembly
- Finished resetting the current domain, in  1.338 seconds
Domain Reload Profiling: 2408ms
	BeginReloadAssembly (441ms)
		ExecutionOrderSort (0ms)
		DisableScriptedObjects (10ms)
		BackupInstance (0ms)
		ReleaseScriptingObjects (0ms)
		CreateAndSetChildDomain (154ms)
	RebuildCommonClasses (68ms)
	RebuildNativeTypeToScriptingClass (24ms)
	initialDomainReloadingComplete (54ms)
	LoadAllAssembliesAndSetupDomain (482ms)
		LoadAssemblies (654ms)
		RebuildTransferFunctionScriptingTraits (0ms)
		AnalyzeDomain (47ms)
			TypeCache.Refresh (33ms)
				TypeCache.ScanAssembly (0ms)
			ScanForSourceGeneratedMonoScriptInfo (0ms)
			ResolveRequiredComponents (12ms)
	FinalizeReload (1339ms)
		ReleaseScriptCaches (0ms)
		RebuildScriptCaches (0ms)
		SetupLoadedEditorAssemblies (634ms)
			LogAssemblyErrors (0ms)
			InitializePlatformSupportModulesInManaged (29ms)
			SetLoadedEditorAssemblies (5ms)
			RefreshPlugins (0ms)
			BeforeProcessingInitializeOnLoad (76ms)
			ProcessInitializeOnLoadAttributes (493ms)
			ProcessInitializeOnLoadMethodAttributes (30ms)
			AfterProcessingInitializeOnLoad (1ms)
			EditorAssembliesLoaded (0ms)
		ExecutionOrderSort2 (0ms)
		AwakeInstancesAfterBackupRestoration (5ms)
Refreshing native plugins compatible for Editor in 1.28 ms, found 2 plugins.
Preloading 0 native plugins for Editor in 0.00 ms.
Unloading 3270 Unused Serialized files (Serialized files now loaded: 0)
Unloading 44 unused Assets / (43.0 KB). Loaded Objects now: 3921.
Memory consumption went from 0.56 GB to 0.56 GB.
Total: 3.882834 ms (FindLiveObjects: 0.166375 ms CreateObjectMapping: 0.071375 ms MarkObjects: 3.554041 ms  DeleteObjects: 0.090375 ms)

Prepare: number of updated asset objects reloaded= 0
AssetImportParameters requested are different than current active one (requested -> active):
  custom:scripting/monoscript/fileName/GlobalTextEffectEntry.cs: c33c6024380cd43b3456fe6aea6f41ce -> 
  custom:scripting/monoscript/fileName/FoldBoxAttribute.cs: 66ff91a3485d06d36b8511fad6212f92 -> 
  custom:container-demuxer-ogg: 62fdf1f143b41e24485cea50d1cbac27 -> 
  custom:scripting/monoscript/fileName/MyDebug.cs: f3faef2d00c537158ab87ca513b25292 -> 
  custom:scripting/monoscript/fileName/MinMax.cs: 1c24b444ecff0bdeaf87d2edcb9d5029 -> 
  custom:scripting/monoscript/fileName/EditorDocumentation.cs: 934fb06e6a0b5b2798793a45828d3d5f -> 
  custom:scripting/monoscript/fileName/Effect_PerVertex.cs: 3f70f7fc3d4f9bfb1e10cd5e53684ee7 -> 
  custom:video-decoder-ogg-theora: a1e56fd34408186e4bbccfd4996cb3dc -> 
  custom:scripting/monoscript/fileName/MySerializedProperty.cs: 782cc9e912ef11023f0b93b5cae175e2 -> 
  custom:scripting/monoscript/fileName/CompositeEffectEditor.cs: 271d2f481fc4dff6734c055f2943e5d2 -> 
  custom:scripting/monoscript/fileName/TextEffect_Base.cs: 1b9a39eb3f7eb4d420cb56ed888ca97e -> 
  custom:scripting/monoscript/fileName/Effect_Scale.cs: 24350027199be1e1c520c27be9f8fbb9 -> 
  custom:scripting/monoscript/fileName/Effect_Color.cs: f5bc93c86b81ba37fa611632e3ecfb7f -> 
  custom:scripting/monoscript/fileName/Effect_Composite.cs: f3f7d32be82537fa78159e8943c1f1a7 -> 
  custom:CustomObjectIndexerAttribute: 756ad292c208cfabdd7b50bc23989ffe -> 
  custom:scripting/monoscript/fileName/TextEffectInstance.cs: 8d710191666e5c8cce9c6d33f66fafeb -> 
  custom:container-demuxer-webm: 4f35f7cbe854078d1ac9338744f61a02 -> 
  custom:scripting/monoscript/fileName/ButtonMethodAttribute.cs: cf389342635f998ab935cfcb5ae933df -> 
  custom:scripting/monoscript/fileName/ToggleDocAttribute.cs: d3c69a3f433376abbde86a297f4193a9 -> 
  custom:scripting/monoscript/fileName/MyHandles.cs: cc579ce2a9f371e54e4420275e0ac078 -> 
  custom:scripting/monoscript/fileName/ConditionalUtility.cs: 1205d2bd05e1eefe510065c234dd0f0e -> 
  custom:scripting/monoscript/fileName/MyCommonConstants.cs: afab7efaf9564dc9a7324c32dd196775 -> 
  custom:scripting/monoscript/fileName/CustomDrawerUtility.cs: 4fd84f09df56fbc0319d9bd7f922e98c -> 
  custom:container-muxer-webm: aa71ff27fc2769a1b78a27578f13a17b -> 
  custom:video-decoder-webm-vp8: 9c59270c3fd7afecdb556c50c9e8de78 -> 
  custom:SearchIndexIgnoredProperties: e643bd26f0fe6173181afceb89e7c659 -> 
  custom:AudioImporter_EditorPlatform: 3918e3fc78b5a79bad01e8451be0beb8 -> 
  custom:scripting/monoscript/fileName/ToggleDocAttributeDrawer.cs: e106f856849e4750d3809a4f241b1be2 -> 
  custom:scripting/monoscript/fileName/TextEffectEditor.cs: d3d8a1e5c2004b60d32f761eb093cf1b -> 
  custom:scripting/monoscript/fileName/MyColor.cs: 11671538b011fd3f337af43bc02e0c13 -> 
  custom:scripting/monoscript/fileName/AttributeBase.cs: d4cbb11724ea712d431b5cd07124907e -> 
  custom:scripting/monoscript/fileName/FoldBoxAttributeDrawer.cs: 7cddfc9687649703e6a68527865794bc -> 
  custom:scripting/monoscript/fileName/ConditionalFieldAttribute.cs: e6d9fd24956977713db9ec59b2642d84 -> 
  custom:scripting/monoscript/fileName/Effect_Move.cs: ef5516b861ddd6742709a32c4d74ed0d -> 
  custom:framework-osx-AVFoundation: e770b220cccbd017edd2c1fefb359320 -> 
  custom:scripting/monoscript/fileName/MyAlgorithms.cs: af94dca5879ebeadb102964fe2ba4c2c -> 
  custom:scripting/monoscript/fileName/TagEffectsPreset.cs: 7660331b4e5025a0b81c1733075d5b78 -> 
  custom:scripting/monoscript/fileName/Effect_Rotate.cs: ffdcc32648b4f2ece65aebb867cbbb0e -> 
  custom:video-encoder-webm-vp8: eb34c28f22e8b96e1ab97ce403110664 -> 
  custom:audio-decoder-ogg-vorbis: bf7c407c2cedff20999df2af8eb42d56 -> 
  custom:scripting/monoscript/fileName/WarningsPool.cs: fe4fa1866c40657be6a51b3604c9b41a -> 
  custom:scripting/monoscript/fileName/MyString.cs: 37ddb2560db549b377c16ed27598cb79 -> 
  custom:scripting/monoscript/fileName/TextEffectStatus.cs: 0d9a417212ada6670935a5511afc12b9 -> 
  custom:scripting/monoscript/fileName/TextEffect.cs: b3399054379a13f493415819f2b26d02 -> 
  custom:scripting/monoscript/fileName/MinMaxRangeAttribute.cs: 290170215b5b7bdd3fb5340a79339fb0 -> 
  custom:scripting/monoscript/fileName/AttributeBaseDrawer.cs: 26c86ce1d32ef473ff54fac3b3f34384 -> 
  custom:scripting/monoscript/fileName/ConditionalData.cs: 31d8359f80de1f6456e27c8f052f735f -> 
  custom:scripting/monoscript/fileName/CollectionWrapper.cs: 1d692121383b052bc3c42bd312cb03d9 -> 
  custom:audio-encoder-webm-vorbis: bf7c407c2cedff20999df2af8eb42d56 -> 
  custom:scripting/monoscript/fileName/TimeUtil.cs: f1db10614389fe8436f67f4138e33eab -> 
  custom:scripting/monoscript/fileName/MyCollections.cs: 1573b6e8eec6809de8e4f734cd42ac53 -> 
  custom:scripting/monoscript/fileName/PerVertexEffectEditor.cs: 0e08baf525303c472bfaf41752a7f457 -> 
  custom:scripting/monoscript/fileName/MyReflection.cs: 912dd491c7847901aa49939904b2f1dd -> 
========================================================================
Received Import Request.
  Time since last request: 7033.188564 seconds.
  path: Assets/Assets 1/InkSettings.asset
  artifactKey: Guid(a127be5a4cfbcdf4cb08a545a907365b) Importer(815301076,1909f56bfc062723c751e8b465ee728b)
Start importing Assets/Assets 1/InkSettings.asset using Guid(a127be5a4cfbcdf4cb08a545a907365b) Importer(815301076,1909f56bfc062723c751e8b465ee728b)  -> (artifact id: '366584eec129b5f90df0338888032fc7') in 0.043833 seconds
Number of updated asset objects reloaded before import = 0
Number of asset objects unloaded after import = 2
========================================================================
Received Prepare
Begin MonoManager ReloadAssembly
Thread 0x30bd93000 may have been prematurely finalized
- Loaded All Assemblies, in  0.617 seconds
Refreshing native plugins compatible for Editor in 0.99 ms, found 2 plugins.
Native extension for WindowsStandalone target not found
Native extension for AppleTV target not found
Native extension for iOS target not found
Native extension for OSXStandalone target not found
Native extension for WebGL target not found
Mono: successfully reloaded assembly
- Finished resetting the current domain, in  0.836 seconds
Domain Reload Profiling: 1453ms
	BeginReloadAssembly (151ms)
		ExecutionOrderSort (0ms)
		DisableScriptedObjects (5ms)
		BackupInstance (0ms)
		ReleaseScriptingObjects (0ms)
		CreateAndSetChildDomain (69ms)
	RebuildCommonClasses (43ms)
	RebuildNativeTypeToScriptingClass (14ms)
	initialDomainReloadingComplete (26ms)
	LoadAllAssembliesAndSetupDomain (383ms)
		LoadAssemblies (371ms)
		RebuildTransferFunctionScriptingTraits (0ms)
		AnalyzeDomain (57ms)
			TypeCache.Refresh (33ms)
				TypeCache.ScanAssembly (3ms)
			ScanForSourceGeneratedMonoScriptInfo (17ms)
			ResolveRequiredComponents (6ms)
	FinalizeReload (836ms)
		ReleaseScriptCaches (0ms)
		RebuildScriptCaches (0ms)
		SetupLoadedEditorAssemblies (346ms)
			LogAssemblyErrors (0ms)
			InitializePlatformSupportModulesInManaged (22ms)
			SetLoadedEditorAssemblies (4ms)
			RefreshPlugins (0ms)
			BeforeProcessingInitializeOnLoad (53ms)
			ProcessInitializeOnLoadAttributes (247ms)
			ProcessInitializeOnLoadMethodAttributes (20ms)
			AfterProcessingInitializeOnLoad (1ms)
			EditorAssembliesLoaded (0ms)
		ExecutionOrderSort2 (0ms)
		AwakeInstancesAfterBackupRestoration (5ms)
Refreshing native plugins compatible for Editor in 1.18 ms, found 2 plugins.
Preloading 0 native plugins for Editor in 0.00 ms.
Unloading 3387 Unused Serialized files (Serialized files now loaded: 0)
Unloading 44 unused Assets / (43.0 KB). Loaded Objects now: 4043.
Memory consumption went from 0.57 GB to 0.57 GB.
Total: 3.240834 ms (FindLiveObjects: 0.165750 ms CreateObjectMapping: 0.065042 ms MarkObjects: 2.936250 ms  DeleteObjects: 0.072958 ms)

Prepare: number of updated asset objects reloaded= 0
AssetImportParameters requested are different than current active one (requested -> active):
  custom:scripting/monoscript/fileName/GlobalTextEffectEntry.cs: c33c6024380cd43b3456fe6aea6f41ce -> 
  custom:scripting/monoscript/fileName/FoldBoxAttribute.cs: 66ff91a3485d06d36b8511fad6212f92 -> 
  custom:container-demuxer-ogg: 62fdf1f143b41e24485cea50d1cbac27 -> 
  custom:scripting/monoscript/fileName/MyDebug.cs: f3faef2d00c537158ab87ca513b25292 -> 
  custom:scripting/monoscript/fileName/MinMax.cs: 1c24b444ecff0bdeaf87d2edcb9d5029 -> 
  custom:scripting/monoscript/fileName/EditorDocumentation.cs: 934fb06e6a0b5b2798793a45828d3d5f -> 
  custom:scripting/monoscript/fileName/Effect_PerVertex.cs: 3f70f7fc3d4f9bfb1e10cd5e53684ee7 -> 
  custom:video-decoder-ogg-theora: a1e56fd34408186e4bbccfd4996cb3dc -> 
  custom:scripting/monoscript/fileName/MySerializedProperty.cs: 782cc9e912ef11023f0b93b5cae175e2 -> 
  custom:scripting/monoscript/fileName/CompositeEffectEditor.cs: 271d2f481fc4dff6734c055f2943e5d2 -> 
  custom:scripting/monoscript/fileName/TextEffect_Base.cs: 1b9a39eb3f7eb4d420cb56ed888ca97e -> 
  custom:scripting/monoscript/fileName/Effect_Scale.cs: 24350027199be1e1c520c27be9f8fbb9 -> 
  custom:scripting/monoscript/fileName/Effect_Color.cs: f5bc93c86b81ba37fa611632e3ecfb7f -> 
  custom:scripting/monoscript/fileName/Effect_Composite.cs: f3f7d32be82537fa78159e8943c1f1a7 -> 
  custom:CustomObjectIndexerAttribute: 756ad292c208cfabdd7b50bc23989ffe -> 
  custom:scripting/monoscript/fileName/TextEffectInstance.cs: 8d710191666e5c8cce9c6d33f66fafeb -> 
  custom:container-demuxer-webm: 4f35f7cbe854078d1ac9338744f61a02 -> 
  custom:scripting/monoscript/fileName/ButtonMethodAttribute.cs: cf389342635f998ab935cfcb5ae933df -> 
  custom:scripting/monoscript/fileName/ToggleDocAttribute.cs: d3c69a3f433376abbde86a297f4193a9 -> 
  custom:scripting/monoscript/fileName/MyHandles.cs: cc579ce2a9f371e54e4420275e0ac078 -> 
  custom:scripting/monoscript/fileName/ConditionalUtility.cs: 1205d2bd05e1eefe510065c234dd0f0e -> 
  custom:scripting/monoscript/fileName/MyCommonConstants.cs: afab7efaf9564dc9a7324c32dd196775 -> 
  custom:scripting/monoscript/fileName/CustomDrawerUtility.cs: 4fd84f09df56fbc0319d9bd7f922e98c -> 
  custom:container-muxer-webm: aa71ff27fc2769a1b78a27578f13a17b -> 
  custom:video-decoder-webm-vp8: 9c59270c3fd7afecdb556c50c9e8de78 -> 
  custom:SearchIndexIgnoredProperties: e643bd26f0fe6173181afceb89e7c659 -> 
  custom:AudioImporter_EditorPlatform: 3918e3fc78b5a79bad01e8451be0beb8 -> 
  custom:scripting/monoscript/fileName/ToggleDocAttributeDrawer.cs: e106f856849e4750d3809a4f241b1be2 -> 
  custom:scripting/monoscript/fileName/TextEffectEditor.cs: d3d8a1e5c2004b60d32f761eb093cf1b -> 
  custom:scripting/monoscript/fileName/MyColor.cs: 11671538b011fd3f337af43bc02e0c13 -> 
  custom:scripting/monoscript/fileName/AttributeBase.cs: d4cbb11724ea712d431b5cd07124907e -> 
  custom:scripting/monoscript/fileName/FoldBoxAttributeDrawer.cs: 7cddfc9687649703e6a68527865794bc -> 
  custom:scripting/monoscript/fileName/ConditionalFieldAttribute.cs: e6d9fd24956977713db9ec59b2642d84 -> 
  custom:scripting/monoscript/fileName/Effect_Move.cs: ef5516b861ddd6742709a32c4d74ed0d -> 
  custom:framework-osx-AVFoundation: e770b220cccbd017edd2c1fefb359320 -> 
  custom:scripting/monoscript/fileName/MyAlgorithms.cs: af94dca5879ebeadb102964fe2ba4c2c -> 
  custom:scripting/monoscript/fileName/TagEffectsPreset.cs: 7660331b4e5025a0b81c1733075d5b78 -> 
  custom:scripting/monoscript/fileName/Effect_Rotate.cs: ffdcc32648b4f2ece65aebb867cbbb0e -> 
  custom:video-encoder-webm-vp8: eb34c28f22e8b96e1ab97ce403110664 -> 
  custom:audio-decoder-ogg-vorbis: bf7c407c2cedff20999df2af8eb42d56 -> 
  custom:scripting/monoscript/fileName/WarningsPool.cs: fe4fa1866c40657be6a51b3604c9b41a -> 
  custom:scripting/monoscript/fileName/MyString.cs: 37ddb2560db549b377c16ed27598cb79 -> 
  custom:scripting/monoscript/fileName/TextEffectStatus.cs: 0d9a417212ada6670935a5511afc12b9 -> 
  custom:scripting/monoscript/fileName/TextEffect.cs: b3399054379a13f493415819f2b26d02 -> 
  custom:scripting/monoscript/fileName/MinMaxRangeAttribute.cs: 290170215b5b7bdd3fb5340a79339fb0 -> 
  custom:scripting/monoscript/fileName/AttributeBaseDrawer.cs: 26c86ce1d32ef473ff54fac3b3f34384 -> 
  custom:scripting/monoscript/fileName/ConditionalData.cs: 31d8359f80de1f6456e27c8f052f735f -> 
  custom:scripting/monoscript/fileName/CollectionWrapper.cs: 1d692121383b052bc3c42bd312cb03d9 -> 
  custom:audio-encoder-webm-vorbis: bf7c407c2cedff20999df2af8eb42d56 -> 
  custom:scripting/monoscript/fileName/TimeUtil.cs: f1db10614389fe8436f67f4138e33eab -> 
  custom:scripting/monoscript/fileName/MyCollections.cs: 1573b6e8eec6809de8e4f734cd42ac53 -> 
  custom:scripting/monoscript/fileName/PerVertexEffectEditor.cs: 0e08baf525303c472bfaf41752a7f457 -> 
  custom:scripting/monoscript/fileName/MyReflection.cs: 912dd491c7847901aa49939904b2f1dd -> 
========================================================================
Received Prepare
Begin MonoManager ReloadAssembly
Thread 0x30bd93000 may have been prematurely finalized
- Loaded All Assemblies, in  0.623 seconds
Refreshing native plugins compatible for Editor in 1.14 ms, found 2 plugins.
Native extension for WindowsStandalone target not found
Native extension for AppleTV target not found
Native extension for iOS target not found
Native extension for OSXStandalone target not found
Native extension for WebGL target not found
Mono: successfully reloaded assembly
- Finished resetting the current domain, in  1.069 seconds
Domain Reload Profiling: 1692ms
	BeginReloadAssembly (200ms)
		ExecutionOrderSort (0ms)
		DisableScriptedObjects (5ms)
		BackupInstance (0ms)
		ReleaseScriptingObjects (0ms)
		CreateAndSetChildDomain (102ms)
	RebuildCommonClasses (54ms)
	RebuildNativeTypeToScriptingClass (18ms)
	initialDomainReloadingComplete (33ms)
	LoadAllAssembliesAndSetupDomain (317ms)
		LoadAssemblies (354ms)
		RebuildTransferFunctionScriptingTraits (0ms)
		AnalyzeDomain (23ms)
			TypeCache.Refresh (14ms)
				TypeCache.ScanAssembly (0ms)
			ScanForSourceGeneratedMonoScriptInfo (0ms)
			ResolveRequiredComponents (7ms)
	FinalizeReload (1069ms)
		ReleaseScriptCaches (0ms)
		RebuildScriptCaches (0ms)
		SetupLoadedEditorAssemblies (537ms)
			LogAssemblyErrors (0ms)
			InitializePlatformSupportModulesInManaged (25ms)
			SetLoadedEditorAssemblies (4ms)
			RefreshPlugins (0ms)
			BeforeProcessingInitializeOnLoad (59ms)
			ProcessInitializeOnLoadAttributes (423ms)
			ProcessInitializeOnLoadMethodAttributes (25ms)
			AfterProcessingInitializeOnLoad (1ms)
			EditorAssembliesLoaded (0ms)
		ExecutionOrderSort2 (0ms)
		AwakeInstancesAfterBackupRestoration (4ms)
Refreshing native plugins compatible for Editor in 1.21 ms, found 2 plugins.
Preloading 0 native plugins for Editor in 0.00 ms.
Unloading 3388 Unused Serialized files (Serialized files now loaded: 0)
Unloading 44 unused Assets / (43.0 KB). Loaded Objects now: 4046.
Memory consumption went from 0.58 GB to 0.58 GB.
Total: 3.854542 ms (FindLiveObjects: 0.186917 ms CreateObjectMapping: 0.074375 ms MarkObjects: 3.477208 ms  DeleteObjects: 0.115083 ms)

Prepare: number of updated asset objects reloaded= 0
AssetImportParameters requested are different than current active one (requested -> active):
  custom:scripting/monoscript/fileName/GlobalTextEffectEntry.cs: c33c6024380cd43b3456fe6aea6f41ce -> 
  custom:scripting/monoscript/fileName/FoldBoxAttribute.cs: 66ff91a3485d06d36b8511fad6212f92 -> 
  custom:container-demuxer-ogg: 62fdf1f143b41e24485cea50d1cbac27 -> 
  custom:scripting/monoscript/fileName/MyDebug.cs: f3faef2d00c537158ab87ca513b25292 -> 
  custom:scripting/monoscript/fileName/MinMax.cs: 1c24b444ecff0bdeaf87d2edcb9d5029 -> 
  custom:scripting/monoscript/fileName/EditorDocumentation.cs: 934fb06e6a0b5b2798793a45828d3d5f -> 
  custom:scripting/monoscript/fileName/Effect_PerVertex.cs: 3f70f7fc3d4f9bfb1e10cd5e53684ee7 -> 
  custom:video-decoder-ogg-theora: a1e56fd34408186e4bbccfd4996cb3dc -> 
  custom:scripting/monoscript/fileName/MySerializedProperty.cs: 782cc9e912ef11023f0b93b5cae175e2 -> 
  custom:scripting/monoscript/fileName/CompositeEffectEditor.cs: 271d2f481fc4dff6734c055f2943e5d2 -> 
  custom:scripting/monoscript/fileName/TextEffect_Base.cs: 1b9a39eb3f7eb4d420cb56ed888ca97e -> 
  custom:scripting/monoscript/fileName/Effect_Scale.cs: 24350027199be1e1c520c27be9f8fbb9 -> 
  custom:scripting/monoscript/fileName/Effect_Color.cs: f5bc93c86b81ba37fa611632e3ecfb7f -> 
  custom:scripting/monoscript/fileName/Effect_Composite.cs: f3f7d32be82537fa78159e8943c1f1a7 -> 
  custom:CustomObjectIndexerAttribute: 756ad292c208cfabdd7b50bc23989ffe -> 
  custom:scripting/monoscript/fileName/TextEffectInstance.cs: 8d710191666e5c8cce9c6d33f66fafeb -> 
  custom:container-demuxer-webm: 4f35f7cbe854078d1ac9338744f61a02 -> 
  custom:scripting/monoscript/fileName/ButtonMethodAttribute.cs: cf389342635f998ab935cfcb5ae933df -> 
  custom:scripting/monoscript/fileName/ToggleDocAttribute.cs: d3c69a3f433376abbde86a297f4193a9 -> 
  custom:scripting/monoscript/fileName/MyHandles.cs: cc579ce2a9f371e54e4420275e0ac078 -> 
  custom:scripting/monoscript/fileName/ConditionalUtility.cs: 1205d2bd05e1eefe510065c234dd0f0e -> 
  custom:scripting/monoscript/fileName/MyCommonConstants.cs: afab7efaf9564dc9a7324c32dd196775 -> 
  custom:scripting/monoscript/fileName/CustomDrawerUtility.cs: 4fd84f09df56fbc0319d9bd7f922e98c -> 
  custom:container-muxer-webm: aa71ff27fc2769a1b78a27578f13a17b -> 
  custom:video-decoder-webm-vp8: 9c59270c3fd7afecdb556c50c9e8de78 -> 
  custom:SearchIndexIgnoredProperties: e643bd26f0fe6173181afceb89e7c659 -> 
  custom:AudioImporter_EditorPlatform: 3918e3fc78b5a79bad01e8451be0beb8 -> 
  custom:scripting/monoscript/fileName/ToggleDocAttributeDrawer.cs: e106f856849e4750d3809a4f241b1be2 -> 
  custom:scripting/monoscript/fileName/TextEffectEditor.cs: d3d8a1e5c2004b60d32f761eb093cf1b -> 
  custom:scripting/monoscript/fileName/MyColor.cs: 11671538b011fd3f337af43bc02e0c13 -> 
  custom:scripting/monoscript/fileName/AttributeBase.cs: d4cbb11724ea712d431b5cd07124907e -> 
  custom:scripting/monoscript/fileName/FoldBoxAttributeDrawer.cs: 7cddfc9687649703e6a68527865794bc -> 
  custom:scripting/monoscript/fileName/ConditionalFieldAttribute.cs: e6d9fd24956977713db9ec59b2642d84 -> 
  custom:scripting/monoscript/fileName/Effect_Move.cs: ef5516b861ddd6742709a32c4d74ed0d -> 
  custom:framework-osx-AVFoundation: e770b220cccbd017edd2c1fefb359320 -> 
  custom:scripting/monoscript/fileName/MyAlgorithms.cs: af94dca5879ebeadb102964fe2ba4c2c -> 
  custom:scripting/monoscript/fileName/TagEffectsPreset.cs: 7660331b4e5025a0b81c1733075d5b78 -> 
  custom:scripting/monoscript/fileName/Effect_Rotate.cs: ffdcc32648b4f2ece65aebb867cbbb0e -> 
  custom:video-encoder-webm-vp8: eb34c28f22e8b96e1ab97ce403110664 -> 
  custom:audio-decoder-ogg-vorbis: bf7c407c2cedff20999df2af8eb42d56 -> 
  custom:scripting/monoscript/fileName/WarningsPool.cs: fe4fa1866c40657be6a51b3604c9b41a -> 
  custom:scripting/monoscript/fileName/MyString.cs: 37ddb2560db549b377c16ed27598cb79 -> 
  custom:scripting/monoscript/fileName/TextEffectStatus.cs: 0d9a417212ada6670935a5511afc12b9 -> 
  custom:scripting/monoscript/fileName/TextEffect.cs: b3399054379a13f493415819f2b26d02 -> 
  custom:scripting/monoscript/fileName/MinMaxRangeAttribute.cs: 290170215b5b7bdd3fb5340a79339fb0 -> 
  custom:scripting/monoscript/fileName/AttributeBaseDrawer.cs: 26c86ce1d32ef473ff54fac3b3f34384 -> 
  custom:scripting/monoscript/fileName/ConditionalData.cs: 31d8359f80de1f6456e27c8f052f735f -> 
  custom:scripting/monoscript/fileName/CollectionWrapper.cs: 1d692121383b052bc3c42bd312cb03d9 -> 
  custom:audio-encoder-webm-vorbis: bf7c407c2cedff20999df2af8eb42d56 -> 
  custom:scripting/monoscript/fileName/TimeUtil.cs: f1db10614389fe8436f67f4138e33eab -> 
  custom:scripting/monoscript/fileName/MyCollections.cs: 1573b6e8eec6809de8e4f734cd42ac53 -> 
  custom:scripting/monoscript/fileName/PerVertexEffectEditor.cs: 0e08baf525303c472bfaf41752a7f457 -> 
  custom:scripting/monoscript/fileName/MyReflection.cs: 912dd491c7847901aa49939904b2f1dd -> 
========================================================================
Received Prepare
Begin MonoManager ReloadAssembly
Thread 0x30bd93000 may have been prematurely finalized
- Loaded All Assemblies, in  0.581 seconds
Refreshing native plugins compatible for Editor in 2.29 ms, found 2 plugins.
Native extension for WindowsStandalone target not found
Native extension for AppleTV target not found
Native extension for iOS target not found
Native extension for OSXStandalone target not found
Native extension for WebGL target not found
Mono: successfully reloaded assembly
- Finished resetting the current domain, in  1.034 seconds
Domain Reload Profiling: 1616ms
	BeginReloadAssembly (153ms)
		ExecutionOrderSort (0ms)
		DisableScriptedObjects (5ms)
		BackupInstance (0ms)
		ReleaseScriptingObjects (0ms)
		CreateAndSetChildDomain (71ms)
	RebuildCommonClasses (43ms)
	RebuildNativeTypeToScriptingClass (14ms)
	initialDomainReloadingComplete (44ms)
	LoadAllAssembliesAndSetupDomain (328ms)
		LoadAssemblies (332ms)
		RebuildTransferFunctionScriptingTraits (0ms)
		AnalyzeDomain (41ms)
			TypeCache.Refresh (24ms)
				TypeCache.ScanAssembly (0ms)
			ScanForSourceGeneratedMonoScriptInfo (0ms)
			ResolveRequiredComponents (14ms)
	FinalizeReload (1034ms)
		ReleaseScriptCaches (0ms)
		RebuildScriptCaches (0ms)
		SetupLoadedEditorAssemblies (384ms)
			LogAssemblyErrors (0ms)
			InitializePlatformSupportModulesInManaged (24ms)
			SetLoadedEditorAssemblies (4ms)
			RefreshPlugins (0ms)
			BeforeProcessingInitializeOnLoad (54ms)
			ProcessInitializeOnLoadAttributes (278ms)
			ProcessInitializeOnLoadMethodAttributes (22ms)
			AfterProcessingInitializeOnLoad (1ms)
			EditorAssembliesLoaded (0ms)
		ExecutionOrderSort2 (0ms)
		AwakeInstancesAfterBackupRestoration (4ms)
Refreshing native plugins compatible for Editor in 1.49 ms, found 2 plugins.
Preloading 0 native plugins for Editor in 0.00 ms.
Unloading 3388 Unused Serialized files (Serialized files now loaded: 0)
Unloading 44 unused Assets / (43.1 KB). Loaded Objects now: 4049.
Memory consumption went from 0.58 GB to 0.58 GB.
Total: 4.639958 ms (FindLiveObjects: 0.207875 ms CreateObjectMapping: 0.104875 ms MarkObjects: 4.232875 ms  DeleteObjects: 0.093542 ms)

Prepare: number of updated asset objects reloaded= 0
AssetImportParameters requested are different than current active one (requested -> active):
  custom:scripting/monoscript/fileName/GlobalTextEffectEntry.cs: c33c6024380cd43b3456fe6aea6f41ce -> 
  custom:scripting/monoscript/fileName/FoldBoxAttribute.cs: 66ff91a3485d06d36b8511fad6212f92 -> 
  custom:container-demuxer-ogg: 62fdf1f143b41e24485cea50d1cbac27 -> 
  custom:scripting/monoscript/fileName/MyDebug.cs: f3faef2d00c537158ab87ca513b25292 -> 
  custom:scripting/monoscript/fileName/MinMax.cs: 1c24b444ecff0bdeaf87d2edcb9d5029 -> 
  custom:scripting/monoscript/fileName/EditorDocumentation.cs: 934fb06e6a0b5b2798793a45828d3d5f -> 
  custom:scripting/monoscript/fileName/Effect_PerVertex.cs: 3f70f7fc3d4f9bfb1e10cd5e53684ee7 -> 
  custom:video-decoder-ogg-theora: a1e56fd34408186e4bbccfd4996cb3dc -> 
  custom:scripting/monoscript/fileName/MySerializedProperty.cs: 782cc9e912ef11023f0b93b5cae175e2 -> 
  custom:scripting/monoscript/fileName/CompositeEffectEditor.cs: 271d2f481fc4dff6734c055f2943e5d2 -> 
  custom:scripting/monoscript/fileName/TextEffect_Base.cs: 1b9a39eb3f7eb4d420cb56ed888ca97e -> 
  custom:scripting/monoscript/fileName/Effect_Scale.cs: 24350027199be1e1c520c27be9f8fbb9 -> 
  custom:scripting/monoscript/fileName/Effect_Color.cs: f5bc93c86b81ba37fa611632e3ecfb7f -> 
  custom:scripting/monoscript/fileName/Effect_Composite.cs: f3f7d32be82537fa78159e8943c1f1a7 -> 
  custom:CustomObjectIndexerAttribute: 756ad292c208cfabdd7b50bc23989ffe -> 
  custom:scripting/monoscript/fileName/TextEffectInstance.cs: 8d710191666e5c8cce9c6d33f66fafeb -> 
  custom:container-demuxer-webm: 4f35f7cbe854078d1ac9338744f61a02 -> 
  custom:scripting/monoscript/fileName/ButtonMethodAttribute.cs: cf389342635f998ab935cfcb5ae933df -> 
  custom:scripting/monoscript/fileName/ToggleDocAttribute.cs: d3c69a3f433376abbde86a297f4193a9 -> 
  custom:scripting/monoscript/fileName/MyHandles.cs: cc579ce2a9f371e54e4420275e0ac078 -> 
  custom:scripting/monoscript/fileName/ConditionalUtility.cs: 1205d2bd05e1eefe510065c234dd0f0e -> 
  custom:scripting/monoscript/fileName/MyCommonConstants.cs: afab7efaf9564dc9a7324c32dd196775 -> 
  custom:scripting/monoscript/fileName/CustomDrawerUtility.cs: 4fd84f09df56fbc0319d9bd7f922e98c -> 
  custom:container-muxer-webm: aa71ff27fc2769a1b78a27578f13a17b -> 
  custom:video-decoder-webm-vp8: 9c59270c3fd7afecdb556c50c9e8de78 -> 
  custom:SearchIndexIgnoredProperties: e643bd26f0fe6173181afceb89e7c659 -> 
  custom:AudioImporter_EditorPlatform: 3918e3fc78b5a79bad01e8451be0beb8 -> 
  custom:scripting/monoscript/fileName/ToggleDocAttributeDrawer.cs: e106f856849e4750d3809a4f241b1be2 -> 
  custom:scripting/monoscript/fileName/TextEffectEditor.cs: d3d8a1e5c2004b60d32f761eb093cf1b -> 
  custom:scripting/monoscript/fileName/MyColor.cs: 11671538b011fd3f337af43bc02e0c13 -> 
  custom:scripting/monoscript/fileName/AttributeBase.cs: d4cbb11724ea712d431b5cd07124907e -> 
  custom:scripting/monoscript/fileName/FoldBoxAttributeDrawer.cs: 7cddfc9687649703e6a68527865794bc -> 
  custom:scripting/monoscript/fileName/ConditionalFieldAttribute.cs: e6d9fd24956977713db9ec59b2642d84 -> 
  custom:scripting/monoscript/fileName/Effect_Move.cs: ef5516b861ddd6742709a32c4d74ed0d -> 
  custom:framework-osx-AVFoundation: e770b220cccbd017edd2c1fefb359320 -> 
  custom:scripting/monoscript/fileName/MyAlgorithms.cs: af94dca5879ebeadb102964fe2ba4c2c -> 
  custom:scripting/monoscript/fileName/TagEffectsPreset.cs: 7660331b4e5025a0b81c1733075d5b78 -> 
  custom:scripting/monoscript/fileName/Effect_Rotate.cs: ffdcc32648b4f2ece65aebb867cbbb0e -> 
  custom:video-encoder-webm-vp8: eb34c28f22e8b96e1ab97ce403110664 -> 
  custom:audio-decoder-ogg-vorbis: bf7c407c2cedff20999df2af8eb42d56 -> 
  custom:scripting/monoscript/fileName/WarningsPool.cs: fe4fa1866c40657be6a51b3604c9b41a -> 
  custom:scripting/monoscript/fileName/MyString.cs: 37ddb2560db549b377c16ed27598cb79 -> 
  custom:scripting/monoscript/fileName/TextEffectStatus.cs: 0d9a417212ada6670935a5511afc12b9 -> 
  custom:scripting/monoscript/fileName/TextEffect.cs: b3399054379a13f493415819f2b26d02 -> 
  custom:scripting/monoscript/fileName/MinMaxRangeAttribute.cs: 290170215b5b7bdd3fb5340a79339fb0 -> 
  custom:scripting/monoscript/fileName/AttributeBaseDrawer.cs: 26c86ce1d32ef473ff54fac3b3f34384 -> 
  custom:scripting/monoscript/fileName/ConditionalData.cs: 31d8359f80de1f6456e27c8f052f735f -> 
  custom:scripting/monoscript/fileName/CollectionWrapper.cs: 1d692121383b052bc3c42bd312cb03d9 -> 
  custom:audio-encoder-webm-vorbis: bf7c407c2cedff20999df2af8eb42d56 -> 
  custom:scripting/monoscript/fileName/TimeUtil.cs: f1db10614389fe8436f67f4138e33eab -> 
  custom:scripting/monoscript/fileName/MyCollections.cs: 1573b6e8eec6809de8e4f734cd42ac53 -> 
  custom:scripting/monoscript/fileName/PerVertexEffectEditor.cs: 0e08baf525303c472bfaf41752a7f457 -> 
  custom:scripting/monoscript/fileName/MyReflection.cs: 912dd491c7847901aa49939904b2f1dd -> 
========================================================================
Received Prepare
Begin MonoManager ReloadAssembly
Thread 0x30bd93000 may have been prematurely finalized
- Loaded All Assemblies, in  0.516 seconds
Refreshing native plugins compatible for Editor in 1.60 ms, found 2 plugins.
Native extension for WindowsStandalone target not found
Native extension for AppleTV target not found
Native extension for iOS target not found
Native extension for OSXStandalone target not found
Native extension for WebGL target not found
Mono: successfully reloaded assembly
- Finished resetting the current domain, in  1.235 seconds
Domain Reload Profiling: 1751ms
	BeginReloadAssembly (155ms)
		ExecutionOrderSort (0ms)
		DisableScriptedObjects (5ms)
		BackupInstance (0ms)
		ReleaseScriptingObjects (0ms)
		CreateAndSetChildDomain (73ms)
	RebuildCommonClasses (42ms)
	RebuildNativeTypeToScriptingClass (14ms)
	initialDomainReloadingComplete (28ms)
	LoadAllAssembliesAndSetupDomain (277ms)
		LoadAssemblies (278ms)
		RebuildTransferFunctionScriptingTraits (0ms)
		AnalyzeDomain (45ms)
			TypeCache.Refresh (21ms)
				TypeCache.ScanAssembly (1ms)
			ScanForSourceGeneratedMonoScriptInfo (13ms)
			ResolveRequiredComponents (9ms)
	FinalizeReload (1235ms)
		ReleaseScriptCaches (0ms)
		RebuildScriptCaches (0ms)
		SetupLoadedEditorAssemblies (685ms)
			LogAssemblyErrors (0ms)
			InitializePlatformSupportModulesInManaged (22ms)
			SetLoadedEditorAssemblies (4ms)
			RefreshPlugins (0ms)
			BeforeProcessingInitializeOnLoad (55ms)
			ProcessInitializeOnLoadAttributes (560ms)
			ProcessInitializeOnLoadMethodAttributes (42ms)
			AfterProcessingInitializeOnLoad (2ms)
			EditorAssembliesLoaded (0ms)
		ExecutionOrderSort2 (0ms)
		AwakeInstancesAfterBackupRestoration (7ms)
Refreshing native plugins compatible for Editor in 1.12 ms, found 2 plugins.
Preloading 0 native plugins for Editor in 0.00 ms.
Unloading 3270 Unused Serialized files (Serialized files now loaded: 0)
Unloading 143 unused Assets / (94.2 KB). Loaded Objects now: 3953.
Memory consumption went from 0.59 GB to 0.59 GB.
Total: 3.789209 ms (FindLiveObjects: 0.179125 ms CreateObjectMapping: 0.082417 ms MarkObjects: 3.311959 ms  DeleteObjects: 0.214375 ms)

Prepare: number of updated asset objects reloaded= 0
AssetImportParameters requested are different than current active one (requested -> active):
  custom:scripting/monoscript/fileName/GlobalTextEffectEntry.cs: c33c6024380cd43b3456fe6aea6f41ce -> 
  custom:scripting/monoscript/fileName/FoldBoxAttribute.cs: 66ff91a3485d06d36b8511fad6212f92 -> 
  custom:container-demuxer-ogg: 62fdf1f143b41e24485cea50d1cbac27 -> 
  custom:scripting/monoscript/fileName/MyDebug.cs: f3faef2d00c537158ab87ca513b25292 -> 
  custom:scripting/monoscript/fileName/MinMax.cs: 1c24b444ecff0bdeaf87d2edcb9d5029 -> 
  custom:scripting/monoscript/fileName/EditorDocumentation.cs: 934fb06e6a0b5b2798793a45828d3d5f -> 
  custom:scripting/monoscript/fileName/Effect_PerVertex.cs: 3f70f7fc3d4f9bfb1e10cd5e53684ee7 -> 
  custom:video-decoder-ogg-theora: a1e56fd34408186e4bbccfd4996cb3dc -> 
  custom:scripting/monoscript/fileName/MySerializedProperty.cs: 782cc9e912ef11023f0b93b5cae175e2 -> 
  custom:scripting/monoscript/fileName/CompositeEffectEditor.cs: 271d2f481fc4dff6734c055f2943e5d2 -> 
  custom:scripting/monoscript/fileName/TextEffect_Base.cs: 1b9a39eb3f7eb4d420cb56ed888ca97e -> 
  custom:scripting/monoscript/fileName/Effect_Scale.cs: 24350027199be1e1c520c27be9f8fbb9 -> 
  custom:scripting/monoscript/fileName/Effect_Color.cs: f5bc93c86b81ba37fa611632e3ecfb7f -> 
  custom:scripting/monoscript/fileName/Effect_Composite.cs: f3f7d32be82537fa78159e8943c1f1a7 -> 
  custom:CustomObjectIndexerAttribute: 756ad292c208cfabdd7b50bc23989ffe -> 
  custom:scripting/monoscript/fileName/TextEffectInstance.cs: 8d710191666e5c8cce9c6d33f66fafeb -> 
  custom:container-demuxer-webm: 4f35f7cbe854078d1ac9338744f61a02 -> 
  custom:scripting/monoscript/fileName/ButtonMethodAttribute.cs: cf389342635f998ab935cfcb5ae933df -> 
  custom:scripting/monoscript/fileName/ToggleDocAttribute.cs: d3c69a3f433376abbde86a297f4193a9 -> 
  custom:scripting/monoscript/fileName/MyHandles.cs: cc579ce2a9f371e54e4420275e0ac078 -> 
  custom:scripting/monoscript/fileName/ConditionalUtility.cs: 1205d2bd05e1eefe510065c234dd0f0e -> 
  custom:scripting/monoscript/fileName/MyCommonConstants.cs: afab7efaf9564dc9a7324c32dd196775 -> 
  custom:scripting/monoscript/fileName/CustomDrawerUtility.cs: 4fd84f09df56fbc0319d9bd7f922e98c -> 
  custom:container-muxer-webm: aa71ff27fc2769a1b78a27578f13a17b -> 
  custom:video-decoder-webm-vp8: 9c59270c3fd7afecdb556c50c9e8de78 -> 
  custom:SearchIndexIgnoredProperties: e643bd26f0fe6173181afceb89e7c659 -> 
  custom:AudioImporter_EditorPlatform: 3918e3fc78b5a79bad01e8451be0beb8 -> 
  custom:scripting/monoscript/fileName/ToggleDocAttributeDrawer.cs: e106f856849e4750d3809a4f241b1be2 -> 
  custom:scripting/monoscript/fileName/TextEffectEditor.cs: d3d8a1e5c2004b60d32f761eb093cf1b -> 
  custom:scripting/monoscript/fileName/MyColor.cs: 11671538b011fd3f337af43bc02e0c13 -> 
  custom:scripting/monoscript/fileName/AttributeBase.cs: d4cbb11724ea712d431b5cd07124907e -> 
  custom:scripting/monoscript/fileName/FoldBoxAttributeDrawer.cs: 7cddfc9687649703e6a68527865794bc -> 
  custom:scripting/monoscript/fileName/ConditionalFieldAttribute.cs: e6d9fd24956977713db9ec59b2642d84 -> 
  custom:scripting/monoscript/fileName/Effect_Move.cs: ef5516b861ddd6742709a32c4d74ed0d -> 
  custom:framework-osx-AVFoundation: e770b220cccbd017edd2c1fefb359320 -> 
  custom:scripting/monoscript/fileName/MyAlgorithms.cs: af94dca5879ebeadb102964fe2ba4c2c -> 
  custom:scripting/monoscript/fileName/TagEffectsPreset.cs: 7660331b4e5025a0b81c1733075d5b78 -> 
  custom:scripting/monoscript/fileName/Effect_Rotate.cs: ffdcc32648b4f2ece65aebb867cbbb0e -> 
  custom:video-encoder-webm-vp8: eb34c28f22e8b96e1ab97ce403110664 -> 
  custom:audio-decoder-ogg-vorbis: bf7c407c2cedff20999df2af8eb42d56 -> 
  custom:scripting/monoscript/fileName/WarningsPool.cs: fe4fa1866c40657be6a51b3604c9b41a -> 
  custom:scripting/monoscript/fileName/MyString.cs: 37ddb2560db549b377c16ed27598cb79 -> 
  custom:scripting/monoscript/fileName/TextEffectStatus.cs: 0d9a417212ada6670935a5511afc12b9 -> 
  custom:scripting/monoscript/fileName/TextEffect.cs: b3399054379a13f493415819f2b26d02 -> 
  custom:scripting/monoscript/fileName/MinMaxRangeAttribute.cs: 290170215b5b7bdd3fb5340a79339fb0 -> 
  custom:scripting/monoscript/fileName/AttributeBaseDrawer.cs: 26c86ce1d32ef473ff54fac3b3f34384 -> 
  custom:scripting/monoscript/fileName/ConditionalData.cs: 31d8359f80de1f6456e27c8f052f735f -> 
  custom:scripting/monoscript/fileName/CollectionWrapper.cs: 1d692121383b052bc3c42bd312cb03d9 -> 
  custom:audio-encoder-webm-vorbis: bf7c407c2cedff20999df2af8eb42d56 -> 
  custom:scripting/monoscript/fileName/TimeUtil.cs: f1db10614389fe8436f67f4138e33eab -> 
  custom:scripting/monoscript/fileName/MyCollections.cs: 1573b6e8eec6809de8e4f734cd42ac53 -> 
  custom:scripting/monoscript/fileName/PerVertexEffectEditor.cs: 0e08baf525303c472bfaf41752a7f457 -> 
  custom:scripting/monoscript/fileName/MyReflection.cs: 912dd491c7847901aa49939904b2f1dd -> 
========================================================================
Received Prepare
Begin MonoManager ReloadAssembly
Thread 0x30bd93000 may have been prematurely finalized
- Loaded All Assemblies, in  0.568 seconds
Refreshing native plugins compatible for Editor in 1.08 ms, found 2 plugins.
Native extension for WindowsStandalone target not found
Native extension for AppleTV target not found
Native extension for iOS target not found
Native extension for OSXStandalone target not found
Native extension for WebGL target not found
Mono: successfully reloaded assembly
- Finished resetting the current domain, in  1.082 seconds
Domain Reload Profiling: 1651ms
	BeginReloadAssembly (189ms)
		ExecutionOrderSort (0ms)
		DisableScriptedObjects (5ms)
		BackupInstance (0ms)
		ReleaseScriptingObjects (0ms)
		CreateAndSetChildDomain (88ms)
	RebuildCommonClasses (47ms)
	RebuildNativeTypeToScriptingClass (14ms)
	initialDomainReloadingComplete (26ms)
	LoadAllAssembliesAndSetupDomain (293ms)
		LoadAssemblies (334ms)
		RebuildTransferFunctionScriptingTraits (0ms)
		AnalyzeDomain (19ms)
			TypeCache.Refresh (12ms)
				TypeCache.ScanAssembly (0ms)
			ScanForSourceGeneratedMonoScriptInfo (0ms)
			ResolveRequiredComponents (6ms)
	FinalizeReload (1082ms)
		ReleaseScriptCaches (0ms)
		RebuildScriptCaches (0ms)
		SetupLoadedEditorAssemblies (434ms)
			LogAssemblyErrors (0ms)
			InitializePlatformSupportModulesInManaged (37ms)
			SetLoadedEditorAssemblies (6ms)
			RefreshPlugins (0ms)
			BeforeProcessingInitializeOnLoad (74ms)
			ProcessInitializeOnLoadAttributes (292ms)
			ProcessInitializeOnLoadMethodAttributes (23ms)
			AfterProcessingInitializeOnLoad (1ms)
			EditorAssembliesLoaded (0ms)
		ExecutionOrderSort2 (0ms)
		AwakeInstancesAfterBackupRestoration (4ms)
Refreshing native plugins compatible for Editor in 1.64 ms, found 2 plugins.
Preloading 0 native plugins for Editor in 0.00 ms.
Unloading 3270 Unused Serialized files (Serialized files now loaded: 0)
Unloading 44 unused Assets / (43.1 KB). Loaded Objects now: 3956.
Memory consumption went from 0.60 GB to 0.60 GB.
Total: 4.742625 ms (FindLiveObjects: 0.208042 ms CreateObjectMapping: 0.102250 ms MarkObjects: 4.327042 ms  DeleteObjects: 0.103875 ms)

Prepare: number of updated asset objects reloaded= 0
AssetImportParameters requested are different than current active one (requested -> active):
  custom:scripting/monoscript/fileName/GlobalTextEffectEntry.cs: c33c6024380cd43b3456fe6aea6f41ce -> 
  custom:scripting/monoscript/fileName/FoldBoxAttribute.cs: 66ff91a3485d06d36b8511fad6212f92 -> 
  custom:container-demuxer-ogg: 62fdf1f143b41e24485cea50d1cbac27 -> 
  custom:scripting/monoscript/fileName/MyDebug.cs: f3faef2d00c537158ab87ca513b25292 -> 
  custom:scripting/monoscript/fileName/MinMax.cs: 1c24b444ecff0bdeaf87d2edcb9d5029 -> 
  custom:scripting/monoscript/fileName/EditorDocumentation.cs: 934fb06e6a0b5b2798793a45828d3d5f -> 
  custom:scripting/monoscript/fileName/Effect_PerVertex.cs: 3f70f7fc3d4f9bfb1e10cd5e53684ee7 -> 
  custom:video-decoder-ogg-theora: a1e56fd34408186e4bbccfd4996cb3dc -> 
  custom:scripting/monoscript/fileName/MySerializedProperty.cs: 782cc9e912ef11023f0b93b5cae175e2 -> 
  custom:scripting/monoscript/fileName/CompositeEffectEditor.cs: 271d2f481fc4dff6734c055f2943e5d2 -> 
  custom:scripting/monoscript/fileName/TextEffect_Base.cs: 1b9a39eb3f7eb4d420cb56ed888ca97e -> 
  custom:scripting/monoscript/fileName/Effect_Scale.cs: 24350027199be1e1c520c27be9f8fbb9 -> 
  custom:scripting/monoscript/fileName/Effect_Color.cs: f5bc93c86b81ba37fa611632e3ecfb7f -> 
  custom:scripting/monoscript/fileName/Effect_Composite.cs: f3f7d32be82537fa78159e8943c1f1a7 -> 
  custom:CustomObjectIndexerAttribute: 756ad292c208cfabdd7b50bc23989ffe -> 
  custom:scripting/monoscript/fileName/TextEffectInstance.cs: 8d710191666e5c8cce9c6d33f66fafeb -> 
  custom:container-demuxer-webm: 4f35f7cbe854078d1ac9338744f61a02 -> 
  custom:scripting/monoscript/fileName/ButtonMethodAttribute.cs: cf389342635f998ab935cfcb5ae933df -> 
  custom:scripting/monoscript/fileName/ToggleDocAttribute.cs: d3c69a3f433376abbde86a297f4193a9 -> 
  custom:scripting/monoscript/fileName/MyHandles.cs: cc579ce2a9f371e54e4420275e0ac078 -> 
  custom:scripting/monoscript/fileName/ConditionalUtility.cs: 1205d2bd05e1eefe510065c234dd0f0e -> 
  custom:scripting/monoscript/fileName/MyCommonConstants.cs: afab7efaf9564dc9a7324c32dd196775 -> 
  custom:scripting/monoscript/fileName/CustomDrawerUtility.cs: 4fd84f09df56fbc0319d9bd7f922e98c -> 
  custom:container-muxer-webm: aa71ff27fc2769a1b78a27578f13a17b -> 
  custom:video-decoder-webm-vp8: 9c59270c3fd7afecdb556c50c9e8de78 -> 
  custom:SearchIndexIgnoredProperties: e643bd26f0fe6173181afceb89e7c659 -> 
  custom:AudioImporter_EditorPlatform: 3918e3fc78b5a79bad01e8451be0beb8 -> 
  custom:scripting/monoscript/fileName/ToggleDocAttributeDrawer.cs: e106f856849e4750d3809a4f241b1be2 -> 
  custom:scripting/monoscript/fileName/TextEffectEditor.cs: d3d8a1e5c2004b60d32f761eb093cf1b -> 
  custom:scripting/monoscript/fileName/MyColor.cs: 11671538b011fd3f337af43bc02e0c13 -> 
  custom:scripting/monoscript/fileName/AttributeBase.cs: d4cbb11724ea712d431b5cd07124907e -> 
  custom:scripting/monoscript/fileName/FoldBoxAttributeDrawer.cs: 7cddfc9687649703e6a68527865794bc -> 
  custom:scripting/monoscript/fileName/ConditionalFieldAttribute.cs: e6d9fd24956977713db9ec59b2642d84 -> 
  custom:scripting/monoscript/fileName/Effect_Move.cs: ef5516b861ddd6742709a32c4d74ed0d -> 
  custom:framework-osx-AVFoundation: e770b220cccbd017edd2c1fefb359320 -> 
  custom:scripting/monoscript/fileName/MyAlgorithms.cs: af94dca5879ebeadb102964fe2ba4c2c -> 
  custom:scripting/monoscript/fileName/TagEffectsPreset.cs: 7660331b4e5025a0b81c1733075d5b78 -> 
  custom:scripting/monoscript/fileName/Effect_Rotate.cs: ffdcc32648b4f2ece65aebb867cbbb0e -> 
  custom:video-encoder-webm-vp8: eb34c28f22e8b96e1ab97ce403110664 -> 
  custom:audio-decoder-ogg-vorbis: bf7c407c2cedff20999df2af8eb42d56 -> 
  custom:scripting/monoscript/fileName/WarningsPool.cs: fe4fa1866c40657be6a51b3604c9b41a -> 
  custom:scripting/monoscript/fileName/MyString.cs: 37ddb2560db549b377c16ed27598cb79 -> 
  custom:scripting/monoscript/fileName/TextEffectStatus.cs: 0d9a417212ada6670935a5511afc12b9 -> 
  custom:scripting/monoscript/fileName/TextEffect.cs: b3399054379a13f493415819f2b26d02 -> 
  custom:scripting/monoscript/fileName/MinMaxRangeAttribute.cs: 290170215b5b7bdd3fb5340a79339fb0 -> 
  custom:scripting/monoscript/fileName/AttributeBaseDrawer.cs: 26c86ce1d32ef473ff54fac3b3f34384 -> 
  custom:scripting/monoscript/fileName/ConditionalData.cs: 31d8359f80de1f6456e27c8f052f735f -> 
  custom:scripting/monoscript/fileName/CollectionWrapper.cs: 1d692121383b052bc3c42bd312cb03d9 -> 
  custom:audio-encoder-webm-vorbis: bf7c407c2cedff20999df2af8eb42d56 -> 
  custom:scripting/monoscript/fileName/TimeUtil.cs: f1db10614389fe8436f67f4138e33eab -> 
  custom:scripting/monoscript/fileName/MyCollections.cs: 1573b6e8eec6809de8e4f734cd42ac53 -> 
  custom:scripting/monoscript/fileName/PerVertexEffectEditor.cs: 0e08baf525303c472bfaf41752a7f457 -> 
  custom:scripting/monoscript/fileName/MyReflection.cs: 912dd491c7847901aa49939904b2f1dd -> 
[usbmuxd] Attached: 47 00008030-0011389811BB802E
[usbmuxd] Detached: 47 00008030-0011389811BB802E
========================================================================
Received Prepare
Begin MonoManager ReloadAssembly
Thread 0x30bd93000 may have been prematurely finalized
- Loaded All Assemblies, in  1.297 seconds
Refreshing native plugins compatible for Editor in 1.58 ms, found 2 plugins.
Native extension for WindowsStandalone target not found
Native extension for AppleTV target not found
Native extension for iOS target not found
Native extension for OSXStandalone target not found
Native extension for WebGL target not found
Mono: successfully reloaded assembly
- Finished resetting the current domain, in  1.568 seconds
Domain Reload Profiling: 2867ms
	BeginReloadAssembly (558ms)
		ExecutionOrderSort (0ms)
		DisableScriptedObjects (16ms)
		BackupInstance (0ms)
		ReleaseScriptingObjects (0ms)
		CreateAndSetChildDomain (280ms)
	RebuildCommonClasses (89ms)
	RebuildNativeTypeToScriptingClass (29ms)
	initialDomainReloadingComplete (55ms)
	LoadAllAssembliesAndSetupDomain (566ms)
		LoadAssemblies (720ms)
		RebuildTransferFunctionScriptingTraits (0ms)
		AnalyzeDomain (35ms)
			TypeCache.Refresh (21ms)
				TypeCache.ScanAssembly (0ms)
			ScanForSourceGeneratedMonoScriptInfo (0ms)
			ResolveRequiredComponents (13ms)
	FinalizeReload (1570ms)
		ReleaseScriptCaches (0ms)
		RebuildScriptCaches (0ms)
		SetupLoadedEditorAssemblies (795ms)
			LogAssemblyErrors (0ms)
			InitializePlatformSupportModulesInManaged (46ms)
			SetLoadedEditorAssemblies (8ms)
			RefreshPlugins (0ms)
			BeforeProcessingInitializeOnLoad (106ms)
			ProcessInitializeOnLoadAttributes (578ms)
			ProcessInitializeOnLoadMethodAttributes (54ms)
			AfterProcessingInitializeOnLoad (2ms)
			EditorAssembliesLoaded (1ms)
		ExecutionOrderSort2 (0ms)
		AwakeInstancesAfterBackupRestoration (8ms)
Refreshing native plugins compatible for Editor in 3.02 ms, found 2 plugins.
Preloading 0 native plugins for Editor in 0.00 ms.
Unloading 3270 Unused Serialized files (Serialized files now loaded: 0)
Unloading 44 unused Assets / (43.1 KB). Loaded Objects now: 3959.
Memory consumption went from 0.60 GB to 0.60 GB.
Total: 7.272667 ms (FindLiveObjects: 0.339792 ms CreateObjectMapping: 0.164084 ms MarkObjects: 6.627459 ms  DeleteObjects: 0.138875 ms)

Prepare: number of updated asset objects reloaded= 0
AssetImportParameters requested are different than current active one (requested -> active):
  custom:scripting/monoscript/fileName/GlobalTextEffectEntry.cs: c33c6024380cd43b3456fe6aea6f41ce -> 
  custom:scripting/monoscript/fileName/FoldBoxAttribute.cs: 66ff91a3485d06d36b8511fad6212f92 -> 
  custom:container-demuxer-ogg: 62fdf1f143b41e24485cea50d1cbac27 -> 
  custom:scripting/monoscript/fileName/MyDebug.cs: f3faef2d00c537158ab87ca513b25292 -> 
  custom:scripting/monoscript/fileName/MinMax.cs: 1c24b444ecff0bdeaf87d2edcb9d5029 -> 
  custom:scripting/monoscript/fileName/EditorDocumentation.cs: 934fb06e6a0b5b2798793a45828d3d5f -> 
  custom:scripting/monoscript/fileName/Effect_PerVertex.cs: 3f70f7fc3d4f9bfb1e10cd5e53684ee7 -> 
  custom:video-decoder-ogg-theora: a1e56fd34408186e4bbccfd4996cb3dc -> 
  custom:scripting/monoscript/fileName/MySerializedProperty.cs: 782cc9e912ef11023f0b93b5cae175e2 -> 
  custom:scripting/monoscript/fileName/CompositeEffectEditor.cs: 271d2f481fc4dff6734c055f2943e5d2 -> 
  custom:scripting/monoscript/fileName/TextEffect_Base.cs: 1b9a39eb3f7eb4d420cb56ed888ca97e -> 
  custom:scripting/monoscript/fileName/Effect_Scale.cs: 24350027199be1e1c520c27be9f8fbb9 -> 
  custom:scripting/monoscript/fileName/Effect_Color.cs: f5bc93c86b81ba37fa611632e3ecfb7f -> 
  custom:scripting/monoscript/fileName/Effect_Composite.cs: f3f7d32be82537fa78159e8943c1f1a7 -> 
  custom:CustomObjectIndexerAttribute: 756ad292c208cfabdd7b50bc23989ffe -> 
  custom:scripting/monoscript/fileName/TextEffectInstance.cs: 8d710191666e5c8cce9c6d33f66fafeb -> 
  custom:container-demuxer-webm: 4f35f7cbe854078d1ac9338744f61a02 -> 
  custom:scripting/monoscript/fileName/ButtonMethodAttribute.cs: cf389342635f998ab935cfcb5ae933df -> 
  custom:scripting/monoscript/fileName/ToggleDocAttribute.cs: d3c69a3f433376abbde86a297f4193a9 -> 
  custom:scripting/monoscript/fileName/MyHandles.cs: cc579ce2a9f371e54e4420275e0ac078 -> 
  custom:scripting/monoscript/fileName/ConditionalUtility.cs: 1205d2bd05e1eefe510065c234dd0f0e -> 
  custom:scripting/monoscript/fileName/MyCommonConstants.cs: afab7efaf9564dc9a7324c32dd196775 -> 
  custom:scripting/monoscript/fileName/CustomDrawerUtility.cs: 4fd84f09df56fbc0319d9bd7f922e98c -> 
  custom:container-muxer-webm: aa71ff27fc2769a1b78a27578f13a17b -> 
  custom:video-decoder-webm-vp8: 9c59270c3fd7afecdb556c50c9e8de78 -> 
  custom:SearchIndexIgnoredProperties: e643bd26f0fe6173181afceb89e7c659 -> 
  custom:AudioImporter_EditorPlatform: 3918e3fc78b5a79bad01e8451be0beb8 -> 
  custom:scripting/monoscript/fileName/ToggleDocAttributeDrawer.cs: e106f856849e4750d3809a4f241b1be2 -> 
  custom:scripting/monoscript/fileName/TextEffectEditor.cs: d3d8a1e5c2004b60d32f761eb093cf1b -> 
  custom:scripting/monoscript/fileName/MyColor.cs: 11671538b011fd3f337af43bc02e0c13 -> 
  custom:scripting/monoscript/fileName/AttributeBase.cs: d4cbb11724ea712d431b5cd07124907e -> 
  custom:scripting/monoscript/fileName/FoldBoxAttributeDrawer.cs: 7cddfc9687649703e6a68527865794bc -> 
  custom:scripting/monoscript/fileName/ConditionalFieldAttribute.cs: e6d9fd24956977713db9ec59b2642d84 -> 
  custom:scripting/monoscript/fileName/Effect_Move.cs: ef5516b861ddd6742709a32c4d74ed0d -> 
  custom:framework-osx-AVFoundation: e770b220cccbd017edd2c1fefb359320 -> 
  custom:scripting/monoscript/fileName/MyAlgorithms.cs: af94dca5879ebeadb102964fe2ba4c2c -> 
  custom:scripting/monoscript/fileName/TagEffectsPreset.cs: 7660331b4e5025a0b81c1733075d5b78 -> 
  custom:scripting/monoscript/fileName/Effect_Rotate.cs: ffdcc32648b4f2ece65aebb867cbbb0e -> 
  custom:video-encoder-webm-vp8: eb34c28f22e8b96e1ab97ce403110664 -> 
  custom:audio-decoder-ogg-vorbis: bf7c407c2cedff20999df2af8eb42d56 -> 
  custom:scripting/monoscript/fileName/WarningsPool.cs: fe4fa1866c40657be6a51b3604c9b41a -> 
  custom:scripting/monoscript/fileName/MyString.cs: 37ddb2560db549b377c16ed27598cb79 -> 
  custom:scripting/monoscript/fileName/TextEffectStatus.cs: 0d9a417212ada6670935a5511afc12b9 -> 
  custom:scripting/monoscript/fileName/TextEffect.cs: b3399054379a13f493415819f2b26d02 -> 
  custom:scripting/monoscript/fileName/MinMaxRangeAttribute.cs: 290170215b5b7bdd3fb5340a79339fb0 -> 
  custom:scripting/monoscript/fileName/AttributeBaseDrawer.cs: 26c86ce1d32ef473ff54fac3b3f34384 -> 
  custom:scripting/monoscript/fileName/ConditionalData.cs: 31d8359f80de1f6456e27c8f052f735f -> 
  custom:scripting/monoscript/fileName/CollectionWrapper.cs: 1d692121383b052bc3c42bd312cb03d9 -> 
  custom:audio-encoder-webm-vorbis: bf7c407c2cedff20999df2af8eb42d56 -> 
  custom:scripting/monoscript/fileName/TimeUtil.cs: f1db10614389fe8436f67f4138e33eab -> 
  custom:scripting/monoscript/fileName/MyCollections.cs: 1573b6e8eec6809de8e4f734cd42ac53 -> 
  custom:scripting/monoscript/fileName/PerVertexEffectEditor.cs: 0e08baf525303c472bfaf41752a7f457 -> 
  custom:scripting/monoscript/fileName/MyReflection.cs: 912dd491c7847901aa49939904b2f1dd -> 
========================================================================
Received Prepare
Assembly with name 'Ink-Libraries' already exists (Assets/Ink/InkLibs/Ink-Libraries.asmdef)
Assembly with name 'Ink-Libraries' already exists (Assets/Assets 1/Plugins/Ink/InkLibs/Ink-Libraries.asmdef)
Assembly with name 'Ink-Libraries' already exists (Assets/Ink/InkLibs/Ink-Libraries.asmdef)
Assembly with name 'Ink-Libraries' already exists (Assets/Assets 1/Plugins/Ink/InkLibs/Ink-Libraries.asmdef)
Begin MonoManager ReloadAssembly
Thread 0x30bd07000 may have been prematurely finalized
- Loaded All Assemblies, in  0.625 seconds
Refreshing native plugins compatible for Editor in 1.36 ms, found 2 plugins.
Native extension for WindowsStandalone target not found
Native extension for AppleTV target not found
Native extension for iOS target not found
Native extension for OSXStandalone target not found
Native extension for WebGL target not found
Assembly with name 'Ink-Libraries' already exists (Assets/Ink/InkLibs/Ink-Libraries.asmdef)
Assembly with name 'Ink-Libraries' already exists (Assets/Assets 1/Plugins/Ink/InkLibs/Ink-Libraries.asmdef)
Mono: successfully reloaded assembly
- Finished resetting the current domain, in  0.895 seconds
Domain Reload Profiling: 1520ms
	BeginReloadAssembly (199ms)
		ExecutionOrderSort (0ms)
		DisableScriptedObjects (6ms)
		BackupInstance (0ms)
		ReleaseScriptingObjects (0ms)
		CreateAndSetChildDomain (85ms)
	RebuildCommonClasses (56ms)
	RebuildNativeTypeToScriptingClass (18ms)
	initialDomainReloadingComplete (35ms)
	LoadAllAssembliesAndSetupDomain (318ms)
		LoadAssemblies (331ms)
		RebuildTransferFunctionScriptingTraits (0ms)
		AnalyzeDomain (46ms)
			TypeCache.Refresh (26ms)
				TypeCache.ScanAssembly (5ms)
			ScanForSourceGeneratedMonoScriptInfo (10ms)
			ResolveRequiredComponents (7ms)
	FinalizeReload (895ms)
		ReleaseScriptCaches (0ms)
		RebuildScriptCaches (0ms)
		SetupLoadedEditorAssemblies (371ms)
			LogAssemblyErrors (0ms)
			InitializePlatformSupportModulesInManaged (23ms)
			SetLoadedEditorAssemblies (4ms)
			RefreshPlugins (0ms)
			BeforeProcessingInitializeOnLoad (77ms)
			ProcessInitializeOnLoadAttributes (244ms)
			ProcessInitializeOnLoadMethodAttributes (22ms)
			AfterProcessingInitializeOnLoad (1ms)
			EditorAssembliesLoaded (0ms)
		ExecutionOrderSort2 (0ms)
		AwakeInstancesAfterBackupRestoration (3ms)
Refreshing native plugins compatible for Editor in 1.24 ms, found 2 plugins.
Preloading 0 native plugins for Editor in 0.00 ms.
Unloading 3388 Unused Serialized files (Serialized files now loaded: 0)
Unloading 44 unused Assets / (43.1 KB). Loaded Objects now: 4064.
Memory consumption went from 0.61 GB to 0.61 GB.
Total: 3.292875 ms (FindLiveObjects: 0.153250 ms CreateObjectMapping: 0.065750 ms MarkObjects: 2.999667 ms  DeleteObjects: 0.073333 ms)

Prepare: number of updated asset objects reloaded= 16
AssetImportParameters requested are different than current active one (requested -> active):
  custom:scripting/monoscript/fileName/GlobalTextEffectEntry.cs: c33c6024380cd43b3456fe6aea6f41ce -> 
  custom:scripting/monoscript/fileName/FoldBoxAttribute.cs: 66ff91a3485d06d36b8511fad6212f92 -> 
  custom:container-demuxer-ogg: 62fdf1f143b41e24485cea50d1cbac27 -> 
  custom:scripting/monoscript/fileName/MyDebug.cs: f3faef2d00c537158ab87ca513b25292 -> 
  custom:scripting/monoscript/fileName/MinMax.cs: 1c24b444ecff0bdeaf87d2edcb9d5029 -> 
  custom:scripting/monoscript/fileName/EditorDocumentation.cs: 934fb06e6a0b5b2798793a45828d3d5f -> 
  custom:scripting/monoscript/fileName/Effect_PerVertex.cs: 3f70f7fc3d4f9bfb1e10cd5e53684ee7 -> 
  custom:video-decoder-ogg-theora: a1e56fd34408186e4bbccfd4996cb3dc -> 
  custom:scripting/monoscript/fileName/MySerializedProperty.cs: 782cc9e912ef11023f0b93b5cae175e2 -> 
  custom:scripting/monoscript/fileName/CompositeEffectEditor.cs: 271d2f481fc4dff6734c055f2943e5d2 -> 
  custom:scripting/monoscript/fileName/TextEffect_Base.cs: 1b9a39eb3f7eb4d420cb56ed888ca97e -> 
  custom:scripting/monoscript/fileName/Effect_Scale.cs: 24350027199be1e1c520c27be9f8fbb9 -> 
  custom:scripting/monoscript/fileName/Effect_Color.cs: f5bc93c86b81ba37fa611632e3ecfb7f -> 
  custom:scripting/monoscript/fileName/Effect_Composite.cs: f3f7d32be82537fa78159e8943c1f1a7 -> 
  custom:CustomObjectIndexerAttribute: 756ad292c208cfabdd7b50bc23989ffe -> 
  custom:scripting/monoscript/fileName/TextEffectInstance.cs: 8d710191666e5c8cce9c6d33f66fafeb -> 
  custom:container-demuxer-webm: 4f35f7cbe854078d1ac9338744f61a02 -> 
  custom:scripting/monoscript/fileName/ButtonMethodAttribute.cs: cf389342635f998ab935cfcb5ae933df -> 
  custom:scripting/monoscript/fileName/ToggleDocAttribute.cs: d3c69a3f433376abbde86a297f4193a9 -> 
  custom:scripting/monoscript/fileName/MyHandles.cs: cc579ce2a9f371e54e4420275e0ac078 -> 
  custom:scripting/monoscript/fileName/ConditionalUtility.cs: 1205d2bd05e1eefe510065c234dd0f0e -> 
  custom:scripting/monoscript/fileName/MyCommonConstants.cs: afab7efaf9564dc9a7324c32dd196775 -> 
  custom:scripting/monoscript/fileName/CustomDrawerUtility.cs: 4fd84f09df56fbc0319d9bd7f922e98c -> 
  custom:container-muxer-webm: aa71ff27fc2769a1b78a27578f13a17b -> 
  custom:video-decoder-webm-vp8: 9c59270c3fd7afecdb556c50c9e8de78 -> 
  custom:SearchIndexIgnoredProperties: e643bd26f0fe6173181afceb89e7c659 -> 
  custom:AudioImporter_EditorPlatform: 3918e3fc78b5a79bad01e8451be0beb8 -> 
  custom:scripting/monoscript/fileName/ToggleDocAttributeDrawer.cs: e106f856849e4750d3809a4f241b1be2 -> 
  custom:scripting/monoscript/fileName/TextEffectEditor.cs: d3d8a1e5c2004b60d32f761eb093cf1b -> 
  custom:scripting/monoscript/fileName/MyColor.cs: 11671538b011fd3f337af43bc02e0c13 -> 
  custom:scripting/monoscript/fileName/AttributeBase.cs: d4cbb11724ea712d431b5cd07124907e -> 
  custom:scripting/monoscript/fileName/FoldBoxAttributeDrawer.cs: 7cddfc9687649703e6a68527865794bc -> 
  custom:scripting/monoscript/fileName/ConditionalFieldAttribute.cs: e6d9fd24956977713db9ec59b2642d84 -> 
  custom:scripting/monoscript/fileName/Effect_Move.cs: ef5516b861ddd6742709a32c4d74ed0d -> 
  custom:framework-osx-AVFoundation: e770b220cccbd017edd2c1fefb359320 -> 
  custom:scripting/monoscript/fileName/MyAlgorithms.cs: af94dca5879ebeadb102964fe2ba4c2c -> 
  custom:scripting/monoscript/fileName/TagEffectsPreset.cs: 7660331b4e5025a0b81c1733075d5b78 -> 
  custom:scripting/monoscript/fileName/Effect_Rotate.cs: ffdcc32648b4f2ece65aebb867cbbb0e -> 
  custom:video-encoder-webm-vp8: eb34c28f22e8b96e1ab97ce403110664 -> 
  custom:audio-decoder-ogg-vorbis: bf7c407c2cedff20999df2af8eb42d56 -> 
  custom:scripting/monoscript/fileName/WarningsPool.cs: fe4fa1866c40657be6a51b3604c9b41a -> 
  custom:scripting/monoscript/fileName/MyString.cs: 37ddb2560db549b377c16ed27598cb79 -> 
  custom:scripting/monoscript/fileName/TextEffectStatus.cs: 0d9a417212ada6670935a5511afc12b9 -> 
  custom:scripting/monoscript/fileName/TextEffect.cs: b3399054379a13f493415819f2b26d02 -> 
  custom:scripting/monoscript/fileName/MinMaxRangeAttribute.cs: 290170215b5b7bdd3fb5340a79339fb0 -> 
  custom:scripting/monoscript/fileName/AttributeBaseDrawer.cs: 26c86ce1d32ef473ff54fac3b3f34384 -> 
  custom:scripting/monoscript/fileName/ConditionalData.cs: 31d8359f80de1f6456e27c8f052f735f -> 
  custom:scripting/monoscript/fileName/CollectionWrapper.cs: 1d692121383b052bc3c42bd312cb03d9 -> 
  custom:audio-encoder-webm-vorbis: bf7c407c2cedff20999df2af8eb42d56 -> 
  custom:scripting/monoscript/fileName/TimeUtil.cs: f1db10614389fe8436f67f4138e33eab -> 
  custom:scripting/monoscript/fileName/MyCollections.cs: 1573b6e8eec6809de8e4f734cd42ac53 -> 
  custom:scripting/monoscript/fileName/PerVertexEffectEditor.cs: 0e08baf525303c472bfaf41752a7f457 -> 
  custom:scripting/monoscript/fileName/MyReflection.cs: 912dd491c7847901aa49939904b2f1dd -> 
========================================================================
Received Prepare
Assembly with name 'Ink-Libraries' already exists (Assets/Ink/InkLibs/Ink-Libraries.asmdef)
Assembly with name 'Ink-Libraries' already exists (Assets/Assets 1/Plugins/Ink/InkLibs/Ink-Libraries.asmdef)
Assembly with name 'Ink-Libraries' already exists (Assets/Ink/InkLibs/Ink-Libraries.asmdef)
Assembly with name 'Ink-Libraries' already exists (Assets/Assets 1/Plugins/Ink/InkLibs/Ink-Libraries.asmdef)
Begin MonoManager ReloadAssembly
Thread 0x30bd93000 may have been prematurely finalized
- Loaded All Assemblies, in  0.491 seconds
Refreshing native plugins compatible for Editor in 1.36 ms, found 2 plugins.
Native extension for WindowsStandalone target not found
Native extension for AppleTV target not found
Native extension for iOS target not found
Native extension for OSXStandalone target not found
Native extension for WebGL target not found
Assembly with name 'Ink-Libraries' already exists (Assets/Ink/InkLibs/Ink-Libraries.asmdef)
Assembly with name 'Ink-Libraries' already exists (Assets/Assets 1/Plugins/Ink/InkLibs/Ink-Libraries.asmdef)
Mono: successfully reloaded assembly
- Finished resetting the current domain, in  1.078 seconds
Domain Reload Profiling: 1569ms
	BeginReloadAssembly (127ms)
		ExecutionOrderSort (0ms)
		DisableScriptedObjects (5ms)
		BackupInstance (0ms)
		ReleaseScriptingObjects (0ms)
		CreateAndSetChildDomain (50ms)
	RebuildCommonClasses (48ms)
	RebuildNativeTypeToScriptingClass (15ms)
	initialDomainReloadingComplete (27ms)
	LoadAllAssembliesAndSetupDomain (273ms)
		LoadAssemblies (294ms)
		RebuildTransferFunctionScriptingTraits (0ms)
		AnalyzeDomain (24ms)
			TypeCache.Refresh (15ms)
				TypeCache.ScanAssembly (0ms)
			ScanForSourceGeneratedMonoScriptInfo (0ms)
			ResolveRequiredComponents (8ms)
	FinalizeReload (1079ms)
		ReleaseScriptCaches (0ms)
		RebuildScriptCaches (0ms)
		SetupLoadedEditorAssemblies (579ms)
			LogAssemblyErrors (0ms)
			InitializePlatformSupportModulesInManaged (26ms)
			SetLoadedEditorAssemblies (4ms)
			RefreshPlugins (0ms)
			BeforeProcessingInitializeOnLoad (96ms)
			ProcessInitializeOnLoadAttributes (428ms)
			ProcessInitializeOnLoadMethodAttributes (24ms)
			AfterProcessingInitializeOnLoad (1ms)
			EditorAssembliesLoaded (0ms)
		ExecutionOrderSort2 (0ms)
		AwakeInstancesAfterBackupRestoration (3ms)
Refreshing native plugins compatible for Editor in 1.14 ms, found 2 plugins.
Preloading 0 native plugins for Editor in 0.00 ms.
Unloading 3388 Unused Serialized files (Serialized files now loaded: 0)
Unloading 44 unused Assets / (43.1 KB). Loaded Objects now: 4067.
Memory consumption went from 0.62 GB to 0.62 GB.
Total: 3.669708 ms (FindLiveObjects: 0.180625 ms CreateObjectMapping: 0.064666 ms MarkObjects: 3.352542 ms  DeleteObjects: 0.070875 ms)

Prepare: number of updated asset objects reloaded= 0
AssetImportParameters requested are different than current active one (requested -> active):
  custom:scripting/monoscript/fileName/GlobalTextEffectEntry.cs: c33c6024380cd43b3456fe6aea6f41ce -> 
  custom:scripting/monoscript/fileName/FoldBoxAttribute.cs: 66ff91a3485d06d36b8511fad6212f92 -> 
  custom:container-demuxer-ogg: 62fdf1f143b41e24485cea50d1cbac27 -> 
  custom:scripting/monoscript/fileName/MyDebug.cs: f3faef2d00c537158ab87ca513b25292 -> 
  custom:scripting/monoscript/fileName/MinMax.cs: 1c24b444ecff0bdeaf87d2edcb9d5029 -> 
  custom:scripting/monoscript/fileName/EditorDocumentation.cs: 934fb06e6a0b5b2798793a45828d3d5f -> 
  custom:scripting/monoscript/fileName/Effect_PerVertex.cs: 3f70f7fc3d4f9bfb1e10cd5e53684ee7 -> 
  custom:video-decoder-ogg-theora: a1e56fd34408186e4bbccfd4996cb3dc -> 
  custom:scripting/monoscript/fileName/MySerializedProperty.cs: 782cc9e912ef11023f0b93b5cae175e2 -> 
  custom:scripting/monoscript/fileName/CompositeEffectEditor.cs: 271d2f481fc4dff6734c055f2943e5d2 -> 
  custom:scripting/monoscript/fileName/TextEffect_Base.cs: 1b9a39eb3f7eb4d420cb56ed888ca97e -> 
  custom:scripting/monoscript/fileName/Effect_Scale.cs: 24350027199be1e1c520c27be9f8fbb9 -> 
  custom:scripting/monoscript/fileName/Effect_Color.cs: f5bc93c86b81ba37fa611632e3ecfb7f -> 
  custom:scripting/monoscript/fileName/Effect_Composite.cs: f3f7d32be82537fa78159e8943c1f1a7 -> 
  custom:CustomObjectIndexerAttribute: 756ad292c208cfabdd7b50bc23989ffe -> 
  custom:scripting/monoscript/fileName/TextEffectInstance.cs: 8d710191666e5c8cce9c6d33f66fafeb -> 
  custom:container-demuxer-webm: 4f35f7cbe854078d1ac9338744f61a02 -> 
  custom:scripting/monoscript/fileName/ButtonMethodAttribute.cs: cf389342635f998ab935cfcb5ae933df -> 
  custom:scripting/monoscript/fileName/ToggleDocAttribute.cs: d3c69a3f433376abbde86a297f4193a9 -> 
  custom:scripting/monoscript/fileName/MyHandles.cs: cc579ce2a9f371e54e4420275e0ac078 -> 
  custom:scripting/monoscript/fileName/ConditionalUtility.cs: 1205d2bd05e1eefe510065c234dd0f0e -> 
  custom:scripting/monoscript/fileName/MyCommonConstants.cs: afab7efaf9564dc9a7324c32dd196775 -> 
  custom:scripting/monoscript/fileName/CustomDrawerUtility.cs: 4fd84f09df56fbc0319d9bd7f922e98c -> 
  custom:container-muxer-webm: aa71ff27fc2769a1b78a27578f13a17b -> 
  custom:video-decoder-webm-vp8: 9c59270c3fd7afecdb556c50c9e8de78 -> 
  custom:SearchIndexIgnoredProperties: e643bd26f0fe6173181afceb89e7c659 -> 
  custom:AudioImporter_EditorPlatform: 3918e3fc78b5a79bad01e8451be0beb8 -> 
  custom:scripting/monoscript/fileName/ToggleDocAttributeDrawer.cs: e106f856849e4750d3809a4f241b1be2 -> 
  custom:scripting/monoscript/fileName/TextEffectEditor.cs: d3d8a1e5c2004b60d32f761eb093cf1b -> 
  custom:scripting/monoscript/fileName/MyColor.cs: 11671538b011fd3f337af43bc02e0c13 -> 
  custom:scripting/monoscript/fileName/AttributeBase.cs: d4cbb11724ea712d431b5cd07124907e -> 
  custom:scripting/monoscript/fileName/FoldBoxAttributeDrawer.cs: 7cddfc9687649703e6a68527865794bc -> 
  custom:scripting/monoscript/fileName/ConditionalFieldAttribute.cs: e6d9fd24956977713db9ec59b2642d84 -> 
  custom:scripting/monoscript/fileName/Effect_Move.cs: ef5516b861ddd6742709a32c4d74ed0d -> 
  custom:framework-osx-AVFoundation: e770b220cccbd017edd2c1fefb359320 -> 
  custom:scripting/monoscript/fileName/MyAlgorithms.cs: af94dca5879ebeadb102964fe2ba4c2c -> 
  custom:scripting/monoscript/fileName/TagEffectsPreset.cs: 7660331b4e5025a0b81c1733075d5b78 -> 
  custom:scripting/monoscript/fileName/Effect_Rotate.cs: ffdcc32648b4f2ece65aebb867cbbb0e -> 
  custom:video-encoder-webm-vp8: eb34c28f22e8b96e1ab97ce403110664 -> 
  custom:audio-decoder-ogg-vorbis: bf7c407c2cedff20999df2af8eb42d56 -> 
  custom:scripting/monoscript/fileName/WarningsPool.cs: fe4fa1866c40657be6a51b3604c9b41a -> 
  custom:scripting/monoscript/fileName/MyString.cs: 37ddb2560db549b377c16ed27598cb79 -> 
  custom:scripting/monoscript/fileName/TextEffectStatus.cs: 0d9a417212ada6670935a5511afc12b9 -> 
  custom:scripting/monoscript/fileName/TextEffect.cs: b3399054379a13f493415819f2b26d02 -> 
  custom:scripting/monoscript/fileName/MinMaxRangeAttribute.cs: 290170215b5b7bdd3fb5340a79339fb0 -> 
  custom:scripting/monoscript/fileName/AttributeBaseDrawer.cs: 26c86ce1d32ef473ff54fac3b3f34384 -> 
  custom:scripting/monoscript/fileName/ConditionalData.cs: 31d8359f80de1f6456e27c8f052f735f -> 
  custom:scripting/monoscript/fileName/CollectionWrapper.cs: 1d692121383b052bc3c42bd312cb03d9 -> 
  custom:audio-encoder-webm-vorbis: bf7c407c2cedff20999df2af8eb42d56 -> 
  custom:scripting/monoscript/fileName/TimeUtil.cs: f1db10614389fe8436f67f4138e33eab -> 
  custom:scripting/monoscript/fileName/MyCollections.cs: 1573b6e8eec6809de8e4f734cd42ac53 -> 
  custom:scripting/monoscript/fileName/PerVertexEffectEditor.cs: 0e08baf525303c472bfaf41752a7f457 -> 
  custom:scripting/monoscript/fileName/MyReflection.cs: 912dd491c7847901aa49939904b2f1dd -> 
========================================================================
Received Prepare
Assembly with name 'Ink-Libraries' already exists (Assets/Ink/InkLibs/Ink-Libraries.asmdef)
Assembly with name 'Ink-Libraries' already exists (Assets/Assets 1/Plugins/Ink/InkLibs/Ink-Libraries.asmdef)
Assembly with name 'Ink-Libraries' already exists (Assets/Ink/InkLibs/Ink-Libraries.asmdef)
Assembly with name 'Ink-Libraries' already exists (Assets/Assets 1/Plugins/Ink/InkLibs/Ink-Libraries.asmdef)
Begin MonoManager ReloadAssembly
Thread 0x30bd93000 may have been prematurely finalized
- Loaded All Assemblies, in  0.523 seconds
Refreshing native plugins compatible for Editor in 1.06 ms, found 2 plugins.
Native extension for WindowsStandalone target not found
Native extension for AppleTV target not found
Native extension for iOS target not found
Native extension for OSXStandalone target not found
Native extension for WebGL target not found
Assembly with name 'Ink-Libraries' already exists (Assets/Ink/InkLibs/Ink-Libraries.asmdef)
Assembly with name 'Ink-Libraries' already exists (Assets/Assets 1/Plugins/Ink/InkLibs/Ink-Libraries.asmdef)
Mono: successfully reloaded assembly
- Finished resetting the current domain, in  1.076 seconds
Domain Reload Profiling: 1599ms
	BeginReloadAssembly (173ms)
		ExecutionOrderSort (0ms)
		DisableScriptedObjects (12ms)
		BackupInstance (0ms)
		ReleaseScriptingObjects (0ms)
		CreateAndSetChildDomain (73ms)
	RebuildCommonClasses (42ms)
	RebuildNativeTypeToScriptingClass (14ms)
	initialDomainReloadingComplete (27ms)
	LoadAllAssembliesAndSetupDomain (267ms)
		LoadAssemblies (292ms)
		RebuildTransferFunctionScriptingTraits (0ms)
		AnalyzeDomain (19ms)
			TypeCache.Refresh (12ms)
				TypeCache.ScanAssembly (0ms)
			ScanForSourceGeneratedMonoScriptInfo (0ms)
			ResolveRequiredComponents (6ms)
	FinalizeReload (1076ms)
		ReleaseScriptCaches (0ms)
		RebuildScriptCaches (0ms)
		SetupLoadedEditorAssemblies (563ms)
			LogAssemblyErrors (0ms)
			InitializePlatformSupportModulesInManaged (31ms)
			SetLoadedEditorAssemblies (4ms)
			RefreshPlugins (0ms)
			BeforeProcessingInitializeOnLoad (90ms)
			ProcessInitializeOnLoadAttributes (413ms)
			ProcessInitializeOnLoadMethodAttributes (23ms)
			AfterProcessingInitializeOnLoad (1ms)
			EditorAssembliesLoaded (0ms)
		ExecutionOrderSort2 (0ms)
		AwakeInstancesAfterBackupRestoration (3ms)
Refreshing native plugins compatible for Editor in 1.30 ms, found 2 plugins.
Preloading 0 native plugins for Editor in 0.00 ms.
Unloading 3388 Unused Serialized files (Serialized files now loaded: 0)
Unloading 44 unused Assets / (43.1 KB). Loaded Objects now: 4070.
Memory consumption went from 0.63 GB to 0.63 GB.
Total: 4.984708 ms (FindLiveObjects: 0.252708 ms CreateObjectMapping: 0.075375 ms MarkObjects: 4.552292 ms  DeleteObjects: 0.103541 ms)

Prepare: number of updated asset objects reloaded= 0
AssetImportParameters requested are different than current active one (requested -> active):
  custom:scripting/monoscript/fileName/GlobalTextEffectEntry.cs: c33c6024380cd43b3456fe6aea6f41ce -> 
  custom:scripting/monoscript/fileName/FoldBoxAttribute.cs: 66ff91a3485d06d36b8511fad6212f92 -> 
  custom:container-demuxer-ogg: 62fdf1f143b41e24485cea50d1cbac27 -> 
  custom:scripting/monoscript/fileName/MyDebug.cs: f3faef2d00c537158ab87ca513b25292 -> 
  custom:scripting/monoscript/fileName/MinMax.cs: 1c24b444ecff0bdeaf87d2edcb9d5029 -> 
  custom:scripting/monoscript/fileName/EditorDocumentation.cs: 934fb06e6a0b5b2798793a45828d3d5f -> 
  custom:scripting/monoscript/fileName/Effect_PerVertex.cs: 3f70f7fc3d4f9bfb1e10cd5e53684ee7 -> 
  custom:video-decoder-ogg-theora: a1e56fd34408186e4bbccfd4996cb3dc -> 
  custom:scripting/monoscript/fileName/MySerializedProperty.cs: 782cc9e912ef11023f0b93b5cae175e2 -> 
  custom:scripting/monoscript/fileName/CompositeEffectEditor.cs: 271d2f481fc4dff6734c055f2943e5d2 -> 
  custom:scripting/monoscript/fileName/TextEffect_Base.cs: 1b9a39eb3f7eb4d420cb56ed888ca97e -> 
  custom:scripting/monoscript/fileName/Effect_Scale.cs: 24350027199be1e1c520c27be9f8fbb9 -> 
  custom:scripting/monoscript/fileName/Effect_Color.cs: f5bc93c86b81ba37fa611632e3ecfb7f -> 
  custom:scripting/monoscript/fileName/Effect_Composite.cs: f3f7d32be82537fa78159e8943c1f1a7 -> 
  custom:CustomObjectIndexerAttribute: 756ad292c208cfabdd7b50bc23989ffe -> 
  custom:scripting/monoscript/fileName/TextEffectInstance.cs: 8d710191666e5c8cce9c6d33f66fafeb -> 
  custom:container-demuxer-webm: 4f35f7cbe854078d1ac9338744f61a02 -> 
  custom:scripting/monoscript/fileName/ButtonMethodAttribute.cs: cf389342635f998ab935cfcb5ae933df -> 
  custom:scripting/monoscript/fileName/ToggleDocAttribute.cs: d3c69a3f433376abbde86a297f4193a9 -> 
  custom:scripting/monoscript/fileName/MyHandles.cs: cc579ce2a9f371e54e4420275e0ac078 -> 
  custom:scripting/monoscript/fileName/ConditionalUtility.cs: 1205d2bd05e1eefe510065c234dd0f0e -> 
  custom:scripting/monoscript/fileName/MyCommonConstants.cs: afab7efaf9564dc9a7324c32dd196775 -> 
  custom:scripting/monoscript/fileName/CustomDrawerUtility.cs: 4fd84f09df56fbc0319d9bd7f922e98c -> 
  custom:container-muxer-webm: aa71ff27fc2769a1b78a27578f13a17b -> 
  custom:video-decoder-webm-vp8: 9c59270c3fd7afecdb556c50c9e8de78 -> 
  custom:SearchIndexIgnoredProperties: e643bd26f0fe6173181afceb89e7c659 -> 
  custom:AudioImporter_EditorPlatform: 3918e3fc78b5a79bad01e8451be0beb8 -> 
  custom:scripting/monoscript/fileName/ToggleDocAttributeDrawer.cs: e106f856849e4750d3809a4f241b1be2 -> 
  custom:scripting/monoscript/fileName/TextEffectEditor.cs: d3d8a1e5c2004b60d32f761eb093cf1b -> 
  custom:scripting/monoscript/fileName/MyColor.cs: 11671538b011fd3f337af43bc02e0c13 -> 
  custom:scripting/monoscript/fileName/AttributeBase.cs: d4cbb11724ea712d431b5cd07124907e -> 
  custom:scripting/monoscript/fileName/FoldBoxAttributeDrawer.cs: 7cddfc9687649703e6a68527865794bc -> 
  custom:scripting/monoscript/fileName/ConditionalFieldAttribute.cs: e6d9fd24956977713db9ec59b2642d84 -> 
  custom:scripting/monoscript/fileName/Effect_Move.cs: ef5516b861ddd6742709a32c4d74ed0d -> 
  custom:framework-osx-AVFoundation: e770b220cccbd017edd2c1fefb359320 -> 
  custom:scripting/monoscript/fileName/MyAlgorithms.cs: af94dca5879ebeadb102964fe2ba4c2c -> 
  custom:scripting/monoscript/fileName/TagEffectsPreset.cs: 7660331b4e5025a0b81c1733075d5b78 -> 
  custom:scripting/monoscript/fileName/Effect_Rotate.cs: ffdcc32648b4f2ece65aebb867cbbb0e -> 
  custom:video-encoder-webm-vp8: eb34c28f22e8b96e1ab97ce403110664 -> 
  custom:audio-decoder-ogg-vorbis: bf7c407c2cedff20999df2af8eb42d56 -> 
  custom:scripting/monoscript/fileName/WarningsPool.cs: fe4fa1866c40657be6a51b3604c9b41a -> 
  custom:scripting/monoscript/fileName/MyString.cs: 37ddb2560db549b377c16ed27598cb79 -> 
  custom:scripting/monoscript/fileName/TextEffectStatus.cs: 0d9a417212ada6670935a5511afc12b9 -> 
  custom:scripting/monoscript/fileName/TextEffect.cs: b3399054379a13f493415819f2b26d02 -> 
  custom:scripting/monoscript/fileName/MinMaxRangeAttribute.cs: 290170215b5b7bdd3fb5340a79339fb0 -> 
  custom:scripting/monoscript/fileName/AttributeBaseDrawer.cs: 26c86ce1d32ef473ff54fac3b3f34384 -> 
  custom:scripting/monoscript/fileName/ConditionalData.cs: 31d8359f80de1f6456e27c8f052f735f -> 
  custom:scripting/monoscript/fileName/CollectionWrapper.cs: 1d692121383b052bc3c42bd312cb03d9 -> 
  custom:audio-encoder-webm-vorbis: bf7c407c2cedff20999df2af8eb42d56 -> 
  custom:scripting/monoscript/fileName/TimeUtil.cs: f1db10614389fe8436f67f4138e33eab -> 
  custom:scripting/monoscript/fileName/MyCollections.cs: 1573b6e8eec6809de8e4f734cd42ac53 -> 
  custom:scripting/monoscript/fileName/PerVertexEffectEditor.cs: 0e08baf525303c472bfaf41752a7f457 -> 
  custom:scripting/monoscript/fileName/MyReflection.cs: 912dd491c7847901aa49939904b2f1dd -> 
========================================================================
Received Import Request.
  Time since last request: 1248.195658 seconds.
  path: Assets/Ink/Demos/Basic Demo/Prefabs/Text.prefab
  artifactKey: Guid(1aab6ef84d87c416f8f0b3e1ef3d77d2) Importer(815301076,1909f56bfc062723c751e8b465ee728b)
Start importing Assets/Ink/Demos/Basic Demo/Prefabs/Text.prefab using Guid(1aab6ef84d87c416f8f0b3e1ef3d77d2) Importer(815301076,1909f56bfc062723c751e8b465ee728b)  -> (artifact id: '6ff50341671b6db4555bbb6dcf857c91') in 0.038624 seconds
Number of updated asset objects reloaded before import = 0
Number of asset objects unloaded after import = 8
========================================================================
Received Prepare
Assembly with name 'Ink-Libraries' already exists (Assets/Ink/InkLibs/Ink-Libraries.asmdef)
Assembly with name 'Ink-Libraries' already exists (Assets/Assets 1/Plugins/Ink/InkLibs/Ink-Libraries.asmdef)
Assembly with name 'Ink-Libraries' already exists (Assets/Ink/InkLibs/Ink-Libraries.asmdef)
Assembly with name 'Ink-Libraries' already exists (Assets/Assets 1/Plugins/Ink/InkLibs/Ink-Libraries.asmdef)
Begin MonoManager ReloadAssembly
Thread 0x30bd93000 may have been prematurely finalized
- Loaded All Assemblies, in  0.650 seconds
Refreshing native plugins compatible for Editor in 2.05 ms, found 2 plugins.
Native extension for WindowsStandalone target not found
Native extension for AppleTV target not found
Native extension for iOS target not found
Native extension for OSXStandalone target not found
Native extension for WebGL target not found
Assembly with name 'Ink-Libraries' already exists (Assets/Ink/InkLibs/Ink-Libraries.asmdef)
Assembly with name 'Ink-Libraries' already exists (Assets/Assets 1/Plugins/Ink/InkLibs/Ink-Libraries.asmdef)
Mono: successfully reloaded assembly
- Finished resetting the current domain, in  1.427 seconds
Domain Reload Profiling: 2078ms
	BeginReloadAssembly (184ms)
		ExecutionOrderSort (0ms)
		DisableScriptedObjects (7ms)
		BackupInstance (0ms)
		ReleaseScriptingObjects (0ms)
		CreateAndSetChildDomain (82ms)
	RebuildCommonClasses (61ms)
	RebuildNativeTypeToScriptingClass (23ms)
	initialDomainReloadingComplete (46ms)
	LoadAllAssembliesAndSetupDomain (337ms)
		LoadAssemblies (368ms)
		RebuildTransferFunctionScriptingTraits (0ms)
		AnalyzeDomain (29ms)
			TypeCache.Refresh (17ms)
				TypeCache.ScanAssembly (0ms)
			ScanForSourceGeneratedMonoScriptInfo (0ms)
			ResolveRequiredComponents (10ms)
	FinalizeReload (1427ms)
		ReleaseScriptCaches (0ms)
		RebuildScriptCaches (0ms)
		SetupLoadedEditorAssemblies (782ms)
			LogAssemblyErrors (0ms)
			InitializePlatformSupportModulesInManaged (47ms)
			SetLoadedEditorAssemblies (9ms)
			RefreshPlugins (0ms)
			BeforeProcessingInitializeOnLoad (188ms)
			ProcessInitializeOnLoadAttributes (506ms)
			ProcessInitializeOnLoadMethodAttributes (31ms)
			AfterProcessingInitializeOnLoad (1ms)
			EditorAssembliesLoaded (0ms)
		ExecutionOrderSort2 (0ms)
		AwakeInstancesAfterBackupRestoration (4ms)
Refreshing native plugins compatible for Editor in 1.33 ms, found 2 plugins.
Preloading 0 native plugins for Editor in 0.00 ms.
Unloading 3387 Unused Serialized files (Serialized files now loaded: 0)
Unloading 44 unused Assets / (43.0 KB). Loaded Objects now: 4075.
Memory consumption went from 0.63 GB to 0.63 GB.
Total: 4.156042 ms (FindLiveObjects: 0.186250 ms CreateObjectMapping: 0.082792 ms MarkObjects: 3.787541 ms  DeleteObjects: 0.098208 ms)

Prepare: number of updated asset objects reloaded= 0
AssetImportParameters requested are different than current active one (requested -> active):
  custom:scripting/monoscript/fileName/GlobalTextEffectEntry.cs: c33c6024380cd43b3456fe6aea6f41ce -> 
  custom:scripting/monoscript/fileName/FoldBoxAttribute.cs: 66ff91a3485d06d36b8511fad6212f92 -> 
  custom:container-demuxer-ogg: 62fdf1f143b41e24485cea50d1cbac27 -> 
  custom:scripting/monoscript/fileName/MyDebug.cs: f3faef2d00c537158ab87ca513b25292 -> 
  custom:scripting/monoscript/fileName/MinMax.cs: 1c24b444ecff0bdeaf87d2edcb9d5029 -> 
  custom:scripting/monoscript/fileName/EditorDocumentation.cs: 934fb06e6a0b5b2798793a45828d3d5f -> 
  custom:scripting/monoscript/fileName/Effect_PerVertex.cs: 3f70f7fc3d4f9bfb1e10cd5e53684ee7 -> 
  custom:video-decoder-ogg-theora: a1e56fd34408186e4bbccfd4996cb3dc -> 
  custom:scripting/monoscript/fileName/MySerializedProperty.cs: 782cc9e912ef11023f0b93b5cae175e2 -> 
  custom:scripting/monoscript/fileName/CompositeEffectEditor.cs: 271d2f481fc4dff6734c055f2943e5d2 -> 
  custom:scripting/monoscript/fileName/TextEffect_Base.cs: 1b9a39eb3f7eb4d420cb56ed888ca97e -> 
  custom:scripting/monoscript/fileName/Effect_Scale.cs: 24350027199be1e1c520c27be9f8fbb9 -> 
  custom:scripting/monoscript/fileName/Effect_Color.cs: f5bc93c86b81ba37fa611632e3ecfb7f -> 
  custom:scripting/monoscript/fileName/Effect_Composite.cs: f3f7d32be82537fa78159e8943c1f1a7 -> 
  custom:CustomObjectIndexerAttribute: 756ad292c208cfabdd7b50bc23989ffe -> 
  custom:scripting/monoscript/fileName/TextEffectInstance.cs: 8d710191666e5c8cce9c6d33f66fafeb -> 
  custom:container-demuxer-webm: 4f35f7cbe854078d1ac9338744f61a02 -> 
  custom:scripting/monoscript/fileName/ButtonMethodAttribute.cs: cf389342635f998ab935cfcb5ae933df -> 
  custom:scripting/monoscript/fileName/ToggleDocAttribute.cs: d3c69a3f433376abbde86a297f4193a9 -> 
  custom:scripting/monoscript/fileName/MyHandles.cs: cc579ce2a9f371e54e4420275e0ac078 -> 
  custom:scripting/monoscript/fileName/ConditionalUtility.cs: 1205d2bd05e1eefe510065c234dd0f0e -> 
  custom:scripting/monoscript/fileName/MyCommonConstants.cs: afab7efaf9564dc9a7324c32dd196775 -> 
  custom:scripting/monoscript/fileName/CustomDrawerUtility.cs: 4fd84f09df56fbc0319d9bd7f922e98c -> 
  custom:container-muxer-webm: aa71ff27fc2769a1b78a27578f13a17b -> 
  custom:video-decoder-webm-vp8: 9c59270c3fd7afecdb556c50c9e8de78 -> 
  custom:SearchIndexIgnoredProperties: e643bd26f0fe6173181afceb89e7c659 -> 
  custom:AudioImporter_EditorPlatform: 3918e3fc78b5a79bad01e8451be0beb8 -> 
  custom:scripting/monoscript/fileName/ToggleDocAttributeDrawer.cs: e106f856849e4750d3809a4f241b1be2 -> 
  custom:scripting/monoscript/fileName/TextEffectEditor.cs: d3d8a1e5c2004b60d32f761eb093cf1b -> 
  custom:scripting/monoscript/fileName/MyColor.cs: 11671538b011fd3f337af43bc02e0c13 -> 
  custom:scripting/monoscript/fileName/AttributeBase.cs: d4cbb11724ea712d431b5cd07124907e -> 
  custom:scripting/monoscript/fileName/FoldBoxAttributeDrawer.cs: 7cddfc9687649703e6a68527865794bc -> 
  custom:scripting/monoscript/fileName/ConditionalFieldAttribute.cs: e6d9fd24956977713db9ec59b2642d84 -> 
  custom:scripting/monoscript/fileName/Effect_Move.cs: ef5516b861ddd6742709a32c4d74ed0d -> 
  custom:framework-osx-AVFoundation: e770b220cccbd017edd2c1fefb359320 -> 
  custom:scripting/monoscript/fileName/MyAlgorithms.cs: af94dca5879ebeadb102964fe2ba4c2c -> 
  custom:scripting/monoscript/fileName/TagEffectsPreset.cs: 7660331b4e5025a0b81c1733075d5b78 -> 
  custom:scripting/monoscript/fileName/Effect_Rotate.cs: ffdcc32648b4f2ece65aebb867cbbb0e -> 
  custom:video-encoder-webm-vp8: eb34c28f22e8b96e1ab97ce403110664 -> 
  custom:audio-decoder-ogg-vorbis: bf7c407c2cedff20999df2af8eb42d56 -> 
  custom:scripting/monoscript/fileName/WarningsPool.cs: fe4fa1866c40657be6a51b3604c9b41a -> 
  custom:scripting/monoscript/fileName/MyString.cs: 37ddb2560db549b377c16ed27598cb79 -> 
  custom:scripting/monoscript/fileName/TextEffectStatus.cs: 0d9a417212ada6670935a5511afc12b9 -> 
  custom:scripting/monoscript/fileName/TextEffect.cs: b3399054379a13f493415819f2b26d02 -> 
  custom:scripting/monoscript/fileName/MinMaxRangeAttribute.cs: 290170215b5b7bdd3fb5340a79339fb0 -> 
  custom:scripting/monoscript/fileName/AttributeBaseDrawer.cs: 26c86ce1d32ef473ff54fac3b3f34384 -> 
  custom:scripting/monoscript/fileName/ConditionalData.cs: 31d8359f80de1f6456e27c8f052f735f -> 
  custom:scripting/monoscript/fileName/CollectionWrapper.cs: 1d692121383b052bc3c42bd312cb03d9 -> 
  custom:audio-encoder-webm-vorbis: bf7c407c2cedff20999df2af8eb42d56 -> 
  custom:scripting/monoscript/fileName/TimeUtil.cs: f1db10614389fe8436f67f4138e33eab -> 
  custom:scripting/monoscript/fileName/MyCollections.cs: 1573b6e8eec6809de8e4f734cd42ac53 -> 
  custom:scripting/monoscript/fileName/PerVertexEffectEditor.cs: 0e08baf525303c472bfaf41752a7f457 -> 
  custom:scripting/monoscript/fileName/MyReflection.cs: 912dd491c7847901aa49939904b2f1dd -> 
========================================================================
Received Prepare
Assembly with name 'Ink-Libraries' already exists (Assets/Ink/InkLibs/Ink-Libraries.asmdef)
Assembly with name 'Ink-Libraries' already exists (Assets/Assets 1/Plugins/Ink/InkLibs/Ink-Libraries.asmdef)
Assembly with name 'Ink-Libraries' already exists (Assets/Ink/InkLibs/Ink-Libraries.asmdef)
Assembly with name 'Ink-Libraries' already exists (Assets/Assets 1/Plugins/Ink/InkLibs/Ink-Libraries.asmdef)
Begin MonoManager ReloadAssembly
Thread 0x30bd93000 may have been prematurely finalized
- Loaded All Assemblies, in  0.696 seconds
Refreshing native plugins compatible for Editor in 1.04 ms, found 2 plugins.
Native extension for WindowsStandalone target not found
Native extension for AppleTV target not found
Native extension for iOS target not found
Native extension for OSXStandalone target not found
Native extension for WebGL target not found
Assembly with name 'Ink-Libraries' already exists (Assets/Ink/InkLibs/Ink-Libraries.asmdef)
Assembly with name 'Ink-Libraries' already exists (Assets/Assets 1/Plugins/Ink/InkLibs/Ink-Libraries.asmdef)
Mono: successfully reloaded assembly
- Finished resetting the current domain, in  0.879 seconds
Domain Reload Profiling: 1576ms
	BeginReloadAssembly (245ms)
		ExecutionOrderSort (0ms)
		DisableScriptedObjects (8ms)
		BackupInstance (0ms)
		ReleaseScriptingObjects (0ms)
		CreateAndSetChildDomain (94ms)
	RebuildCommonClasses (46ms)
	RebuildNativeTypeToScriptingClass (14ms)
	initialDomainReloadingComplete (27ms)
	LoadAllAssembliesAndSetupDomain (364ms)
		LoadAssemblies (392ms)
		RebuildTransferFunctionScriptingTraits (0ms)
		AnalyzeDomain (64ms)
			TypeCache.Refresh (47ms)
				TypeCache.ScanAssembly (2ms)
			ScanForSourceGeneratedMonoScriptInfo (9ms)
			ResolveRequiredComponents (6ms)
	FinalizeReload (880ms)
		ReleaseScriptCaches (0ms)
		RebuildScriptCaches (0ms)
		SetupLoadedEditorAssemblies (371ms)
			LogAssemblyErrors (0ms)
			InitializePlatformSupportModulesInManaged (24ms)
			SetLoadedEditorAssemblies (4ms)
			RefreshPlugins (0ms)
			BeforeProcessingInitializeOnLoad (76ms)
			ProcessInitializeOnLoadAttributes (245ms)
			ProcessInitializeOnLoadMethodAttributes (21ms)
			AfterProcessingInitializeOnLoad (1ms)
			EditorAssembliesLoaded (0ms)
		ExecutionOrderSort2 (0ms)
		AwakeInstancesAfterBackupRestoration (3ms)
Refreshing native plugins compatible for Editor in 1.02 ms, found 2 plugins.
Preloading 0 native plugins for Editor in 0.00 ms.
Unloading 3388 Unused Serialized files (Serialized files now loaded: 0)
Unloading 44 unused Assets / (43.0 KB). Loaded Objects now: 4078.
Memory consumption went from 0.64 GB to 0.64 GB.
Total: 3.312208 ms (FindLiveObjects: 0.180167 ms CreateObjectMapping: 0.067375 ms MarkObjects: 2.966042 ms  DeleteObjects: 0.097458 ms)

Prepare: number of updated asset objects reloaded= 0
AssetImportParameters requested are different than current active one (requested -> active):
  custom:scripting/monoscript/fileName/GlobalTextEffectEntry.cs: c33c6024380cd43b3456fe6aea6f41ce -> 
  custom:scripting/monoscript/fileName/FoldBoxAttribute.cs: 66ff91a3485d06d36b8511fad6212f92 -> 
  custom:container-demuxer-ogg: 62fdf1f143b41e24485cea50d1cbac27 -> 
  custom:scripting/monoscript/fileName/MyDebug.cs: f3faef2d00c537158ab87ca513b25292 -> 
  custom:scripting/monoscript/fileName/MinMax.cs: 1c24b444ecff0bdeaf87d2edcb9d5029 -> 
  custom:scripting/monoscript/fileName/EditorDocumentation.cs: 934fb06e6a0b5b2798793a45828d3d5f -> 
  custom:scripting/monoscript/fileName/Effect_PerVertex.cs: 3f70f7fc3d4f9bfb1e10cd5e53684ee7 -> 
  custom:video-decoder-ogg-theora: a1e56fd34408186e4bbccfd4996cb3dc -> 
  custom:scripting/monoscript/fileName/MySerializedProperty.cs: 782cc9e912ef11023f0b93b5cae175e2 -> 
  custom:scripting/monoscript/fileName/CompositeEffectEditor.cs: 271d2f481fc4dff6734c055f2943e5d2 -> 
  custom:scripting/monoscript/fileName/TextEffect_Base.cs: 1b9a39eb3f7eb4d420cb56ed888ca97e -> 
  custom:scripting/monoscript/fileName/Effect_Scale.cs: 24350027199be1e1c520c27be9f8fbb9 -> 
  custom:scripting/monoscript/fileName/Effect_Color.cs: f5bc93c86b81ba37fa611632e3ecfb7f -> 
  custom:scripting/monoscript/fileName/Effect_Composite.cs: f3f7d32be82537fa78159e8943c1f1a7 -> 
  custom:CustomObjectIndexerAttribute: 756ad292c208cfabdd7b50bc23989ffe -> 
  custom:scripting/monoscript/fileName/TextEffectInstance.cs: 8d710191666e5c8cce9c6d33f66fafeb -> 
  custom:container-demuxer-webm: 4f35f7cbe854078d1ac9338744f61a02 -> 
  custom:scripting/monoscript/fileName/ButtonMethodAttribute.cs: cf389342635f998ab935cfcb5ae933df -> 
  custom:scripting/monoscript/fileName/ToggleDocAttribute.cs: d3c69a3f433376abbde86a297f4193a9 -> 
  custom:scripting/monoscript/fileName/MyHandles.cs: cc579ce2a9f371e54e4420275e0ac078 -> 
  custom:scripting/monoscript/fileName/ConditionalUtility.cs: 1205d2bd05e1eefe510065c234dd0f0e -> 
  custom:scripting/monoscript/fileName/MyCommonConstants.cs: afab7efaf9564dc9a7324c32dd196775 -> 
  custom:scripting/monoscript/fileName/CustomDrawerUtility.cs: 4fd84f09df56fbc0319d9bd7f922e98c -> 
  custom:container-muxer-webm: aa71ff27fc2769a1b78a27578f13a17b -> 
  custom:video-decoder-webm-vp8: 9c59270c3fd7afecdb556c50c9e8de78 -> 
  custom:SearchIndexIgnoredProperties: e643bd26f0fe6173181afceb89e7c659 -> 
  custom:AudioImporter_EditorPlatform: 3918e3fc78b5a79bad01e8451be0beb8 -> 
  custom:scripting/monoscript/fileName/ToggleDocAttributeDrawer.cs: e106f856849e4750d3809a4f241b1be2 -> 
  custom:scripting/monoscript/fileName/TextEffectEditor.cs: d3d8a1e5c2004b60d32f761eb093cf1b -> 
  custom:scripting/monoscript/fileName/MyColor.cs: 11671538b011fd3f337af43bc02e0c13 -> 
  custom:scripting/monoscript/fileName/AttributeBase.cs: d4cbb11724ea712d431b5cd07124907e -> 
  custom:scripting/monoscript/fileName/FoldBoxAttributeDrawer.cs: 7cddfc9687649703e6a68527865794bc -> 
  custom:scripting/monoscript/fileName/ConditionalFieldAttribute.cs: e6d9fd24956977713db9ec59b2642d84 -> 
  custom:scripting/monoscript/fileName/Effect_Move.cs: ef5516b861ddd6742709a32c4d74ed0d -> 
  custom:framework-osx-AVFoundation: e770b220cccbd017edd2c1fefb359320 -> 
  custom:scripting/monoscript/fileName/MyAlgorithms.cs: af94dca5879ebeadb102964fe2ba4c2c -> 
  custom:scripting/monoscript/fileName/TagEffectsPreset.cs: 7660331b4e5025a0b81c1733075d5b78 -> 
  custom:scripting/monoscript/fileName/Effect_Rotate.cs: ffdcc32648b4f2ece65aebb867cbbb0e -> 
  custom:video-encoder-webm-vp8: eb34c28f22e8b96e1ab97ce403110664 -> 
  custom:audio-decoder-ogg-vorbis: bf7c407c2cedff20999df2af8eb42d56 -> 
  custom:scripting/monoscript/fileName/WarningsPool.cs: fe4fa1866c40657be6a51b3604c9b41a -> 
  custom:scripting/monoscript/fileName/MyString.cs: 37ddb2560db549b377c16ed27598cb79 -> 
  custom:scripting/monoscript/fileName/TextEffectStatus.cs: 0d9a417212ada6670935a5511afc12b9 -> 
  custom:scripting/monoscript/fileName/TextEffect.cs: b3399054379a13f493415819f2b26d02 -> 
  custom:scripting/monoscript/fileName/MinMaxRangeAttribute.cs: 290170215b5b7bdd3fb5340a79339fb0 -> 
  custom:scripting/monoscript/fileName/AttributeBaseDrawer.cs: 26c86ce1d32ef473ff54fac3b3f34384 -> 
  custom:scripting/monoscript/fileName/ConditionalData.cs: 31d8359f80de1f6456e27c8f052f735f -> 
  custom:scripting/monoscript/fileName/CollectionWrapper.cs: 1d692121383b052bc3c42bd312cb03d9 -> 
  custom:audio-encoder-webm-vorbis: bf7c407c2cedff20999df2af8eb42d56 -> 
  custom:scripting/monoscript/fileName/TimeUtil.cs: f1db10614389fe8436f67f4138e33eab -> 
  custom:scripting/monoscript/fileName/MyCollections.cs: 1573b6e8eec6809de8e4f734cd42ac53 -> 
  custom:scripting/monoscript/fileName/PerVertexEffectEditor.cs: 0e08baf525303c472bfaf41752a7f457 -> 
  custom:scripting/monoscript/fileName/MyReflection.cs: 912dd491c7847901aa49939904b2f1dd -> 
========================================================================
Received Prepare
Assembly with name 'Ink-Libraries' already exists (Assets/Ink/InkLibs/Ink-Libraries.asmdef)
Assembly with name 'Ink-Libraries' already exists (Assets/Assets 1/Plugins/Ink/InkLibs/Ink-Libraries.asmdef)
Assembly with name 'Ink-Libraries' already exists (Assets/Ink/InkLibs/Ink-Libraries.asmdef)
Assembly with name 'Ink-Libraries' already exists (Assets/Assets 1/Plugins/Ink/InkLibs/Ink-Libraries.asmdef)
Begin MonoManager ReloadAssembly
Thread 0x30bd93000 may have been prematurely finalized
- Loaded All Assemblies, in  0.628 seconds
Refreshing native plugins compatible for Editor in 1.70 ms, found 2 plugins.
Native extension for WindowsStandalone target not found
Native extension for AppleTV target not found
Native extension for iOS target not found
Native extension for OSXStandalone target not found
Native extension for WebGL target not found
Assembly with name 'Ink-Libraries' already exists (Assets/Ink/InkLibs/Ink-Libraries.asmdef)
Assembly with name 'Ink-Libraries' already exists (Assets/Assets 1/Plugins/Ink/InkLibs/Ink-Libraries.asmdef)
Mono: successfully reloaded assembly
- Finished resetting the current domain, in  0.910 seconds
Domain Reload Profiling: 1539ms
	BeginReloadAssembly (232ms)
		ExecutionOrderSort (0ms)
		DisableScriptedObjects (7ms)
		BackupInstance (0ms)
		ReleaseScriptingObjects (0ms)
		CreateAndSetChildDomain (128ms)
	RebuildCommonClasses (56ms)
	RebuildNativeTypeToScriptingClass (18ms)
	initialDomainReloadingComplete (33ms)
	LoadAllAssembliesAndSetupDomain (288ms)
		LoadAssemblies (313ms)
		RebuildTransferFunctionScriptingTraits (0ms)
		AnalyzeDomain (36ms)
			TypeCache.Refresh (17ms)
				TypeCache.ScanAssembly (1ms)
			ScanForSourceGeneratedMonoScriptInfo (10ms)
			ResolveRequiredComponents (7ms)
	FinalizeReload (910ms)
		ReleaseScriptCaches (0ms)
		RebuildScriptCaches (0ms)
		SetupLoadedEditorAssemblies (373ms)
			LogAssemblyErrors (0ms)
			InitializePlatformSupportModulesInManaged (22ms)
			SetLoadedEditorAssemblies (4ms)
			RefreshPlugins (0ms)
			BeforeProcessingInitializeOnLoad (76ms)
			ProcessInitializeOnLoadAttributes (249ms)
			ProcessInitializeOnLoadMethodAttributes (21ms)
			AfterProcessingInitializeOnLoad (1ms)
			EditorAssembliesLoaded (0ms)
		ExecutionOrderSort2 (0ms)
		AwakeInstancesAfterBackupRestoration (3ms)
Refreshing native plugins compatible for Editor in 1.19 ms, found 2 plugins.
Preloading 0 native plugins for Editor in 0.00 ms.
Unloading 3388 Unused Serialized files (Serialized files now loaded: 0)
Unloading 44 unused Assets / (43.0 KB). Loaded Objects now: 4081.
Memory consumption went from 0.65 GB to 0.65 GB.
Total: 3.169917 ms (FindLiveObjects: 0.171709 ms CreateObjectMapping: 0.065916 ms MarkObjects: 2.855875 ms  DeleteObjects: 0.076000 ms)

Prepare: number of updated asset objects reloaded= 0
AssetImportParameters requested are different than current active one (requested -> active):
  custom:scripting/monoscript/fileName/GlobalTextEffectEntry.cs: c33c6024380cd43b3456fe6aea6f41ce -> 
  custom:scripting/monoscript/fileName/FoldBoxAttribute.cs: 66ff91a3485d06d36b8511fad6212f92 -> 
  custom:container-demuxer-ogg: 62fdf1f143b41e24485cea50d1cbac27 -> 
  custom:scripting/monoscript/fileName/MyDebug.cs: f3faef2d00c537158ab87ca513b25292 -> 
  custom:scripting/monoscript/fileName/MinMax.cs: 1c24b444ecff0bdeaf87d2edcb9d5029 -> 
  custom:scripting/monoscript/fileName/EditorDocumentation.cs: 934fb06e6a0b5b2798793a45828d3d5f -> 
  custom:scripting/monoscript/fileName/Effect_PerVertex.cs: 3f70f7fc3d4f9bfb1e10cd5e53684ee7 -> 
  custom:video-decoder-ogg-theora: a1e56fd34408186e4bbccfd4996cb3dc -> 
  custom:scripting/monoscript/fileName/MySerializedProperty.cs: 782cc9e912ef11023f0b93b5cae175e2 -> 
  custom:scripting/monoscript/fileName/CompositeEffectEditor.cs: 271d2f481fc4dff6734c055f2943e5d2 -> 
  custom:scripting/monoscript/fileName/TextEffect_Base.cs: 1b9a39eb3f7eb4d420cb56ed888ca97e -> 
  custom:scripting/monoscript/fileName/Effect_Scale.cs: 24350027199be1e1c520c27be9f8fbb9 -> 
  custom:scripting/monoscript/fileName/Effect_Color.cs: f5bc93c86b81ba37fa611632e3ecfb7f -> 
  custom:scripting/monoscript/fileName/Effect_Composite.cs: f3f7d32be82537fa78159e8943c1f1a7 -> 
  custom:CustomObjectIndexerAttribute: 756ad292c208cfabdd7b50bc23989ffe -> 
  custom:scripting/monoscript/fileName/TextEffectInstance.cs: 8d710191666e5c8cce9c6d33f66fafeb -> 
  custom:container-demuxer-webm: 4f35f7cbe854078d1ac9338744f61a02 -> 
  custom:scripting/monoscript/fileName/ButtonMethodAttribute.cs: cf389342635f998ab935cfcb5ae933df -> 
  custom:scripting/monoscript/fileName/ToggleDocAttribute.cs: d3c69a3f433376abbde86a297f4193a9 -> 
  custom:scripting/monoscript/fileName/MyHandles.cs: cc579ce2a9f371e54e4420275e0ac078 -> 
  custom:scripting/monoscript/fileName/ConditionalUtility.cs: 1205d2bd05e1eefe510065c234dd0f0e -> 
  custom:scripting/monoscript/fileName/MyCommonConstants.cs: afab7efaf9564dc9a7324c32dd196775 -> 
  custom:scripting/monoscript/fileName/CustomDrawerUtility.cs: 4fd84f09df56fbc0319d9bd7f922e98c -> 
  custom:container-muxer-webm: aa71ff27fc2769a1b78a27578f13a17b -> 
  custom:video-decoder-webm-vp8: 9c59270c3fd7afecdb556c50c9e8de78 -> 
  custom:SearchIndexIgnoredProperties: e643bd26f0fe6173181afceb89e7c659 -> 
  custom:AudioImporter_EditorPlatform: 3918e3fc78b5a79bad01e8451be0beb8 -> 
  custom:scripting/monoscript/fileName/ToggleDocAttributeDrawer.cs: e106f856849e4750d3809a4f241b1be2 -> 
  custom:scripting/monoscript/fileName/TextEffectEditor.cs: d3d8a1e5c2004b60d32f761eb093cf1b -> 
  custom:scripting/monoscript/fileName/MyColor.cs: 11671538b011fd3f337af43bc02e0c13 -> 
  custom:scripting/monoscript/fileName/AttributeBase.cs: d4cbb11724ea712d431b5cd07124907e -> 
  custom:scripting/monoscript/fileName/FoldBoxAttributeDrawer.cs: 7cddfc9687649703e6a68527865794bc -> 
  custom:scripting/monoscript/fileName/ConditionalFieldAttribute.cs: e6d9fd24956977713db9ec59b2642d84 -> 
  custom:scripting/monoscript/fileName/Effect_Move.cs: ef5516b861ddd6742709a32c4d74ed0d -> 
  custom:framework-osx-AVFoundation: e770b220cccbd017edd2c1fefb359320 -> 
  custom:scripting/monoscript/fileName/MyAlgorithms.cs: af94dca5879ebeadb102964fe2ba4c2c -> 
  custom:scripting/monoscript/fileName/TagEffectsPreset.cs: 7660331b4e5025a0b81c1733075d5b78 -> 
  custom:scripting/monoscript/fileName/Effect_Rotate.cs: ffdcc32648b4f2ece65aebb867cbbb0e -> 
  custom:video-encoder-webm-vp8: eb34c28f22e8b96e1ab97ce403110664 -> 
  custom:audio-decoder-ogg-vorbis: bf7c407c2cedff20999df2af8eb42d56 -> 
  custom:scripting/monoscript/fileName/WarningsPool.cs: fe4fa1866c40657be6a51b3604c9b41a -> 
  custom:scripting/monoscript/fileName/MyString.cs: 37ddb2560db549b377c16ed27598cb79 -> 
  custom:scripting/monoscript/fileName/TextEffectStatus.cs: 0d9a417212ada6670935a5511afc12b9 -> 
  custom:scripting/monoscript/fileName/TextEffect.cs: b3399054379a13f493415819f2b26d02 -> 
  custom:scripting/monoscript/fileName/MinMaxRangeAttribute.cs: 290170215b5b7bdd3fb5340a79339fb0 -> 
  custom:scripting/monoscript/fileName/AttributeBaseDrawer.cs: 26c86ce1d32ef473ff54fac3b3f34384 -> 
  custom:scripting/monoscript/fileName/ConditionalData.cs: 31d8359f80de1f6456e27c8f052f735f -> 
  custom:scripting/monoscript/fileName/CollectionWrapper.cs: 1d692121383b052bc3c42bd312cb03d9 -> 
  custom:audio-encoder-webm-vorbis: bf7c407c2cedff20999df2af8eb42d56 -> 
  custom:scripting/monoscript/fileName/TimeUtil.cs: f1db10614389fe8436f67f4138e33eab -> 
  custom:scripting/monoscript/fileName/MyCollections.cs: 1573b6e8eec6809de8e4f734cd42ac53 -> 
  custom:scripting/monoscript/fileName/PerVertexEffectEditor.cs: 0e08baf525303c472bfaf41752a7f457 -> 
  custom:scripting/monoscript/fileName/MyReflection.cs: 912dd491c7847901aa49939904b2f1dd -> 
========================================================================
Received Prepare
Assembly with name 'Ink-Libraries' already exists (Assets/Ink/InkLibs/Ink-Libraries.asmdef)
Assembly with name 'Ink-Libraries' already exists (Assets/Assets 1/Plugins/Ink/InkLibs/Ink-Libraries.asmdef)
Assembly with name 'Ink-Libraries' already exists (Assets/Ink/InkLibs/Ink-Libraries.asmdef)
Assembly with name 'Ink-Libraries' already exists (Assets/Assets 1/Plugins/Ink/InkLibs/Ink-Libraries.asmdef)
Begin MonoManager ReloadAssembly
Thread 0x30bd93000 may have been prematurely finalized
- Loaded All Assemblies, in  0.625 seconds
Refreshing native plugins compatible for Editor in 1.31 ms, found 2 plugins.
Native extension for WindowsStandalone target not found
Native extension for AppleTV target not found
Native extension for iOS target not found
Native extension for OSXStandalone target not found
Native extension for WebGL target not found
Assembly with name 'Ink-Libraries' already exists (Assets/Ink/InkLibs/Ink-Libraries.asmdef)
Assembly with name 'Ink-Libraries' already exists (Assets/Assets 1/Plugins/Ink/InkLibs/Ink-Libraries.asmdef)
Mono: successfully reloaded assembly
- Finished resetting the current domain, in  1.205 seconds
Domain Reload Profiling: 1831ms
	BeginReloadAssembly (186ms)
		ExecutionOrderSort (0ms)
		DisableScriptedObjects (6ms)
		BackupInstance (0ms)
		ReleaseScriptingObjects (0ms)
		CreateAndSetChildDomain (88ms)
	RebuildCommonClasses (55ms)
	RebuildNativeTypeToScriptingClass (19ms)
	initialDomainReloadingComplete (37ms)
	LoadAllAssembliesAndSetupDomain (329ms)
		LoadAssemblies (347ms)
		RebuildTransferFunctionScriptingTraits (0ms)
		AnalyzeDomain (38ms)
			TypeCache.Refresh (22ms)
				TypeCache.ScanAssembly (0ms)
			ScanForSourceGeneratedMonoScriptInfo (0ms)
			ResolveRequiredComponents (10ms)
	FinalizeReload (1206ms)
		ReleaseScriptCaches (0ms)
		RebuildScriptCaches (0ms)
		SetupLoadedEditorAssemblies (631ms)
			LogAssemblyErrors (0ms)
			InitializePlatformSupportModulesInManaged (24ms)
			SetLoadedEditorAssemblies (4ms)
			RefreshPlugins (0ms)
			BeforeProcessingInitializeOnLoad (80ms)
			ProcessInitializeOnLoadAttributes (454ms)
			ProcessInitializeOnLoadMethodAttributes (66ms)
			AfterProcessingInitializeOnLoad (2ms)
			EditorAssembliesLoaded (0ms)
		ExecutionOrderSort2 (0ms)
		AwakeInstancesAfterBackupRestoration (8ms)
Refreshing native plugins compatible for Editor in 1.19 ms, found 2 plugins.
Preloading 0 native plugins for Editor in 0.00 ms.
Unloading 3388 Unused Serialized files (Serialized files now loaded: 0)
Unloading 44 unused Assets / (43.0 KB). Loaded Objects now: 4084.
Memory consumption went from 0.65 GB to 0.65 GB.
Total: 3.305333 ms (FindLiveObjects: 0.161625 ms CreateObjectMapping: 0.065583 ms MarkObjects: 2.981417 ms  DeleteObjects: 0.095833 ms)

Prepare: number of updated asset objects reloaded= 0
AssetImportParameters requested are different than current active one (requested -> active):
  custom:scripting/monoscript/fileName/GlobalTextEffectEntry.cs: c33c6024380cd43b3456fe6aea6f41ce -> 
  custom:scripting/monoscript/fileName/FoldBoxAttribute.cs: 66ff91a3485d06d36b8511fad6212f92 -> 
  custom:container-demuxer-ogg: 62fdf1f143b41e24485cea50d1cbac27 -> 
  custom:scripting/monoscript/fileName/MyDebug.cs: f3faef2d00c537158ab87ca513b25292 -> 
  custom:scripting/monoscript/fileName/MinMax.cs: 1c24b444ecff0bdeaf87d2edcb9d5029 -> 
  custom:scripting/monoscript/fileName/EditorDocumentation.cs: 934fb06e6a0b5b2798793a45828d3d5f -> 
  custom:scripting/monoscript/fileName/Effect_PerVertex.cs: 3f70f7fc3d4f9bfb1e10cd5e53684ee7 -> 
  custom:video-decoder-ogg-theora: a1e56fd34408186e4bbccfd4996cb3dc -> 
  custom:scripting/monoscript/fileName/MySerializedProperty.cs: 782cc9e912ef11023f0b93b5cae175e2 -> 
  custom:scripting/monoscript/fileName/CompositeEffectEditor.cs: 271d2f481fc4dff6734c055f2943e5d2 -> 
  custom:scripting/monoscript/fileName/TextEffect_Base.cs: 1b9a39eb3f7eb4d420cb56ed888ca97e -> 
  custom:scripting/monoscript/fileName/Effect_Scale.cs: 24350027199be1e1c520c27be9f8fbb9 -> 
  custom:scripting/monoscript/fileName/Effect_Color.cs: f5bc93c86b81ba37fa611632e3ecfb7f -> 
  custom:scripting/monoscript/fileName/Effect_Composite.cs: f3f7d32be82537fa78159e8943c1f1a7 -> 
  custom:CustomObjectIndexerAttribute: 756ad292c208cfabdd7b50bc23989ffe -> 
  custom:scripting/monoscript/fileName/TextEffectInstance.cs: 8d710191666e5c8cce9c6d33f66fafeb -> 
  custom:container-demuxer-webm: 4f35f7cbe854078d1ac9338744f61a02 -> 
  custom:scripting/monoscript/fileName/ButtonMethodAttribute.cs: cf389342635f998ab935cfcb5ae933df -> 
  custom:scripting/monoscript/fileName/ToggleDocAttribute.cs: d3c69a3f433376abbde86a297f4193a9 -> 
  custom:scripting/monoscript/fileName/MyHandles.cs: cc579ce2a9f371e54e4420275e0ac078 -> 
  custom:scripting/monoscript/fileName/ConditionalUtility.cs: 1205d2bd05e1eefe510065c234dd0f0e -> 
  custom:scripting/monoscript/fileName/MyCommonConstants.cs: afab7efaf9564dc9a7324c32dd196775 -> 
  custom:scripting/monoscript/fileName/CustomDrawerUtility.cs: 4fd84f09df56fbc0319d9bd7f922e98c -> 
  custom:container-muxer-webm: aa71ff27fc2769a1b78a27578f13a17b -> 
  custom:video-decoder-webm-vp8: 9c59270c3fd7afecdb556c50c9e8de78 -> 
  custom:SearchIndexIgnoredProperties: e643bd26f0fe6173181afceb89e7c659 -> 
  custom:AudioImporter_EditorPlatform: 3918e3fc78b5a79bad01e8451be0beb8 -> 
  custom:scripting/monoscript/fileName/ToggleDocAttributeDrawer.cs: e106f856849e4750d3809a4f241b1be2 -> 
  custom:scripting/monoscript/fileName/TextEffectEditor.cs: d3d8a1e5c2004b60d32f761eb093cf1b -> 
  custom:scripting/monoscript/fileName/MyColor.cs: 11671538b011fd3f337af43bc02e0c13 -> 
  custom:scripting/monoscript/fileName/AttributeBase.cs: d4cbb11724ea712d431b5cd07124907e -> 
  custom:scripting/monoscript/fileName/FoldBoxAttributeDrawer.cs: 7cddfc9687649703e6a68527865794bc -> 
  custom:scripting/monoscript/fileName/ConditionalFieldAttribute.cs: e6d9fd24956977713db9ec59b2642d84 -> 
  custom:scripting/monoscript/fileName/Effect_Move.cs: ef5516b861ddd6742709a32c4d74ed0d -> 
  custom:framework-osx-AVFoundation: e770b220cccbd017edd2c1fefb359320 -> 
  custom:scripting/monoscript/fileName/MyAlgorithms.cs: af94dca5879ebeadb102964fe2ba4c2c -> 
  custom:scripting/monoscript/fileName/TagEffectsPreset.cs: 7660331b4e5025a0b81c1733075d5b78 -> 
  custom:scripting/monoscript/fileName/Effect_Rotate.cs: ffdcc32648b4f2ece65aebb867cbbb0e -> 
  custom:video-encoder-webm-vp8: eb34c28f22e8b96e1ab97ce403110664 -> 
  custom:audio-decoder-ogg-vorbis: bf7c407c2cedff20999df2af8eb42d56 -> 
  custom:scripting/monoscript/fileName/WarningsPool.cs: fe4fa1866c40657be6a51b3604c9b41a -> 
  custom:scripting/monoscript/fileName/MyString.cs: 37ddb2560db549b377c16ed27598cb79 -> 
  custom:scripting/monoscript/fileName/TextEffectStatus.cs: 0d9a417212ada6670935a5511afc12b9 -> 
  custom:scripting/monoscript/fileName/TextEffect.cs: b3399054379a13f493415819f2b26d02 -> 
  custom:scripting/monoscript/fileName/MinMaxRangeAttribute.cs: 290170215b5b7bdd3fb5340a79339fb0 -> 
  custom:scripting/monoscript/fileName/AttributeBaseDrawer.cs: 26c86ce1d32ef473ff54fac3b3f34384 -> 
  custom:scripting/monoscript/fileName/ConditionalData.cs: 31d8359f80de1f6456e27c8f052f735f -> 
  custom:scripting/monoscript/fileName/CollectionWrapper.cs: 1d692121383b052bc3c42bd312cb03d9 -> 
  custom:audio-encoder-webm-vorbis: bf7c407c2cedff20999df2af8eb42d56 -> 
  custom:scripting/monoscript/fileName/TimeUtil.cs: f1db10614389fe8436f67f4138e33eab -> 
  custom:scripting/monoscript/fileName/MyCollections.cs: 1573b6e8eec6809de8e4f734cd42ac53 -> 
  custom:scripting/monoscript/fileName/PerVertexEffectEditor.cs: 0e08baf525303c472bfaf41752a7f457 -> 
  custom:scripting/monoscript/fileName/MyReflection.cs: 912dd491c7847901aa49939904b2f1dd -> 
========================================================================
Received Prepare
Assembly with name 'Ink-Libraries' already exists (Assets/Ink/InkLibs/Ink-Libraries.asmdef)
Assembly with name 'Ink-Libraries' already exists (Assets/Assets 1/Plugins/Ink/InkLibs/Ink-Libraries.asmdef)
Assembly with name 'Ink-Libraries' already exists (Assets/Ink/InkLibs/Ink-Libraries.asmdef)
Assembly with name 'Ink-Libraries' already exists (Assets/Assets 1/Plugins/Ink/InkLibs/Ink-Libraries.asmdef)
Begin MonoManager ReloadAssembly
Thread 0x30bd93000 may have been prematurely finalized
- Loaded All Assemblies, in  0.534 seconds
Refreshing native plugins compatible for Editor in 1.45 ms, found 2 plugins.
Native extension for WindowsStandalone target not found
Native extension for AppleTV target not found
Native extension for iOS target not found
Native extension for OSXStandalone target not found
Native extension for WebGL target not found
Assembly with name 'Ink-Libraries' already exists (Assets/Ink/InkLibs/Ink-Libraries.asmdef)
Assembly with name 'Ink-Libraries' already exists (Assets/Assets 1/Plugins/Ink/InkLibs/Ink-Libraries.asmdef)
Mono: successfully reloaded assembly
- Finished resetting the current domain, in  1.098 seconds
Domain Reload Profiling: 1633ms
	BeginReloadAssembly (187ms)
		ExecutionOrderSort (0ms)
		DisableScriptedObjects (6ms)
		BackupInstance (0ms)
		ReleaseScriptingObjects (0ms)
		CreateAndSetChildDomain (95ms)
	RebuildCommonClasses (48ms)
	RebuildNativeTypeToScriptingClass (16ms)
	initialDomainReloadingComplete (29ms)
	LoadAllAssembliesAndSetupDomain (253ms)
		LoadAssemblies (283ms)
		RebuildTransferFunctionScriptingTraits (0ms)
		AnalyzeDomain (23ms)
			TypeCache.Refresh (13ms)
				TypeCache.ScanAssembly (0ms)
			ScanForSourceGeneratedMonoScriptInfo (0ms)
			ResolveRequiredComponents (8ms)
	FinalizeReload (1099ms)
		ReleaseScriptCaches (0ms)
		RebuildScriptCaches (0ms)
		SetupLoadedEditorAssemblies (500ms)
			LogAssemblyErrors (0ms)
			InitializePlatformSupportModulesInManaged (25ms)
			SetLoadedEditorAssemblies (4ms)
			RefreshPlugins (0ms)
			BeforeProcessingInitializeOnLoad (84ms)
			ProcessInitializeOnLoadAttributes (337ms)
			ProcessInitializeOnLoadMethodAttributes (47ms)
			AfterProcessingInitializeOnLoad (2ms)
			EditorAssembliesLoaded (0ms)
		ExecutionOrderSort2 (0ms)
		AwakeInstancesAfterBackupRestoration (7ms)
Refreshing native plugins compatible for Editor in 1.18 ms, found 2 plugins.
Preloading 0 native plugins for Editor in 0.00 ms.
Unloading 3388 Unused Serialized files (Serialized files now loaded: 0)
Unloading 44 unused Assets / (43.0 KB). Loaded Objects now: 4087.
Memory consumption went from 0.66 GB to 0.66 GB.
Total: 3.719125 ms (FindLiveObjects: 0.189208 ms CreateObjectMapping: 0.068209 ms MarkObjects: 3.356459 ms  DeleteObjects: 0.103292 ms)

Prepare: number of updated asset objects reloaded= 0
AssetImportParameters requested are different than current active one (requested -> active):
  custom:scripting/monoscript/fileName/GlobalTextEffectEntry.cs: c33c6024380cd43b3456fe6aea6f41ce -> 
  custom:scripting/monoscript/fileName/FoldBoxAttribute.cs: 66ff91a3485d06d36b8511fad6212f92 -> 
  custom:container-demuxer-ogg: 62fdf1f143b41e24485cea50d1cbac27 -> 
  custom:scripting/monoscript/fileName/MyDebug.cs: f3faef2d00c537158ab87ca513b25292 -> 
  custom:scripting/monoscript/fileName/MinMax.cs: 1c24b444ecff0bdeaf87d2edcb9d5029 -> 
  custom:scripting/monoscript/fileName/EditorDocumentation.cs: 934fb06e6a0b5b2798793a45828d3d5f -> 
  custom:scripting/monoscript/fileName/Effect_PerVertex.cs: 3f70f7fc3d4f9bfb1e10cd5e53684ee7 -> 
  custom:video-decoder-ogg-theora: a1e56fd34408186e4bbccfd4996cb3dc -> 
  custom:scripting/monoscript/fileName/MySerializedProperty.cs: 782cc9e912ef11023f0b93b5cae175e2 -> 
  custom:scripting/monoscript/fileName/CompositeEffectEditor.cs: 271d2f481fc4dff6734c055f2943e5d2 -> 
  custom:scripting/monoscript/fileName/TextEffect_Base.cs: 1b9a39eb3f7eb4d420cb56ed888ca97e -> 
  custom:scripting/monoscript/fileName/Effect_Scale.cs: 24350027199be1e1c520c27be9f8fbb9 -> 
  custom:scripting/monoscript/fileName/Effect_Color.cs: f5bc93c86b81ba37fa611632e3ecfb7f -> 
  custom:scripting/monoscript/fileName/Effect_Composite.cs: f3f7d32be82537fa78159e8943c1f1a7 -> 
  custom:CustomObjectIndexerAttribute: 756ad292c208cfabdd7b50bc23989ffe -> 
  custom:scripting/monoscript/fileName/TextEffectInstance.cs: 8d710191666e5c8cce9c6d33f66fafeb -> 
  custom:container-demuxer-webm: 4f35f7cbe854078d1ac9338744f61a02 -> 
  custom:scripting/monoscript/fileName/ButtonMethodAttribute.cs: cf389342635f998ab935cfcb5ae933df -> 
  custom:scripting/monoscript/fileName/ToggleDocAttribute.cs: d3c69a3f433376abbde86a297f4193a9 -> 
  custom:scripting/monoscript/fileName/MyHandles.cs: cc579ce2a9f371e54e4420275e0ac078 -> 
  custom:scripting/monoscript/fileName/ConditionalUtility.cs: 1205d2bd05e1eefe510065c234dd0f0e -> 
  custom:scripting/monoscript/fileName/MyCommonConstants.cs: afab7efaf9564dc9a7324c32dd196775 -> 
  custom:scripting/monoscript/fileName/CustomDrawerUtility.cs: 4fd84f09df56fbc0319d9bd7f922e98c -> 
  custom:container-muxer-webm: aa71ff27fc2769a1b78a27578f13a17b -> 
  custom:video-decoder-webm-vp8: 9c59270c3fd7afecdb556c50c9e8de78 -> 
  custom:SearchIndexIgnoredProperties: e643bd26f0fe6173181afceb89e7c659 -> 
  custom:AudioImporter_EditorPlatform: 3918e3fc78b5a79bad01e8451be0beb8 -> 
  custom:scripting/monoscript/fileName/ToggleDocAttributeDrawer.cs: e106f856849e4750d3809a4f241b1be2 -> 
  custom:scripting/monoscript/fileName/TextEffectEditor.cs: d3d8a1e5c2004b60d32f761eb093cf1b -> 
  custom:scripting/monoscript/fileName/MyColor.cs: 11671538b011fd3f337af43bc02e0c13 -> 
  custom:scripting/monoscript/fileName/AttributeBase.cs: d4cbb11724ea712d431b5cd07124907e -> 
  custom:scripting/monoscript/fileName/FoldBoxAttributeDrawer.cs: 7cddfc9687649703e6a68527865794bc -> 
  custom:scripting/monoscript/fileName/ConditionalFieldAttribute.cs: e6d9fd24956977713db9ec59b2642d84 -> 
  custom:scripting/monoscript/fileName/Effect_Move.cs: ef5516b861ddd6742709a32c4d74ed0d -> 
  custom:framework-osx-AVFoundation: e770b220cccbd017edd2c1fefb359320 -> 
  custom:scripting/monoscript/fileName/MyAlgorithms.cs: af94dca5879ebeadb102964fe2ba4c2c -> 
  custom:scripting/monoscript/fileName/TagEffectsPreset.cs: 7660331b4e5025a0b81c1733075d5b78 -> 
  custom:scripting/monoscript/fileName/Effect_Rotate.cs: ffdcc32648b4f2ece65aebb867cbbb0e -> 
  custom:video-encoder-webm-vp8: eb34c28f22e8b96e1ab97ce403110664 -> 
  custom:audio-decoder-ogg-vorbis: bf7c407c2cedff20999df2af8eb42d56 -> 
  custom:scripting/monoscript/fileName/WarningsPool.cs: fe4fa1866c40657be6a51b3604c9b41a -> 
  custom:scripting/monoscript/fileName/MyString.cs: 37ddb2560db549b377c16ed27598cb79 -> 
  custom:scripting/monoscript/fileName/TextEffectStatus.cs: 0d9a417212ada6670935a5511afc12b9 -> 
  custom:scripting/monoscript/fileName/TextEffect.cs: b3399054379a13f493415819f2b26d02 -> 
  custom:scripting/monoscript/fileName/MinMaxRangeAttribute.cs: 290170215b5b7bdd3fb5340a79339fb0 -> 
  custom:scripting/monoscript/fileName/AttributeBaseDrawer.cs: 26c86ce1d32ef473ff54fac3b3f34384 -> 
  custom:scripting/monoscript/fileName/ConditionalData.cs: 31d8359f80de1f6456e27c8f052f735f -> 
  custom:scripting/monoscript/fileName/CollectionWrapper.cs: 1d692121383b052bc3c42bd312cb03d9 -> 
  custom:audio-encoder-webm-vorbis: bf7c407c2cedff20999df2af8eb42d56 -> 
  custom:scripting/monoscript/fileName/TimeUtil.cs: f1db10614389fe8436f67f4138e33eab -> 
  custom:scripting/monoscript/fileName/MyCollections.cs: 1573b6e8eec6809de8e4f734cd42ac53 -> 
  custom:scripting/monoscript/fileName/PerVertexEffectEditor.cs: 0e08baf525303c472bfaf41752a7f457 -> 
  custom:scripting/monoscript/fileName/MyReflection.cs: 912dd491c7847901aa49939904b2f1dd -> 
========================================================================
Received Prepare
Assembly with name 'Ink-Libraries' already exists (Assets/Ink/InkLibs/Ink-Libraries.asmdef)
Assembly with name 'Ink-Libraries' already exists (Assets/Assets 1/Plugins/Ink/InkLibs/Ink-Libraries.asmdef)
Assembly with name 'Ink-Libraries' already exists (Assets/Ink/InkLibs/Ink-Libraries.asmdef)
Assembly with name 'Ink-Libraries' already exists (Assets/Assets 1/Plugins/Ink/InkLibs/Ink-Libraries.asmdef)
Begin MonoManager ReloadAssembly
Thread 0x30bd93000 may have been prematurely finalized
- Loaded All Assemblies, in  0.543 seconds
Refreshing native plugins compatible for Editor in 1.39 ms, found 2 plugins.
Native extension for WindowsStandalone target not found
Native extension for AppleTV target not found
Native extension for iOS target not found
Native extension for OSXStandalone target not found
Native extension for WebGL target not found
Assembly with name 'Ink-Libraries' already exists (Assets/Ink/InkLibs/Ink-Libraries.asmdef)
Assembly with name 'Ink-Libraries' already exists (Assets/Assets 1/Plugins/Ink/InkLibs/Ink-Libraries.asmdef)
Mono: successfully reloaded assembly
- Finished resetting the current domain, in  1.064 seconds
Domain Reload Profiling: 1608ms
	BeginReloadAssembly (190ms)
		ExecutionOrderSort (0ms)
		DisableScriptedObjects (6ms)
		BackupInstance (0ms)
		ReleaseScriptingObjects (0ms)
		CreateAndSetChildDomain (83ms)
	RebuildCommonClasses (48ms)
	RebuildNativeTypeToScriptingClass (16ms)
	initialDomainReloadingComplete (30ms)
	LoadAllAssembliesAndSetupDomain (260ms)
		LoadAssemblies (297ms)
		RebuildTransferFunctionScriptingTraits (0ms)
		AnalyzeDomain (29ms)
			TypeCache.Refresh (16ms)
				TypeCache.ScanAssembly (0ms)
			ScanForSourceGeneratedMonoScriptInfo (0ms)
			ResolveRequiredComponents (11ms)
	FinalizeReload (1065ms)
		ReleaseScriptCaches (0ms)
		RebuildScriptCaches (0ms)
		SetupLoadedEditorAssemblies (526ms)
			LogAssemblyErrors (0ms)
			InitializePlatformSupportModulesInManaged (23ms)
			SetLoadedEditorAssemblies (4ms)
			RefreshPlugins (0ms)
			BeforeProcessingInitializeOnLoad (83ms)
			ProcessInitializeOnLoadAttributes (357ms)
			ProcessInitializeOnLoadMethodAttributes (58ms)
			AfterProcessingInitializeOnLoad (2ms)
			EditorAssembliesLoaded (0ms)
		ExecutionOrderSort2 (0ms)
		AwakeInstancesAfterBackupRestoration (8ms)
Refreshing native plugins compatible for Editor in 1.14 ms, found 2 plugins.
Preloading 0 native plugins for Editor in 0.00 ms.
Unloading 3388 Unused Serialized files (Serialized files now loaded: 0)
Unloading 44 unused Assets / (43.0 KB). Loaded Objects now: 4090.
Memory consumption went from 0.67 GB to 0.67 GB.
Total: 3.281417 ms (FindLiveObjects: 0.166084 ms CreateObjectMapping: 0.069833 ms MarkObjects: 2.963167 ms  DeleteObjects: 0.080958 ms)

Prepare: number of updated asset objects reloaded= 0
AssetImportParameters requested are different than current active one (requested -> active):
  custom:scripting/monoscript/fileName/GlobalTextEffectEntry.cs: c33c6024380cd43b3456fe6aea6f41ce -> 
  custom:scripting/monoscript/fileName/FoldBoxAttribute.cs: 66ff91a3485d06d36b8511fad6212f92 -> 
  custom:container-demuxer-ogg: 62fdf1f143b41e24485cea50d1cbac27 -> 
  custom:scripting/monoscript/fileName/MyDebug.cs: f3faef2d00c537158ab87ca513b25292 -> 
  custom:scripting/monoscript/fileName/MinMax.cs: 1c24b444ecff0bdeaf87d2edcb9d5029 -> 
  custom:scripting/monoscript/fileName/EditorDocumentation.cs: 934fb06e6a0b5b2798793a45828d3d5f -> 
  custom:scripting/monoscript/fileName/Effect_PerVertex.cs: 3f70f7fc3d4f9bfb1e10cd5e53684ee7 -> 
  custom:video-decoder-ogg-theora: a1e56fd34408186e4bbccfd4996cb3dc -> 
  custom:scripting/monoscript/fileName/MySerializedProperty.cs: 782cc9e912ef11023f0b93b5cae175e2 -> 
  custom:scripting/monoscript/fileName/CompositeEffectEditor.cs: 271d2f481fc4dff6734c055f2943e5d2 -> 
  custom:scripting/monoscript/fileName/TextEffect_Base.cs: 1b9a39eb3f7eb4d420cb56ed888ca97e -> 
  custom:scripting/monoscript/fileName/Effect_Scale.cs: 24350027199be1e1c520c27be9f8fbb9 -> 
  custom:scripting/monoscript/fileName/Effect_Color.cs: f5bc93c86b81ba37fa611632e3ecfb7f -> 
  custom:scripting/monoscript/fileName/Effect_Composite.cs: f3f7d32be82537fa78159e8943c1f1a7 -> 
  custom:CustomObjectIndexerAttribute: 756ad292c208cfabdd7b50bc23989ffe -> 
  custom:scripting/monoscript/fileName/TextEffectInstance.cs: 8d710191666e5c8cce9c6d33f66fafeb -> 
  custom:container-demuxer-webm: 4f35f7cbe854078d1ac9338744f61a02 -> 
  custom:scripting/monoscript/fileName/ButtonMethodAttribute.cs: cf389342635f998ab935cfcb5ae933df -> 
  custom:scripting/monoscript/fileName/ToggleDocAttribute.cs: d3c69a3f433376abbde86a297f4193a9 -> 
  custom:scripting/monoscript/fileName/MyHandles.cs: cc579ce2a9f371e54e4420275e0ac078 -> 
  custom:scripting/monoscript/fileName/ConditionalUtility.cs: 1205d2bd05e1eefe510065c234dd0f0e -> 
  custom:scripting/monoscript/fileName/MyCommonConstants.cs: afab7efaf9564dc9a7324c32dd196775 -> 
  custom:scripting/monoscript/fileName/CustomDrawerUtility.cs: 4fd84f09df56fbc0319d9bd7f922e98c -> 
  custom:container-muxer-webm: aa71ff27fc2769a1b78a27578f13a17b -> 
  custom:video-decoder-webm-vp8: 9c59270c3fd7afecdb556c50c9e8de78 -> 
  custom:SearchIndexIgnoredProperties: e643bd26f0fe6173181afceb89e7c659 -> 
  custom:AudioImporter_EditorPlatform: 3918e3fc78b5a79bad01e8451be0beb8 -> 
  custom:scripting/monoscript/fileName/ToggleDocAttributeDrawer.cs: e106f856849e4750d3809a4f241b1be2 -> 
  custom:scripting/monoscript/fileName/TextEffectEditor.cs: d3d8a1e5c2004b60d32f761eb093cf1b -> 
  custom:scripting/monoscript/fileName/MyColor.cs: 11671538b011fd3f337af43bc02e0c13 -> 
  custom:scripting/monoscript/fileName/AttributeBase.cs: d4cbb11724ea712d431b5cd07124907e -> 
  custom:scripting/monoscript/fileName/FoldBoxAttributeDrawer.cs: 7cddfc9687649703e6a68527865794bc -> 
  custom:scripting/monoscript/fileName/ConditionalFieldAttribute.cs: e6d9fd24956977713db9ec59b2642d84 -> 
  custom:scripting/monoscript/fileName/Effect_Move.cs: ef5516b861ddd6742709a32c4d74ed0d -> 
  custom:framework-osx-AVFoundation: e770b220cccbd017edd2c1fefb359320 -> 
  custom:scripting/monoscript/fileName/MyAlgorithms.cs: af94dca5879ebeadb102964fe2ba4c2c -> 
  custom:scripting/monoscript/fileName/TagEffectsPreset.cs: 7660331b4e5025a0b81c1733075d5b78 -> 
  custom:scripting/monoscript/fileName/Effect_Rotate.cs: ffdcc32648b4f2ece65aebb867cbbb0e -> 
  custom:video-encoder-webm-vp8: eb34c28f22e8b96e1ab97ce403110664 -> 
  custom:audio-decoder-ogg-vorbis: bf7c407c2cedff20999df2af8eb42d56 -> 
  custom:scripting/monoscript/fileName/WarningsPool.cs: fe4fa1866c40657be6a51b3604c9b41a -> 
  custom:scripting/monoscript/fileName/MyString.cs: 37ddb2560db549b377c16ed27598cb79 -> 
  custom:scripting/monoscript/fileName/TextEffectStatus.cs: 0d9a417212ada6670935a5511afc12b9 -> 
  custom:scripting/monoscript/fileName/TextEffect.cs: b3399054379a13f493415819f2b26d02 -> 
  custom:scripting/monoscript/fileName/MinMaxRangeAttribute.cs: 290170215b5b7bdd3fb5340a79339fb0 -> 
  custom:scripting/monoscript/fileName/AttributeBaseDrawer.cs: 26c86ce1d32ef473ff54fac3b3f34384 -> 
  custom:scripting/monoscript/fileName/ConditionalData.cs: 31d8359f80de1f6456e27c8f052f735f -> 
  custom:scripting/monoscript/fileName/CollectionWrapper.cs: 1d692121383b052bc3c42bd312cb03d9 -> 
  custom:audio-encoder-webm-vorbis: bf7c407c2cedff20999df2af8eb42d56 -> 
  custom:scripting/monoscript/fileName/TimeUtil.cs: f1db10614389fe8436f67f4138e33eab -> 
  custom:scripting/monoscript/fileName/MyCollections.cs: 1573b6e8eec6809de8e4f734cd42ac53 -> 
  custom:scripting/monoscript/fileName/PerVertexEffectEditor.cs: 0e08baf525303c472bfaf41752a7f457 -> 
  custom:scripting/monoscript/fileName/MyReflection.cs: 912dd491c7847901aa49939904b2f1dd -> 
========================================================================
Received Prepare
Assembly with name 'Ink-Libraries' already exists (Assets/Ink/InkLibs/Ink-Libraries.asmdef)
Assembly with name 'Ink-Libraries' already exists (Assets/Assets 1/Plugins/Ink/InkLibs/Ink-Libraries.asmdef)
Assembly with name 'Ink-Libraries' already exists (Assets/Ink/InkLibs/Ink-Libraries.asmdef)
Assembly with name 'Ink-Libraries' already exists (Assets/Assets 1/Plugins/Ink/InkLibs/Ink-Libraries.asmdef)
Begin MonoManager ReloadAssembly
Thread 0x30bd93000 may have been prematurely finalized
- Loaded All Assemblies, in  0.615 seconds
Refreshing native plugins compatible for Editor in 1.33 ms, found 2 plugins.
Native extension for WindowsStandalone target not found
Native extension for AppleTV target not found
Native extension for iOS target not found
Native extension for OSXStandalone target not found
Native extension for WebGL target not found
Assembly with name 'Ink-Libraries' already exists (Assets/Ink/InkLibs/Ink-Libraries.asmdef)
Assembly with name 'Ink-Libraries' already exists (Assets/Assets 1/Plugins/Ink/InkLibs/Ink-Libraries.asmdef)
Mono: successfully reloaded assembly
- Finished resetting the current domain, in  0.885 seconds
Domain Reload Profiling: 1500ms
	BeginReloadAssembly (195ms)
		ExecutionOrderSort (0ms)
		DisableScriptedObjects (6ms)
		BackupInstance (0ms)
		ReleaseScriptingObjects (0ms)
		CreateAndSetChildDomain (100ms)
	RebuildCommonClasses (48ms)
	RebuildNativeTypeToScriptingClass (16ms)
	initialDomainReloadingComplete (30ms)
	LoadAllAssembliesAndSetupDomain (326ms)
		LoadAssemblies (339ms)
		RebuildTransferFunctionScriptingTraits (0ms)
		AnalyzeDomain (39ms)
			TypeCache.Refresh (19ms)
				TypeCache.ScanAssembly (1ms)
			ScanForSourceGeneratedMonoScriptInfo (10ms)
			ResolveRequiredComponents (8ms)
	FinalizeReload (886ms)
		ReleaseScriptCaches (0ms)
		RebuildScriptCaches (0ms)
		SetupLoadedEditorAssemblies (378ms)
			LogAssemblyErrors (0ms)
			InitializePlatformSupportModulesInManaged (23ms)
			SetLoadedEditorAssemblies (4ms)
			RefreshPlugins (0ms)
			BeforeProcessingInitializeOnLoad (78ms)
			ProcessInitializeOnLoadAttributes (251ms)
			ProcessInitializeOnLoadMethodAttributes (21ms)
			AfterProcessingInitializeOnLoad (1ms)
			EditorAssembliesLoaded (0ms)
		ExecutionOrderSort2 (0ms)
		AwakeInstancesAfterBackupRestoration (3ms)
Refreshing native plugins compatible for Editor in 1.15 ms, found 2 plugins.
Preloading 0 native plugins for Editor in 0.00 ms.
Unloading 3388 Unused Serialized files (Serialized files now loaded: 0)
Unloading 44 unused Assets / (43.1 KB). Loaded Objects now: 4093.
Memory consumption went from 0.68 GB to 0.68 GB.
Total: 3.322000 ms (FindLiveObjects: 0.166333 ms CreateObjectMapping: 0.065625 ms MarkObjects: 2.992125 ms  DeleteObjects: 0.097292 ms)

Prepare: number of updated asset objects reloaded= 0
AssetImportParameters requested are different than current active one (requested -> active):
  custom:scripting/monoscript/fileName/GlobalTextEffectEntry.cs: c33c6024380cd43b3456fe6aea6f41ce -> 
  custom:scripting/monoscript/fileName/FoldBoxAttribute.cs: 66ff91a3485d06d36b8511fad6212f92 -> 
  custom:container-demuxer-ogg: 62fdf1f143b41e24485cea50d1cbac27 -> 
  custom:scripting/monoscript/fileName/MyDebug.cs: f3faef2d00c537158ab87ca513b25292 -> 
  custom:scripting/monoscript/fileName/MinMax.cs: 1c24b444ecff0bdeaf87d2edcb9d5029 -> 
  custom:scripting/monoscript/fileName/EditorDocumentation.cs: 934fb06e6a0b5b2798793a45828d3d5f -> 
  custom:scripting/monoscript/fileName/Effect_PerVertex.cs: 3f70f7fc3d4f9bfb1e10cd5e53684ee7 -> 
  custom:video-decoder-ogg-theora: a1e56fd34408186e4bbccfd4996cb3dc -> 
  custom:scripting/monoscript/fileName/MySerializedProperty.cs: 782cc9e912ef11023f0b93b5cae175e2 -> 
  custom:scripting/monoscript/fileName/CompositeEffectEditor.cs: 271d2f481fc4dff6734c055f2943e5d2 -> 
  custom:scripting/monoscript/fileName/TextEffect_Base.cs: 1b9a39eb3f7eb4d420cb56ed888ca97e -> 
  custom:scripting/monoscript/fileName/Effect_Scale.cs: 24350027199be1e1c520c27be9f8fbb9 -> 
  custom:scripting/monoscript/fileName/Effect_Color.cs: f5bc93c86b81ba37fa611632e3ecfb7f -> 
  custom:scripting/monoscript/fileName/Effect_Composite.cs: f3f7d32be82537fa78159e8943c1f1a7 -> 
  custom:CustomObjectIndexerAttribute: 756ad292c208cfabdd7b50bc23989ffe -> 
  custom:scripting/monoscript/fileName/TextEffectInstance.cs: 8d710191666e5c8cce9c6d33f66fafeb -> 
  custom:container-demuxer-webm: 4f35f7cbe854078d1ac9338744f61a02 -> 
  custom:scripting/monoscript/fileName/ButtonMethodAttribute.cs: cf389342635f998ab935cfcb5ae933df -> 
  custom:scripting/monoscript/fileName/ToggleDocAttribute.cs: d3c69a3f433376abbde86a297f4193a9 -> 
  custom:scripting/monoscript/fileName/MyHandles.cs: cc579ce2a9f371e54e4420275e0ac078 -> 
  custom:scripting/monoscript/fileName/ConditionalUtility.cs: 1205d2bd05e1eefe510065c234dd0f0e -> 
  custom:scripting/monoscript/fileName/MyCommonConstants.cs: afab7efaf9564dc9a7324c32dd196775 -> 
  custom:scripting/monoscript/fileName/CustomDrawerUtility.cs: 4fd84f09df56fbc0319d9bd7f922e98c -> 
  custom:container-muxer-webm: aa71ff27fc2769a1b78a27578f13a17b -> 
  custom:video-decoder-webm-vp8: 9c59270c3fd7afecdb556c50c9e8de78 -> 
  custom:SearchIndexIgnoredProperties: e643bd26f0fe6173181afceb89e7c659 -> 
  custom:AudioImporter_EditorPlatform: 3918e3fc78b5a79bad01e8451be0beb8 -> 
  custom:scripting/monoscript/fileName/ToggleDocAttributeDrawer.cs: e106f856849e4750d3809a4f241b1be2 -> 
  custom:scripting/monoscript/fileName/TextEffectEditor.cs: d3d8a1e5c2004b60d32f761eb093cf1b -> 
  custom:scripting/monoscript/fileName/MyColor.cs: 11671538b011fd3f337af43bc02e0c13 -> 
  custom:scripting/monoscript/fileName/AttributeBase.cs: d4cbb11724ea712d431b5cd07124907e -> 
  custom:scripting/monoscript/fileName/FoldBoxAttributeDrawer.cs: 7cddfc9687649703e6a68527865794bc -> 
  custom:scripting/monoscript/fileName/ConditionalFieldAttribute.cs: e6d9fd24956977713db9ec59b2642d84 -> 
  custom:scripting/monoscript/fileName/Effect_Move.cs: ef5516b861ddd6742709a32c4d74ed0d -> 
  custom:framework-osx-AVFoundation: e770b220cccbd017edd2c1fefb359320 -> 
  custom:scripting/monoscript/fileName/MyAlgorithms.cs: af94dca5879ebeadb102964fe2ba4c2c -> 
  custom:scripting/monoscript/fileName/TagEffectsPreset.cs: 7660331b4e5025a0b81c1733075d5b78 -> 
  custom:scripting/monoscript/fileName/Effect_Rotate.cs: ffdcc32648b4f2ece65aebb867cbbb0e -> 
  custom:video-encoder-webm-vp8: eb34c28f22e8b96e1ab97ce403110664 -> 
  custom:audio-decoder-ogg-vorbis: bf7c407c2cedff20999df2af8eb42d56 -> 
  custom:scripting/monoscript/fileName/WarningsPool.cs: fe4fa1866c40657be6a51b3604c9b41a -> 
  custom:scripting/monoscript/fileName/MyString.cs: 37ddb2560db549b377c16ed27598cb79 -> 
  custom:scripting/monoscript/fileName/TextEffectStatus.cs: 0d9a417212ada6670935a5511afc12b9 -> 
  custom:scripting/monoscript/fileName/TextEffect.cs: b3399054379a13f493415819f2b26d02 -> 
  custom:scripting/monoscript/fileName/MinMaxRangeAttribute.cs: 290170215b5b7bdd3fb5340a79339fb0 -> 
  custom:scripting/monoscript/fileName/AttributeBaseDrawer.cs: 26c86ce1d32ef473ff54fac3b3f34384 -> 
  custom:scripting/monoscript/fileName/ConditionalData.cs: 31d8359f80de1f6456e27c8f052f735f -> 
  custom:scripting/monoscript/fileName/CollectionWrapper.cs: 1d692121383b052bc3c42bd312cb03d9 -> 
  custom:audio-encoder-webm-vorbis: bf7c407c2cedff20999df2af8eb42d56 -> 
  custom:scripting/monoscript/fileName/TimeUtil.cs: f1db10614389fe8436f67f4138e33eab -> 
  custom:scripting/monoscript/fileName/MyCollections.cs: 1573b6e8eec6809de8e4f734cd42ac53 -> 
  custom:scripting/monoscript/fileName/PerVertexEffectEditor.cs: 0e08baf525303c472bfaf41752a7f457 -> 
  custom:scripting/monoscript/fileName/MyReflection.cs: 912dd491c7847901aa49939904b2f1dd -> 
========================================================================
Received Prepare
Assembly with name 'Ink-Libraries' already exists (Assets/Ink/InkLibs/Ink-Libraries.asmdef)
Assembly with name 'Ink-Libraries' already exists (Assets/Assets 1/Plugins/Ink/InkLibs/Ink-Libraries.asmdef)
Assembly with name 'Ink-Libraries' already exists (Assets/Ink/InkLibs/Ink-Libraries.asmdef)
Assembly with name 'Ink-Libraries' already exists (Assets/Assets 1/Plugins/Ink/InkLibs/Ink-Libraries.asmdef)
Begin MonoManager ReloadAssembly
Thread 0x30bd93000 may have been prematurely finalized
- Loaded All Assemblies, in  0.472 seconds
Refreshing native plugins compatible for Editor in 1.19 ms, found 2 plugins.
Native extension for WindowsStandalone target not found
Native extension for AppleTV target not found
Native extension for iOS target not found
Native extension for OSXStandalone target not found
Native extension for WebGL target not found
Assembly with name 'Ink-Libraries' already exists (Assets/Ink/InkLibs/Ink-Libraries.asmdef)
Assembly with name 'Ink-Libraries' already exists (Assets/Assets 1/Plugins/Ink/InkLibs/Ink-Libraries.asmdef)
Mono: successfully reloaded assembly
- Finished resetting the current domain, in  0.780 seconds
Domain Reload Profiling: 1252ms
	BeginReloadAssembly (141ms)
		ExecutionOrderSort (0ms)
		DisableScriptedObjects (5ms)
		BackupInstance (0ms)
		ReleaseScriptingObjects (0ms)
		CreateAndSetChildDomain (56ms)
	RebuildCommonClasses (46ms)
	RebuildNativeTypeToScriptingClass (15ms)
	initialDomainReloadingComplete (27ms)
	LoadAllAssembliesAndSetupDomain (242ms)
		LoadAssemblies (269ms)
		RebuildTransferFunctionScriptingTraits (0ms)
		AnalyzeDomain (23ms)
			TypeCache.Refresh (13ms)
				TypeCache.ScanAssembly (0ms)
			ScanForSourceGeneratedMonoScriptInfo (0ms)
			ResolveRequiredComponents (7ms)
	FinalizeReload (780ms)
		ReleaseScriptCaches (0ms)
		RebuildScriptCaches (0ms)
		SetupLoadedEditorAssemblies (482ms)
			LogAssemblyErrors (0ms)
			InitializePlatformSupportModulesInManaged (46ms)
			SetLoadedEditorAssemblies (6ms)
			RefreshPlugins (0ms)
			BeforeProcessingInitializeOnLoad (100ms)
			ProcessInitializeOnLoadAttributes (302ms)
			ProcessInitializeOnLoadMethodAttributes (26ms)
			AfterProcessingInitializeOnLoad (1ms)
			EditorAssembliesLoaded (0ms)
		ExecutionOrderSort2 (0ms)
		AwakeInstancesAfterBackupRestoration (4ms)
Refreshing native plugins compatible for Editor in 1.19 ms, found 2 plugins.
Preloading 0 native plugins for Editor in 0.00 ms.
Unloading 3388 Unused Serialized files (Serialized files now loaded: 0)
Unloading 44 unused Assets / (43.1 KB). Loaded Objects now: 4096.
Memory consumption went from 0.68 GB to 0.68 GB.
Total: 3.377250 ms (FindLiveObjects: 0.161333 ms CreateObjectMapping: 0.072375 ms MarkObjects: 3.077291 ms  DeleteObjects: 0.065375 ms)

Prepare: number of updated asset objects reloaded= 0
AssetImportParameters requested are different than current active one (requested -> active):
  custom:scripting/monoscript/fileName/GlobalTextEffectEntry.cs: c33c6024380cd43b3456fe6aea6f41ce -> 
  custom:scripting/monoscript/fileName/FoldBoxAttribute.cs: 66ff91a3485d06d36b8511fad6212f92 -> 
  custom:container-demuxer-ogg: 62fdf1f143b41e24485cea50d1cbac27 -> 
  custom:scripting/monoscript/fileName/MyDebug.cs: f3faef2d00c537158ab87ca513b25292 -> 
  custom:scripting/monoscript/fileName/MinMax.cs: 1c24b444ecff0bdeaf87d2edcb9d5029 -> 
  custom:scripting/monoscript/fileName/EditorDocumentation.cs: 934fb06e6a0b5b2798793a45828d3d5f -> 
  custom:scripting/monoscript/fileName/Effect_PerVertex.cs: 3f70f7fc3d4f9bfb1e10cd5e53684ee7 -> 
  custom:video-decoder-ogg-theora: a1e56fd34408186e4bbccfd4996cb3dc -> 
  custom:scripting/monoscript/fileName/MySerializedProperty.cs: 782cc9e912ef11023f0b93b5cae175e2 -> 
  custom:scripting/monoscript/fileName/CompositeEffectEditor.cs: 271d2f481fc4dff6734c055f2943e5d2 -> 
  custom:scripting/monoscript/fileName/TextEffect_Base.cs: 1b9a39eb3f7eb4d420cb56ed888ca97e -> 
  custom:scripting/monoscript/fileName/Effect_Scale.cs: 24350027199be1e1c520c27be9f8fbb9 -> 
  custom:scripting/monoscript/fileName/Effect_Color.cs: f5bc93c86b81ba37fa611632e3ecfb7f -> 
  custom:scripting/monoscript/fileName/Effect_Composite.cs: f3f7d32be82537fa78159e8943c1f1a7 -> 
  custom:CustomObjectIndexerAttribute: 756ad292c208cfabdd7b50bc23989ffe -> 
  custom:scripting/monoscript/fileName/TextEffectInstance.cs: 8d710191666e5c8cce9c6d33f66fafeb -> 
  custom:container-demuxer-webm: 4f35f7cbe854078d1ac9338744f61a02 -> 
  custom:scripting/monoscript/fileName/ButtonMethodAttribute.cs: cf389342635f998ab935cfcb5ae933df -> 
  custom:scripting/monoscript/fileName/ToggleDocAttribute.cs: d3c69a3f433376abbde86a297f4193a9 -> 
  custom:scripting/monoscript/fileName/MyHandles.cs: cc579ce2a9f371e54e4420275e0ac078 -> 
  custom:scripting/monoscript/fileName/ConditionalUtility.cs: 1205d2bd05e1eefe510065c234dd0f0e -> 
  custom:scripting/monoscript/fileName/MyCommonConstants.cs: afab7efaf9564dc9a7324c32dd196775 -> 
  custom:scripting/monoscript/fileName/CustomDrawerUtility.cs: 4fd84f09df56fbc0319d9bd7f922e98c -> 
  custom:container-muxer-webm: aa71ff27fc2769a1b78a27578f13a17b -> 
  custom:video-decoder-webm-vp8: 9c59270c3fd7afecdb556c50c9e8de78 -> 
  custom:SearchIndexIgnoredProperties: e643bd26f0fe6173181afceb89e7c659 -> 
  custom:AudioImporter_EditorPlatform: 3918e3fc78b5a79bad01e8451be0beb8 -> 
  custom:scripting/monoscript/fileName/ToggleDocAttributeDrawer.cs: e106f856849e4750d3809a4f241b1be2 -> 
  custom:scripting/monoscript/fileName/TextEffectEditor.cs: d3d8a1e5c2004b60d32f761eb093cf1b -> 
  custom:scripting/monoscript/fileName/MyColor.cs: 11671538b011fd3f337af43bc02e0c13 -> 
  custom:scripting/monoscript/fileName/AttributeBase.cs: d4cbb11724ea712d431b5cd07124907e -> 
  custom:scripting/monoscript/fileName/FoldBoxAttributeDrawer.cs: 7cddfc9687649703e6a68527865794bc -> 
  custom:scripting/monoscript/fileName/ConditionalFieldAttribute.cs: e6d9fd24956977713db9ec59b2642d84 -> 
  custom:scripting/monoscript/fileName/Effect_Move.cs: ef5516b861ddd6742709a32c4d74ed0d -> 
  custom:framework-osx-AVFoundation: e770b220cccbd017edd2c1fefb359320 -> 
  custom:scripting/monoscript/fileName/MyAlgorithms.cs: af94dca5879ebeadb102964fe2ba4c2c -> 
  custom:scripting/monoscript/fileName/TagEffectsPreset.cs: 7660331b4e5025a0b81c1733075d5b78 -> 
  custom:scripting/monoscript/fileName/Effect_Rotate.cs: ffdcc32648b4f2ece65aebb867cbbb0e -> 
  custom:video-encoder-webm-vp8: eb34c28f22e8b96e1ab97ce403110664 -> 
  custom:audio-decoder-ogg-vorbis: bf7c407c2cedff20999df2af8eb42d56 -> 
  custom:scripting/monoscript/fileName/WarningsPool.cs: fe4fa1866c40657be6a51b3604c9b41a -> 
  custom:scripting/monoscript/fileName/MyString.cs: 37ddb2560db549b377c16ed27598cb79 -> 
  custom:scripting/monoscript/fileName/TextEffectStatus.cs: 0d9a417212ada6670935a5511afc12b9 -> 
  custom:scripting/monoscript/fileName/TextEffect.cs: b3399054379a13f493415819f2b26d02 -> 
  custom:scripting/monoscript/fileName/MinMaxRangeAttribute.cs: 290170215b5b7bdd3fb5340a79339fb0 -> 
  custom:scripting/monoscript/fileName/AttributeBaseDrawer.cs: 26c86ce1d32ef473ff54fac3b3f34384 -> 
  custom:scripting/monoscript/fileName/ConditionalData.cs: 31d8359f80de1f6456e27c8f052f735f -> 
  custom:scripting/monoscript/fileName/CollectionWrapper.cs: 1d692121383b052bc3c42bd312cb03d9 -> 
  custom:audio-encoder-webm-vorbis: bf7c407c2cedff20999df2af8eb42d56 -> 
  custom:scripting/monoscript/fileName/TimeUtil.cs: f1db10614389fe8436f67f4138e33eab -> 
  custom:scripting/monoscript/fileName/MyCollections.cs: 1573b6e8eec6809de8e4f734cd42ac53 -> 
  custom:scripting/monoscript/fileName/PerVertexEffectEditor.cs: 0e08baf525303c472bfaf41752a7f457 -> 
  custom:scripting/monoscript/fileName/MyReflection.cs: 912dd491c7847901aa49939904b2f1dd -> 
========================================================================
Received Prepare
Assembly with name 'Ink-Libraries' already exists (Assets/Ink/InkLibs/Ink-Libraries.asmdef)
Assembly with name 'Ink-Libraries' already exists (Assets/Assets 1/Plugins/Ink/InkLibs/Ink-Libraries.asmdef)
Assembly with name 'Ink-Libraries' already exists (Assets/Ink/InkLibs/Ink-Libraries.asmdef)
Assembly with name 'Ink-Libraries' already exists (Assets/Assets 1/Plugins/Ink/InkLibs/Ink-Libraries.asmdef)
Begin MonoManager ReloadAssembly
Thread 0x30bd93000 may have been prematurely finalized
- Loaded All Assemblies, in  0.586 seconds
Refreshing native plugins compatible for Editor in 1.38 ms, found 2 plugins.
Native extension for WindowsStandalone target not found
Native extension for AppleTV target not found
Native extension for iOS target not found
Native extension for OSXStandalone target not found
Native extension for WebGL target not found
Assembly with name 'Ink-Libraries' already exists (Assets/Ink/InkLibs/Ink-Libraries.asmdef)
Assembly with name 'Ink-Libraries' already exists (Assets/Assets 1/Plugins/Ink/InkLibs/Ink-Libraries.asmdef)
Mono: successfully reloaded assembly
- Finished resetting the current domain, in  0.919 seconds
Domain Reload Profiling: 1506ms
	BeginReloadAssembly (158ms)
		ExecutionOrderSort (0ms)
		DisableScriptedObjects (5ms)
		BackupInstance (0ms)
		ReleaseScriptingObjects (0ms)
		CreateAndSetChildDomain (69ms)
	RebuildCommonClasses (47ms)
	RebuildNativeTypeToScriptingClass (16ms)
	initialDomainReloadingComplete (29ms)
	LoadAllAssembliesAndSetupDomain (336ms)
		LoadAssemblies (338ms)
		RebuildTransferFunctionScriptingTraits (0ms)
		AnalyzeDomain (48ms)
			TypeCache.Refresh (27ms)
				TypeCache.ScanAssembly (2ms)
			ScanForSourceGeneratedMonoScriptInfo (11ms)
			ResolveRequiredComponents (8ms)
	FinalizeReload (919ms)
		ReleaseScriptCaches (0ms)
		RebuildScriptCaches (0ms)
		SetupLoadedEditorAssemblies (406ms)
			LogAssemblyErrors (0ms)
			InitializePlatformSupportModulesInManaged (23ms)
			SetLoadedEditorAssemblies (4ms)
			RefreshPlugins (0ms)
			BeforeProcessingInitializeOnLoad (82ms)
			ProcessInitializeOnLoadAttributes (271ms)
			ProcessInitializeOnLoadMethodAttributes (24ms)
			AfterProcessingInitializeOnLoad (1ms)
			EditorAssembliesLoaded (0ms)
		ExecutionOrderSort2 (0ms)
		AwakeInstancesAfterBackupRestoration (3ms)
Refreshing native plugins compatible for Editor in 1.18 ms, found 2 plugins.
Preloading 0 native plugins for Editor in 0.00 ms.
Unloading 3388 Unused Serialized files (Serialized files now loaded: 0)
Unloading 44 unused Assets / (43.1 KB). Loaded Objects now: 4099.
Memory consumption went from 0.69 GB to 0.69 GB.
Total: 3.293125 ms (FindLiveObjects: 0.175417 ms CreateObjectMapping: 0.066958 ms MarkObjects: 2.968417 ms  DeleteObjects: 0.081417 ms)

Prepare: number of updated asset objects reloaded= 0
AssetImportParameters requested are different than current active one (requested -> active):
  custom:scripting/monoscript/fileName/GlobalTextEffectEntry.cs: c33c6024380cd43b3456fe6aea6f41ce -> 
  custom:scripting/monoscript/fileName/FoldBoxAttribute.cs: 66ff91a3485d06d36b8511fad6212f92 -> 
  custom:container-demuxer-ogg: 62fdf1f143b41e24485cea50d1cbac27 -> 
  custom:scripting/monoscript/fileName/MyDebug.cs: f3faef2d00c537158ab87ca513b25292 -> 
  custom:scripting/monoscript/fileName/MinMax.cs: 1c24b444ecff0bdeaf87d2edcb9d5029 -> 
  custom:scripting/monoscript/fileName/EditorDocumentation.cs: 934fb06e6a0b5b2798793a45828d3d5f -> 
  custom:scripting/monoscript/fileName/Effect_PerVertex.cs: 3f70f7fc3d4f9bfb1e10cd5e53684ee7 -> 
  custom:video-decoder-ogg-theora: a1e56fd34408186e4bbccfd4996cb3dc -> 
  custom:scripting/monoscript/fileName/MySerializedProperty.cs: 782cc9e912ef11023f0b93b5cae175e2 -> 
  custom:scripting/monoscript/fileName/CompositeEffectEditor.cs: 271d2f481fc4dff6734c055f2943e5d2 -> 
  custom:scripting/monoscript/fileName/TextEffect_Base.cs: 1b9a39eb3f7eb4d420cb56ed888ca97e -> 
  custom:scripting/monoscript/fileName/Effect_Scale.cs: 24350027199be1e1c520c27be9f8fbb9 -> 
  custom:scripting/monoscript/fileName/Effect_Color.cs: f5bc93c86b81ba37fa611632e3ecfb7f -> 
  custom:scripting/monoscript/fileName/Effect_Composite.cs: f3f7d32be82537fa78159e8943c1f1a7 -> 
  custom:CustomObjectIndexerAttribute: 756ad292c208cfabdd7b50bc23989ffe -> 
  custom:scripting/monoscript/fileName/TextEffectInstance.cs: 8d710191666e5c8cce9c6d33f66fafeb -> 
  custom:container-demuxer-webm: 4f35f7cbe854078d1ac9338744f61a02 -> 
  custom:scripting/monoscript/fileName/ButtonMethodAttribute.cs: cf389342635f998ab935cfcb5ae933df -> 
  custom:scripting/monoscript/fileName/ToggleDocAttribute.cs: d3c69a3f433376abbde86a297f4193a9 -> 
  custom:scripting/monoscript/fileName/MyHandles.cs: cc579ce2a9f371e54e4420275e0ac078 -> 
  custom:scripting/monoscript/fileName/ConditionalUtility.cs: 1205d2bd05e1eefe510065c234dd0f0e -> 
  custom:scripting/monoscript/fileName/MyCommonConstants.cs: afab7efaf9564dc9a7324c32dd196775 -> 
  custom:scripting/monoscript/fileName/CustomDrawerUtility.cs: 4fd84f09df56fbc0319d9bd7f922e98c -> 
  custom:container-muxer-webm: aa71ff27fc2769a1b78a27578f13a17b -> 
  custom:video-decoder-webm-vp8: 9c59270c3fd7afecdb556c50c9e8de78 -> 
  custom:SearchIndexIgnoredProperties: e643bd26f0fe6173181afceb89e7c659 -> 
  custom:AudioImporter_EditorPlatform: 3918e3fc78b5a79bad01e8451be0beb8 -> 
  custom:scripting/monoscript/fileName/ToggleDocAttributeDrawer.cs: e106f856849e4750d3809a4f241b1be2 -> 
  custom:scripting/monoscript/fileName/TextEffectEditor.cs: d3d8a1e5c2004b60d32f761eb093cf1b -> 
  custom:scripting/monoscript/fileName/MyColor.cs: 11671538b011fd3f337af43bc02e0c13 -> 
  custom:scripting/monoscript/fileName/AttributeBase.cs: d4cbb11724ea712d431b5cd07124907e -> 
  custom:scripting/monoscript/fileName/FoldBoxAttributeDrawer.cs: 7cddfc9687649703e6a68527865794bc -> 
  custom:scripting/monoscript/fileName/ConditionalFieldAttribute.cs: e6d9fd24956977713db9ec59b2642d84 -> 
  custom:scripting/monoscript/fileName/Effect_Move.cs: ef5516b861ddd6742709a32c4d74ed0d -> 
  custom:framework-osx-AVFoundation: e770b220cccbd017edd2c1fefb359320 -> 
  custom:scripting/monoscript/fileName/MyAlgorithms.cs: af94dca5879ebeadb102964fe2ba4c2c -> 
  custom:scripting/monoscript/fileName/TagEffectsPreset.cs: 7660331b4e5025a0b81c1733075d5b78 -> 
  custom:scripting/monoscript/fileName/Effect_Rotate.cs: ffdcc32648b4f2ece65aebb867cbbb0e -> 
  custom:video-encoder-webm-vp8: eb34c28f22e8b96e1ab97ce403110664 -> 
  custom:audio-decoder-ogg-vorbis: bf7c407c2cedff20999df2af8eb42d56 -> 
  custom:scripting/monoscript/fileName/WarningsPool.cs: fe4fa1866c40657be6a51b3604c9b41a -> 
  custom:scripting/monoscript/fileName/MyString.cs: 37ddb2560db549b377c16ed27598cb79 -> 
  custom:scripting/monoscript/fileName/TextEffectStatus.cs: 0d9a417212ada6670935a5511afc12b9 -> 
  custom:scripting/monoscript/fileName/TextEffect.cs: b3399054379a13f493415819f2b26d02 -> 
  custom:scripting/monoscript/fileName/MinMaxRangeAttribute.cs: 290170215b5b7bdd3fb5340a79339fb0 -> 
  custom:scripting/monoscript/fileName/AttributeBaseDrawer.cs: 26c86ce1d32ef473ff54fac3b3f34384 -> 
  custom:scripting/monoscript/fileName/ConditionalData.cs: 31d8359f80de1f6456e27c8f052f735f -> 
  custom:scripting/monoscript/fileName/CollectionWrapper.cs: 1d692121383b052bc3c42bd312cb03d9 -> 
  custom:audio-encoder-webm-vorbis: bf7c407c2cedff20999df2af8eb42d56 -> 
  custom:scripting/monoscript/fileName/TimeUtil.cs: f1db10614389fe8436f67f4138e33eab -> 
  custom:scripting/monoscript/fileName/MyCollections.cs: 1573b6e8eec6809de8e4f734cd42ac53 -> 
  custom:scripting/monoscript/fileName/PerVertexEffectEditor.cs: 0e08baf525303c472bfaf41752a7f457 -> 
  custom:scripting/monoscript/fileName/MyReflection.cs: 912dd491c7847901aa49939904b2f1dd -> 
========================================================================
Received Prepare
Assembly with name 'Ink-Libraries' already exists (Assets/Ink/InkLibs/Ink-Libraries.asmdef)
Assembly with name 'Ink-Libraries' already exists (Assets/Assets 1/Plugins/Ink/InkLibs/Ink-Libraries.asmdef)
Assembly with name 'Ink-Libraries' already exists (Assets/Ink/InkLibs/Ink-Libraries.asmdef)
Assembly with name 'Ink-Libraries' already exists (Assets/Assets 1/Plugins/Ink/InkLibs/Ink-Libraries.asmdef)
Begin MonoManager ReloadAssembly
Thread 0x16e313000 may have been prematurely finalized
- Loaded All Assemblies, in  0.932 seconds
Refreshing native plugins compatible for Editor in 1.63 ms, found 2 plugins.
Native extension for WindowsStandalone target not found
Native extension for AppleTV target not found
Native extension for iOS target not found
Native extension for OSXStandalone target not found
Native extension for WebGL target not found
Assembly with name 'Ink-Libraries' already exists (Assets/Ink/InkLibs/Ink-Libraries.asmdef)
Assembly with name 'Ink-Libraries' already exists (Assets/Assets 1/Plugins/Ink/InkLibs/Ink-Libraries.asmdef)
Mono: successfully reloaded assembly
- Finished resetting the current domain, in  1.227 seconds
Domain Reload Profiling: 2160ms
	BeginReloadAssembly (347ms)
		ExecutionOrderSort (0ms)
		DisableScriptedObjects (19ms)
		BackupInstance (0ms)
		ReleaseScriptingObjects (0ms)
		CreateAndSetChildDomain (140ms)
	RebuildCommonClasses (65ms)
	RebuildNativeTypeToScriptingClass (16ms)
	initialDomainReloadingComplete (32ms)
	LoadAllAssembliesAndSetupDomain (472ms)
		LoadAssemblies (569ms)
		RebuildTransferFunctionScriptingTraits (0ms)
		AnalyzeDomain (33ms)
			TypeCache.Refresh (20ms)
				TypeCache.ScanAssembly (0ms)
			ScanForSourceGeneratedMonoScriptInfo (0ms)
			ResolveRequiredComponents (11ms)
	FinalizeReload (1228ms)
		ReleaseScriptCaches (0ms)
		RebuildScriptCaches (0ms)
		SetupLoadedEditorAssemblies (640ms)
			LogAssemblyErrors (0ms)
			InitializePlatformSupportModulesInManaged (148ms)
			SetLoadedEditorAssemblies (8ms)
			RefreshPlugins (0ms)
			BeforeProcessingInitializeOnLoad (160ms)
			ProcessInitializeOnLoadAttributes (296ms)
			ProcessInitializeOnLoadMethodAttributes (26ms)
			AfterProcessingInitializeOnLoad (1ms)
			EditorAssembliesLoaded (0ms)
		ExecutionOrderSort2 (0ms)
		AwakeInstancesAfterBackupRestoration (5ms)
Refreshing native plugins compatible for Editor in 2.54 ms, found 2 plugins.
Preloading 0 native plugins for Editor in 0.00 ms.
Unloading 3388 Unused Serialized files (Serialized files now loaded: 0)
Unloading 44 unused Assets / (43.1 KB). Loaded Objects now: 4102.
Memory consumption went from 0.70 GB to 0.70 GB.
Total: 7.977916 ms (FindLiveObjects: 0.313833 ms CreateObjectMapping: 0.155625 ms MarkObjects: 7.342583 ms  DeleteObjects: 0.164375 ms)

Prepare: number of updated asset objects reloaded= 0
AssetImportParameters requested are different than current active one (requested -> active):
  custom:scripting/monoscript/fileName/GlobalTextEffectEntry.cs: c33c6024380cd43b3456fe6aea6f41ce -> 
  custom:scripting/monoscript/fileName/FoldBoxAttribute.cs: 66ff91a3485d06d36b8511fad6212f92 -> 
  custom:container-demuxer-ogg: 62fdf1f143b41e24485cea50d1cbac27 -> 
  custom:scripting/monoscript/fileName/MyDebug.cs: f3faef2d00c537158ab87ca513b25292 -> 
  custom:scripting/monoscript/fileName/MinMax.cs: 1c24b444ecff0bdeaf87d2edcb9d5029 -> 
  custom:scripting/monoscript/fileName/EditorDocumentation.cs: 934fb06e6a0b5b2798793a45828d3d5f -> 
  custom:scripting/monoscript/fileName/Effect_PerVertex.cs: 3f70f7fc3d4f9bfb1e10cd5e53684ee7 -> 
  custom:video-decoder-ogg-theora: a1e56fd34408186e4bbccfd4996cb3dc -> 
  custom:scripting/monoscript/fileName/MySerializedProperty.cs: 782cc9e912ef11023f0b93b5cae175e2 -> 
  custom:scripting/monoscript/fileName/CompositeEffectEditor.cs: 271d2f481fc4dff6734c055f2943e5d2 -> 
  custom:scripting/monoscript/fileName/TextEffect_Base.cs: 1b9a39eb3f7eb4d420cb56ed888ca97e -> 
  custom:scripting/monoscript/fileName/Effect_Scale.cs: 24350027199be1e1c520c27be9f8fbb9 -> 
  custom:scripting/monoscript/fileName/Effect_Color.cs: f5bc93c86b81ba37fa611632e3ecfb7f -> 
  custom:scripting/monoscript/fileName/Effect_Composite.cs: f3f7d32be82537fa78159e8943c1f1a7 -> 
  custom:CustomObjectIndexerAttribute: 756ad292c208cfabdd7b50bc23989ffe -> 
  custom:scripting/monoscript/fileName/TextEffectInstance.cs: 8d710191666e5c8cce9c6d33f66fafeb -> 
  custom:container-demuxer-webm: 4f35f7cbe854078d1ac9338744f61a02 -> 
  custom:scripting/monoscript/fileName/ButtonMethodAttribute.cs: cf389342635f998ab935cfcb5ae933df -> 
  custom:scripting/monoscript/fileName/ToggleDocAttribute.cs: d3c69a3f433376abbde86a297f4193a9 -> 
  custom:scripting/monoscript/fileName/MyHandles.cs: cc579ce2a9f371e54e4420275e0ac078 -> 
  custom:scripting/monoscript/fileName/ConditionalUtility.cs: 1205d2bd05e1eefe510065c234dd0f0e -> 
  custom:scripting/monoscript/fileName/MyCommonConstants.cs: afab7efaf9564dc9a7324c32dd196775 -> 
  custom:scripting/monoscript/fileName/CustomDrawerUtility.cs: 4fd84f09df56fbc0319d9bd7f922e98c -> 
  custom:container-muxer-webm: aa71ff27fc2769a1b78a27578f13a17b -> 
  custom:video-decoder-webm-vp8: 9c59270c3fd7afecdb556c50c9e8de78 -> 
  custom:SearchIndexIgnoredProperties: e643bd26f0fe6173181afceb89e7c659 -> 
  custom:AudioImporter_EditorPlatform: 3918e3fc78b5a79bad01e8451be0beb8 -> 
  custom:scripting/monoscript/fileName/ToggleDocAttributeDrawer.cs: e106f856849e4750d3809a4f241b1be2 -> 
  custom:scripting/monoscript/fileName/TextEffectEditor.cs: d3d8a1e5c2004b60d32f761eb093cf1b -> 
  custom:scripting/monoscript/fileName/MyColor.cs: 11671538b011fd3f337af43bc02e0c13 -> 
  custom:scripting/monoscript/fileName/AttributeBase.cs: d4cbb11724ea712d431b5cd07124907e -> 
  custom:scripting/monoscript/fileName/FoldBoxAttributeDrawer.cs: 7cddfc9687649703e6a68527865794bc -> 
  custom:scripting/monoscript/fileName/ConditionalFieldAttribute.cs: e6d9fd24956977713db9ec59b2642d84 -> 
  custom:scripting/monoscript/fileName/Effect_Move.cs: ef5516b861ddd6742709a32c4d74ed0d -> 
  custom:framework-osx-AVFoundation: e770b220cccbd017edd2c1fefb359320 -> 
  custom:scripting/monoscript/fileName/MyAlgorithms.cs: af94dca5879ebeadb102964fe2ba4c2c -> 
  custom:scripting/monoscript/fileName/TagEffectsPreset.cs: 7660331b4e5025a0b81c1733075d5b78 -> 
  custom:scripting/monoscript/fileName/Effect_Rotate.cs: ffdcc32648b4f2ece65aebb867cbbb0e -> 
  custom:video-encoder-webm-vp8: eb34c28f22e8b96e1ab97ce403110664 -> 
  custom:audio-decoder-ogg-vorbis: bf7c407c2cedff20999df2af8eb42d56 -> 
  custom:scripting/monoscript/fileName/WarningsPool.cs: fe4fa1866c40657be6a51b3604c9b41a -> 
  custom:scripting/monoscript/fileName/MyString.cs: 37ddb2560db549b377c16ed27598cb79 -> 
  custom:scripting/monoscript/fileName/TextEffectStatus.cs: 0d9a417212ada6670935a5511afc12b9 -> 
  custom:scripting/monoscript/fileName/TextEffect.cs: b3399054379a13f493415819f2b26d02 -> 
  custom:scripting/monoscript/fileName/MinMaxRangeAttribute.cs: 290170215b5b7bdd3fb5340a79339fb0 -> 
  custom:scripting/monoscript/fileName/AttributeBaseDrawer.cs: 26c86ce1d32ef473ff54fac3b3f34384 -> 
  custom:scripting/monoscript/fileName/ConditionalData.cs: 31d8359f80de1f6456e27c8f052f735f -> 
  custom:scripting/monoscript/fileName/CollectionWrapper.cs: 1d692121383b052bc3c42bd312cb03d9 -> 
  custom:audio-encoder-webm-vorbis: bf7c407c2cedff20999df2af8eb42d56 -> 
  custom:scripting/monoscript/fileName/TimeUtil.cs: f1db10614389fe8436f67f4138e33eab -> 
  custom:scripting/monoscript/fileName/MyCollections.cs: 1573b6e8eec6809de8e4f734cd42ac53 -> 
  custom:scripting/monoscript/fileName/PerVertexEffectEditor.cs: 0e08baf525303c472bfaf41752a7f457 -> 
  custom:scripting/monoscript/fileName/MyReflection.cs: 912dd491c7847901aa49939904b2f1dd -> 
========================================================================
Received Prepare
Assembly with name 'Ink-Libraries' already exists (Assets/Ink/InkLibs/Ink-Libraries.asmdef)
Assembly with name 'Ink-Libraries' already exists (Assets/Assets 1/Plugins/Ink/InkLibs/Ink-Libraries.asmdef)
Assembly with name 'Ink-Libraries' already exists (Assets/Ink/InkLibs/Ink-Libraries.asmdef)
Assembly with name 'Ink-Libraries' already exists (Assets/Assets 1/Plugins/Ink/InkLibs/Ink-Libraries.asmdef)
Begin MonoManager ReloadAssembly
Thread 0x30bd93000 may have been prematurely finalized
- Loaded All Assemblies, in  0.615 seconds
Refreshing native plugins compatible for Editor in 1.17 ms, found 2 plugins.
Native extension for WindowsStandalone target not found
Native extension for AppleTV target not found
Native extension for iOS target not found
Native extension for OSXStandalone target not found
Native extension for WebGL target not found
Assembly with name 'Ink-Libraries' already exists (Assets/Ink/InkLibs/Ink-Libraries.asmdef)
Assembly with name 'Ink-Libraries' already exists (Assets/Assets 1/Plugins/Ink/InkLibs/Ink-Libraries.asmdef)
Mono: successfully reloaded assembly
- Finished resetting the current domain, in  1.860 seconds
Domain Reload Profiling: 2486ms
	BeginReloadAssembly (195ms)
		ExecutionOrderSort (0ms)
		DisableScriptedObjects (6ms)
		BackupInstance (0ms)
		ReleaseScriptingObjects (0ms)
		CreateAndSetChildDomain (82ms)
	RebuildCommonClasses (49ms)
	RebuildNativeTypeToScriptingClass (15ms)
	initialDomainReloadingComplete (32ms)
	LoadAllAssembliesAndSetupDomain (323ms)
		LoadAssemblies (350ms)
		RebuildTransferFunctionScriptingTraits (0ms)
		AnalyzeDomain (34ms)
			TypeCache.Refresh (17ms)
				TypeCache.ScanAssembly (1ms)
			ScanForSourceGeneratedMonoScriptInfo (9ms)
			ResolveRequiredComponents (6ms)
	FinalizeReload (1872ms)
		ReleaseScriptCaches (0ms)
		RebuildScriptCaches (0ms)
		SetupLoadedEditorAssemblies (1167ms)
			LogAssemblyErrors (0ms)
			InitializePlatformSupportModulesInManaged (229ms)
			SetLoadedEditorAssemblies (7ms)
			RefreshPlugins (0ms)
			BeforeProcessingInitializeOnLoad (117ms)
			ProcessInitializeOnLoadAttributes (764ms)
			ProcessInitializeOnLoadMethodAttributes (46ms)
			AfterProcessingInitializeOnLoad (3ms)
			EditorAssembliesLoaded (1ms)
		ExecutionOrderSort2 (0ms)
		AwakeInstancesAfterBackupRestoration (11ms)
Refreshing native plugins compatible for Editor in 1.19 ms, found 2 plugins.
Preloading 0 native plugins for Editor in 0.00 ms.
Unloading 3388 Unused Serialized files (Serialized files now loaded: 0)
Unloading 44 unused Assets / (43.0 KB). Loaded Objects now: 4105.
Memory consumption went from 0.70 GB to 0.70 GB.
Total: 10.862542 ms (FindLiveObjects: 0.288208 ms CreateObjectMapping: 0.089333 ms MarkObjects: 10.228334 ms  DeleteObjects: 0.254792 ms)

Prepare: number of updated asset objects reloaded= 0
AssetImportParameters requested are different than current active one (requested -> active):
  custom:scripting/monoscript/fileName/GlobalTextEffectEntry.cs: c33c6024380cd43b3456fe6aea6f41ce -> 
  custom:scripting/monoscript/fileName/FoldBoxAttribute.cs: 66ff91a3485d06d36b8511fad6212f92 -> 
  custom:container-demuxer-ogg: 62fdf1f143b41e24485cea50d1cbac27 -> 
  custom:scripting/monoscript/fileName/MyDebug.cs: f3faef2d00c537158ab87ca513b25292 -> 
  custom:scripting/monoscript/fileName/MinMax.cs: 1c24b444ecff0bdeaf87d2edcb9d5029 -> 
  custom:scripting/monoscript/fileName/EditorDocumentation.cs: 934fb06e6a0b5b2798793a45828d3d5f -> 
  custom:scripting/monoscript/fileName/Effect_PerVertex.cs: 3f70f7fc3d4f9bfb1e10cd5e53684ee7 -> 
  custom:video-decoder-ogg-theora: a1e56fd34408186e4bbccfd4996cb3dc -> 
  custom:scripting/monoscript/fileName/MySerializedProperty.cs: 782cc9e912ef11023f0b93b5cae175e2 -> 
  custom:scripting/monoscript/fileName/CompositeEffectEditor.cs: 271d2f481fc4dff6734c055f2943e5d2 -> 
  custom:scripting/monoscript/fileName/TextEffect_Base.cs: 1b9a39eb3f7eb4d420cb56ed888ca97e -> 
  custom:scripting/monoscript/fileName/Effect_Scale.cs: 24350027199be1e1c520c27be9f8fbb9 -> 
  custom:scripting/monoscript/fileName/Effect_Color.cs: f5bc93c86b81ba37fa611632e3ecfb7f -> 
  custom:scripting/monoscript/fileName/Effect_Composite.cs: f3f7d32be82537fa78159e8943c1f1a7 -> 
  custom:CustomObjectIndexerAttribute: 756ad292c208cfabdd7b50bc23989ffe -> 
  custom:scripting/monoscript/fileName/TextEffectInstance.cs: 8d710191666e5c8cce9c6d33f66fafeb -> 
  custom:container-demuxer-webm: 4f35f7cbe854078d1ac9338744f61a02 -> 
  custom:scripting/monoscript/fileName/ButtonMethodAttribute.cs: cf389342635f998ab935cfcb5ae933df -> 
  custom:scripting/monoscript/fileName/ToggleDocAttribute.cs: d3c69a3f433376abbde86a297f4193a9 -> 
  custom:scripting/monoscript/fileName/MyHandles.cs: cc579ce2a9f371e54e4420275e0ac078 -> 
  custom:scripting/monoscript/fileName/ConditionalUtility.cs: 1205d2bd05e1eefe510065c234dd0f0e -> 
  custom:scripting/monoscript/fileName/MyCommonConstants.cs: afab7efaf9564dc9a7324c32dd196775 -> 
  custom:scripting/monoscript/fileName/CustomDrawerUtility.cs: 4fd84f09df56fbc0319d9bd7f922e98c -> 
  custom:container-muxer-webm: aa71ff27fc2769a1b78a27578f13a17b -> 
  custom:video-decoder-webm-vp8: 9c59270c3fd7afecdb556c50c9e8de78 -> 
  custom:SearchIndexIgnoredProperties: e643bd26f0fe6173181afceb89e7c659 -> 
  custom:AudioImporter_EditorPlatform: 3918e3fc78b5a79bad01e8451be0beb8 -> 
  custom:scripting/monoscript/fileName/ToggleDocAttributeDrawer.cs: e106f856849e4750d3809a4f241b1be2 -> 
  custom:scripting/monoscript/fileName/TextEffectEditor.cs: d3d8a1e5c2004b60d32f761eb093cf1b -> 
  custom:scripting/monoscript/fileName/MyColor.cs: 11671538b011fd3f337af43bc02e0c13 -> 
  custom:scripting/monoscript/fileName/AttributeBase.cs: d4cbb11724ea712d431b5cd07124907e -> 
  custom:scripting/monoscript/fileName/FoldBoxAttributeDrawer.cs: 7cddfc9687649703e6a68527865794bc -> 
  custom:scripting/monoscript/fileName/ConditionalFieldAttribute.cs: e6d9fd24956977713db9ec59b2642d84 -> 
  custom:scripting/monoscript/fileName/Effect_Move.cs: ef5516b861ddd6742709a32c4d74ed0d -> 
  custom:framework-osx-AVFoundation: e770b220cccbd017edd2c1fefb359320 -> 
  custom:scripting/monoscript/fileName/MyAlgorithms.cs: af94dca5879ebeadb102964fe2ba4c2c -> 
  custom:scripting/monoscript/fileName/TagEffectsPreset.cs: 7660331b4e5025a0b81c1733075d5b78 -> 
  custom:scripting/monoscript/fileName/Effect_Rotate.cs: ffdcc32648b4f2ece65aebb867cbbb0e -> 
  custom:video-encoder-webm-vp8: eb34c28f22e8b96e1ab97ce403110664 -> 
  custom:audio-decoder-ogg-vorbis: bf7c407c2cedff20999df2af8eb42d56 -> 
  custom:scripting/monoscript/fileName/WarningsPool.cs: fe4fa1866c40657be6a51b3604c9b41a -> 
  custom:scripting/monoscript/fileName/MyString.cs: 37ddb2560db549b377c16ed27598cb79 -> 
  custom:scripting/monoscript/fileName/TextEffectStatus.cs: 0d9a417212ada6670935a5511afc12b9 -> 
  custom:scripting/monoscript/fileName/TextEffect.cs: b3399054379a13f493415819f2b26d02 -> 
  custom:scripting/monoscript/fileName/MinMaxRangeAttribute.cs: 290170215b5b7bdd3fb5340a79339fb0 -> 
  custom:scripting/monoscript/fileName/AttributeBaseDrawer.cs: 26c86ce1d32ef473ff54fac3b3f34384 -> 
  custom:scripting/monoscript/fileName/ConditionalData.cs: 31d8359f80de1f6456e27c8f052f735f -> 
  custom:scripting/monoscript/fileName/CollectionWrapper.cs: 1d692121383b052bc3c42bd312cb03d9 -> 
  custom:audio-encoder-webm-vorbis: bf7c407c2cedff20999df2af8eb42d56 -> 
  custom:scripting/monoscript/fileName/TimeUtil.cs: f1db10614389fe8436f67f4138e33eab -> 
  custom:scripting/monoscript/fileName/MyCollections.cs: 1573b6e8eec6809de8e4f734cd42ac53 -> 
  custom:scripting/monoscript/fileName/PerVertexEffectEditor.cs: 0e08baf525303c472bfaf41752a7f457 -> 
  custom:scripting/monoscript/fileName/MyReflection.cs: 912dd491c7847901aa49939904b2f1dd -> 
[usbmuxd] Attached: 48 00008030-0011389811BB802E
[usbmuxd] Detached: 48 00008030-0011389811BB802E
